
> my-project@0.1.0 dev
> next dev

▲ Next.js 16.3.0 (Turbopack)
- Local:         http://localhost:3000
- Network:       http://172.16.45.217:3000
- Environments: .env.local
✓ Ready in 1716ms
✓ Running next.config.mjs took 31ms

Failed to set fetch cache https://200.141.14.212.nip.io/api/public/products/bf76f347-2a8a-40a5-ac79-8b2d0b70f227 TypeError: terminated
    at ignore-listed frames {
  [cause]: Error: read ECONNRESET
      at ignore-listed frames {
    errno: -4077,
    code: 'ECONNRESET',
    syscall: 'read'
  }
}
TypeError: terminated
    at ignore-listed frames {
  [cause]: Error: read ECONNRESET
      at ignore-listed frames {
    errno: -4077,
    code: 'ECONNRESET',
    syscall: 'read'
  }
}
 GET /shop 200 in 5.0min (next.js: 483ms, application-code: 5.0min)
 GET /shop?brand=poco 200 in 10.7s (next.js: 39ms, application-code: 10.7s)
Failed to set fetch cache https://200.141.14.212.nip.io/api/public/products/a0a68f47-13b8-4766-9168-01c9ea4a40f0 TypeError: terminated
    at ignore-listed frames {
  [cause]: Error: read ECONNRESET
      at ignore-listed frames {
    errno: -4077,
    code: 'ECONNRESET',
    syscall: 'read'
  }
}
 GET /shop?brand=POCO 200 in 5.0min (next.js: 16ms, application-code: 5.0min)
TypeError: fetch failed
    at ignore-listed frames {
  [cause]: Error [ConnectTimeoutError]: Connect Timeout Error (attempted address: 200.141.14.212.nip.io:443, timeout: 10000ms)
      at ignore-listed frames {
    code: 'UND_ERR_CONNECT_TIMEOUT'
  }
}
TypeError: fetch failed
    at ignore-listed frames {
  [cause]: Error [ConnectTimeoutError]: Connect Timeout Error (attempted address: 200.141.14.212.nip.io:443, timeout: 10000ms)
      at ignore-listed frames {
    code: 'UND_ERR_CONNECT_TIMEOUT'
  }
}
Failed to set fetch cache https://200.141.14.212.nip.io/api/public/products?page=0&size=100 TypeError: terminated
    at ignore-listed frames {
  [cause]: Error: read ECONNRESET
      at ignore-listed frames {
    errno: -4077,
    code: 'ECONNRESET',
    syscall: 'read'
  }
}
 GET /shop?brand=realme 200 in 2.8min (next.js: 84ms, application-code: 2.8min)
TypeError: fetch failed
    at ignore-listed frames {
  [cause]: Error [ConnectTimeoutError]: Connect Timeout Error (attempted address: 200.141.14.212.nip.io:443, timeout: 10000ms)
      at ignore-listed frames {
    code: 'UND_ERR_CONNECT_TIMEOUT'
  }
}
TypeError: fetch failed
    at ignore-listed frames {
  [cause]: Error [ConnectTimeoutError]: Connect Timeout Error (attempted address: 200.141.14.212.nip.io:443, timeout: 10000ms)
      at ignore-listed frames {
    code: 'UND_ERR_CONNECT_TIMEOUT'
  }
}
TypeError: fetch failed
    at ignore-listed frames {
  [cause]: Error [ConnectTimeoutError]: Connect Timeout Error (attempted address: 200.141.14.212.nip.io:443, timeout: 10000ms)
      at ignore-listed frames {
    code: 'UND_ERR_CONNECT_TIMEOUT'
  }
}
TypeError: fetch failed
    at ignore-listed frames {
  [cause]: Error [ConnectTimeoutError]: Connect Timeout Error (attempted address: 200.141.14.212.nip.io:443, timeout: 10000ms)
      at ignore-listed frames {
    code: 'UND_ERR_CONNECT_TIMEOUT'
  }
}
TypeError: fetch failed
    at ignore-listed frames {
  [cause]: Error [ConnectTimeoutError]: Connect Timeout Error (attempted address: 200.141.14.212.nip.io:443, timeout: 10000ms)
      at ignore-listed frames {
    code: 'UND_ERR_CONNECT_TIMEOUT'
  }
}
TypeError: fetch failed
    at ignore-listed frames {
  [cause]: Error [ConnectTimeoutError]: Connect Timeout Error (attempted address: 200.141.14.212.nip.io:443, timeout: 10000ms)
      at ignore-listed frames {
    code: 'UND_ERR_CONNECT_TIMEOUT'
  }
}
TypeError: fetch failed
    at ignore-listed frames {
  [cause]: Error [ConnectTimeoutError]: Connect Timeout Error (attempted address: 200.141.14.212.nip.io:443, timeout: 10000ms)
      at ignore-listed frames {
    code: 'UND_ERR_CONNECT_TIMEOUT'
  }
}
TypeError: fetch failed
    at ignore-listed frames {
  [cause]: Error [ConnectTimeoutError]: Connect Timeout Error (attempted address: 200.141.14.212.nip.io:443, timeout: 10000ms)
      at ignore-listed frames {
    code: 'UND_ERR_CONNECT_TIMEOUT'
  }
}
TypeError: fetch failed
    at ignore-listed frames {
  [cause]: Error [ConnectTimeoutError]: Connect Timeout Error (attempted address: 200.141.14.212.nip.io:443, timeout: 10000ms)
      at ignore-listed frames {
    code: 'UND_ERR_CONNECT_TIMEOUT'
  }
}
TypeError: fetch failed
    at ignore-listed frames {
  [cause]: Error [ConnectTimeoutError]: Connect Timeout Error (attempted address: 200.141.14.212.nip.io:443, timeout: 10000ms)
      at ignore-listed frames {
    code: 'UND_ERR_CONNECT_TIMEOUT'
  }
}
TypeError: fetch failed
    at ignore-listed frames {
  [cause]: Error [ConnectTimeoutError]: Connect Timeout Error (attempted address: 200.141.14.212.nip.io:443, timeout: 10000ms)
      at ignore-listed frames {
    code: 'UND_ERR_CONNECT_TIMEOUT'
  }
}
TypeError: fetch failed
    at ignore-listed frames {
  [cause]: Error [ConnectTimeoutError]: Connect Timeout Error (attempted address: 200.141.14.212.nip.io:443, timeout: 10000ms)
      at ignore-listed frames {
    code: 'UND_ERR_CONNECT_TIMEOUT'
  }
}
TypeError: fetch failed
    at ignore-listed frames {
  [cause]: Error [ConnectTimeoutError]: Connect Timeout Error (attempted address: 200.141.14.212.nip.io:443, timeout: 10000ms)
      at ignore-listed frames {
    code: 'UND_ERR_CONNECT_TIMEOUT'
  }
}
TypeError: fetch failed
    at ignore-listed frames {
  [cause]: Error [ConnectTimeoutError]: Connect Timeout Error (attempted address: 200.141.14.212.nip.io:443, timeout: 10000ms)
      at ignore-listed frames {
    code: 'UND_ERR_CONNECT_TIMEOUT'
  }
}
TypeError: fetch failed
    at ignore-listed frames {
  [cause]: Error [ConnectTimeoutError]: Connect Timeout Error (attempted address: 200.141.14.212.nip.io:443, timeout: 10000ms)
      at ignore-listed frames {
    code: 'UND_ERR_CONNECT_TIMEOUT'
  }
}
TypeError: fetch failed
    at ignore-listed frames {
  [cause]: Error [ConnectTimeoutError]: Connect Timeout Error (attempted address: 200.141.14.212.nip.io:443, timeout: 10000ms)
      at ignore-listed frames {
    code: 'UND_ERR_CONNECT_TIMEOUT'
  }
}
TypeError: fetch failed
    at ignore-listed frames {
  [cause]: Error [ConnectTimeoutError]: Connect Timeout Error (attempted address: 200.141.14.212.nip.io:443, timeout: 10000ms)
      at ignore-listed frames {
    code: 'UND_ERR_CONNECT_TIMEOUT'
  }
}
Failed to set fetch cache https://200.141.14.212.nip.io/api/public/products?page=0&size=100 TypeError: terminated
    at ignore-listed frames {
  [cause]: Error: read ECONNRESET
      at ignore-listed frames {
    errno: -4077,
    code: 'ECONNRESET',
    syscall: 'read'
  }
}
Failed to set fetch cache https://200.141.14.212.nip.io/api/public/products/65cea7a9-fca7-4852-af5b-c18a7eba1456 TypeError: terminated
    at ignore-listed frames {
  [cause]: Error [SocketError]: other side closed
      at ignore-listed frames {
    code: 'UND_ERR_SOCKET',
    socket: {
      localAddress: '172.16.45.217',
      localPort: 62025,
      remoteAddress: '200.141.14.212',
      remotePort: 443,
      remoteFamily: 'IPv4',
      timeout: undefined,
      bytesWritten: 236,
      bytesRead: 81920
    }
  }
}
Failed to set fetch cache https://200.141.14.212.nip.io/api/public/products/5d81cf53-cfa3-4e2e-9729-52e992018fe4 TypeError: terminated
    at ignore-listed frames {
  [cause]: Error: read ECONNRESET
      at ignore-listed frames {
    errno: -4077,
    code: 'ECONNRESET',
    syscall: 'read'
  }
}
TypeError: terminated
    at ignore-listed frames {
  [cause]: Error: read ECONNRESET
      at ignore-listed frames {
    errno: -4077,
    code: 'ECONNRESET',
    syscall: 'read'
  }
}
Failed to set fetch cache https://200.141.14.212.nip.io/api/public/products/a8e73fce-33a5-47ba-80f9-f7c1561b379f TypeError: terminated
    at ignore-listed frames {
  [cause]: Error: read ECONNRESET
      at ignore-listed frames {
    errno: -4077,
    code: 'ECONNRESET',
    syscall: 'read'
  }
}
TypeError: terminated
    at ignore-listed frames {
  [cause]: Error: read ECONNRESET
      at ignore-listed frames {
    errno: -4077,
    code: 'ECONNRESET',
    syscall: 'read'
  }
}
 GET /shop?q=5G 200 in 5.0min (next.js: 14ms, application-code: 5.0min)
TypeError: fetch failed
    at ignore-listed frames {
  [cause]: Error [ConnectTimeoutError]: Connect Timeout Error (attempted address: 200.141.14.212.nip.io:443, timeout: 10000ms)
      at ignore-listed frames {
    code: 'UND_ERR_CONNECT_TIMEOUT'
  }
}
TypeError: fetch failed
    at ignore-listed frames {
  [cause]: Error [ConnectTimeoutError]: Connect Timeout Error (attempted address: 200.141.14.212.nip.io:443, timeout: 10000ms)
      at ignore-listed frames {
    code: 'UND_ERR_CONNECT_TIMEOUT'
  }
}
TypeError: fetch failed
    at ignore-listed frames {
  [cause]: Error [ConnectTimeoutError]: Connect Timeout Error (attempted address: 200.141.14.212.nip.io:443, timeout: 10000ms)
      at ignore-listed frames {
    code: 'UND_ERR_CONNECT_TIMEOUT'
  }
}
 GET /shop?brand=samsung 200 in 10.7s (next.js: 27ms, application-code: 10.7s)
Failed to set fetch cache https://200.141.14.212.nip.io/api/public/products/4615e911-c758-4162-ae07-9f07219d7667 TypeError: terminated
    at ignore-listed frames {
  [cause]: Error: read ECONNRESET
      at ignore-listed frames {
    errno: -4077,
    code: 'ECONNRESET',
    syscall: 'read'
  }
}
TypeError: terminated
    at ignore-listed frames {
  [cause]: Error: read ECONNRESET
      at ignore-listed frames {
    errno: -4077,
    code: 'ECONNRESET',
    syscall: 'read'
  }
}
Failed to set fetch cache https://200.141.14.212.nip.io/api/public/products/ad6bde7d-cab1-458e-b116-ceafa3c262c3 TypeError: terminated
    at ignore-listed frames {
  [cause]: Error: read ECONNRESET
      at ignore-listed frames {
    errno: -4077,
    code: 'ECONNRESET',
    syscall: 'read'
  }
}
TypeError: fetch failed
    at ignore-listed frames {
  [cause]: Error [ConnectTimeoutError]: Connect Timeout Error (attempted address: 200.141.14.212.nip.io:443, timeout: 10000ms)
      at ignore-listed frames {
    code: 'UND_ERR_CONNECT_TIMEOUT'
  }
}
 GET /admin/products 200 in 5.8s (next.js: 3.5s, application-code: 2.4s)
Failed to proxy https://200.141.14.212.nip.io/api/public/settings Error: connect ETIMEDOUT 200.141.14.212:443
    at <unknown> (Error: connect ETIMEDOUT 200.141.14.212:443) {
  errno: -4039,
  code: 'ETIMEDOUT',
  syscall: 'connect',
  address: '200.141.14.212',
  port: 443
}
Error: connect ETIMEDOUT 200.141.14.212:443
    at <unknown> (Error: connect ETIMEDOUT 200.141.14.212:443) {
  errno: -4039,
  code: 'ETIMEDOUT',
  syscall: 'connect',
  address: '200.141.14.212',
  port: 443
}
Failed to proxy https://200.141.14.212.nip.io/api/public/categories Error: connect ETIMEDOUT 200.141.14.212:443
    at <unknown> (Error: connect ETIMEDOUT 200.141.14.212:443) {
  errno: -4039,
  code: 'ETIMEDOUT',
  syscall: 'connect',
  address: '200.141.14.212',
  port: 443
}
Error: connect ETIMEDOUT 200.141.14.212:443
    at <unknown> (Error: connect ETIMEDOUT 200.141.14.212:443) {
  errno: -4039,
  code: 'ETIMEDOUT',
  syscall: 'connect',
  address: '200.141.14.212',
  port: 443
}
○ Compiling /_error ...
Failed to proxy https://200.141.14.212.nip.io/api/admin/bulk-enquiry?page=0&size=1&status=PENDING Error: socket hang up
    at ignore-listed frames {
  code: 'ECONNRESET'
}
Error: socket hang up
    at ignore-listed frames {
  code: 'ECONNRESET'
}
Failed to proxy https://200.141.14.212.nip.io/api/user/cart Error: socket hang up
    at ignore-listed frames {
  code: 'ECONNRESET'
}
Error: socket hang up
    at ignore-listed frames {
  code: 'ECONNRESET'
}
Failed to proxy https://200.141.14.212.nip.io/api/public/products?page=0&size=100&sort=createdAt%2Cdesc Error: socket hang up
    at ignore-listed frames {
  code: 'ECONNRESET'
}
Error: socket hang up
    at ignore-listed frames {
  code: 'ECONNRESET'
}
Failed to proxy https://200.141.14.212.nip.io/api/public/brands?page=0&size=100 Error: read ECONNRESET
    at ignore-listed frames {
  errno: -4077,
  code: 'ECONNRESET',
  syscall: 'read'
}
Error: read ECONNRESET
    at ignore-listed frames {
  errno: -4077,
  code: 'ECONNRESET',
  syscall: 'read'
}
Failed to proxy https://200.141.14.212.nip.io/api/public/settings Error: socket hang up
    at ignore-listed frames {
  code: 'ECONNRESET'
}
Error: socket hang up
    at ignore-listed frames {
  code: 'ECONNRESET'
}
Failed to proxy https://200.141.14.212.nip.io/api/public/settings Error: socket hang up
    at ignore-listed frames {
  code: 'ECONNRESET'
}
Error: socket hang up
    at ignore-listed frames {
  code: 'ECONNRESET'
}
Failed to proxy https://200.141.14.212.nip.io/api/admin/bulk-enquiry?page=0&size=1&status=PENDING Error: connect ETIMEDOUT 200.141.14.212:443
    at <unknown> (Error: connect ETIMEDOUT 200.141.14.212:443) {
  errno: -4039,
  code: 'ETIMEDOUT',
  syscall: 'connect',
  address: '200.141.14.212',
  port: 443
}
Error: connect ETIMEDOUT 200.141.14.212:443
    at <unknown> (Error: connect ETIMEDOUT 200.141.14.212:443) {
  errno: -4039,
  code: 'ETIMEDOUT',
  syscall: 'connect',
  address: '200.141.14.212',
  port: 443
}
Failed to proxy https://200.141.14.212.nip.io/api/public/brands?page=0&size=100 Error: socket hang up
    at ignore-listed frames {
  code: 'ECONNRESET'
}
Error: socket hang up
    at ignore-listed frames {
  code: 'ECONNRESET'
}
 GET /admin/products 200 in 370ms (next.js: 151ms, application-code: 219ms)
 GET /admin/products 200 in 200ms (next.js: 61ms, application-code: 139ms)
Failed to proxy https://200.141.14.212.nip.io/api/public/settings Error: connect ETIMEDOUT 200.141.14.212:443
    at <unknown> (Error: connect ETIMEDOUT 200.141.14.212:443) {
  errno: -4039,
  code: 'ETIMEDOUT',
  syscall: 'connect',
  address: '200.141.14.212',
  port: 443
}
Error: connect ETIMEDOUT 200.141.14.212:443
    at <unknown> (Error: connect ETIMEDOUT 200.141.14.212:443) {
  errno: -4039,
  code: 'ETIMEDOUT',
  syscall: 'connect',
  address: '200.141.14.212',
  port: 443
}
Failed to proxy https://200.141.14.212.nip.io/api/user/cart Error: socket hang up
    at ignore-listed frames {
  code: 'ECONNRESET'
}
Error: socket hang up
    at ignore-listed frames {
  code: 'ECONNRESET'
}
Failed to proxy https://200.141.14.212.nip.io/api/user/wishlist?page=0&size=20 Error: socket hang up
    at ignore-listed frames {
  code: 'ECONNRESET'
}
Error: socket hang up
    at ignore-listed frames {
  code: 'ECONNRESET'
}
[browser] API Error fetching bulk inquiries: AxiosError: Request failed with status code 500 (components/theme-provider.tsx:13:5)
[browser] API Error fetching bulk inquiries: AxiosError: Request failed with status code 500 (components/theme-provider.tsx:13:5)
Failed to proxy https://200.141.14.212.nip.io/api/public/products?page=0&size=100&sort=createdAt%2Cdesc Error: socket hang up
    at ignore-listed frames {
  code: 'ECONNRESET'
}
Error: socket hang up
    at ignore-listed frames {
  code: 'ECONNRESET'
}
Failed to proxy https://200.141.14.212.nip.io/api/user/compare Error: read ECONNRESET
    at ignore-listed frames {
  errno: -4077,
  code: 'ECONNRESET',
  syscall: 'read'
}
Error: read ECONNRESET
    at ignore-listed frames {
  errno: -4077,
  code: 'ECONNRESET',
  syscall: 'read'
}
Failed to proxy https://200.141.14.212.nip.io/api/public/products?page=0&size=100&sort=createdAt%2Cdesc Error: connect ETIMEDOUT 200.141.14.212:443
    at <unknown> (Error: connect ETIMEDOUT 200.141.14.212:443) {
  errno: -4039,
  code: 'ETIMEDOUT',
  syscall: 'connect',
  address: '200.141.14.212',
  port: 443
}
Error: connect ETIMEDOUT 200.141.14.212:443
    at <unknown> (Error: connect ETIMEDOUT 200.141.14.212:443) {
  errno: -4039,
  code: 'ETIMEDOUT',
  syscall: 'connect',
  address: '200.141.14.212',
  port: 443
}
Failed to proxy https://200.141.14.212.nip.io/api/user/wishlist?page=0&size=20 Error: socket hang up
    at ignore-listed frames {
  code: 'ECONNRESET'
}
Error: socket hang up
    at ignore-listed frames {
  code: 'ECONNRESET'
}
Failed to proxy https://200.141.14.212.nip.io/api/public/products?page=0&size=100&sort=createdAt%2Cdesc Error: socket hang up
    at ignore-listed frames {
  code: 'ECONNRESET'
}
Error: socket hang up
    at ignore-listed frames {
  code: 'ECONNRESET'
}
Failed to proxy https://200.141.14.212.nip.io/api/user/compare Error: socket hang up
    at ignore-listed frames {
  code: 'ECONNRESET'
}
Error: socket hang up
    at ignore-listed frames {
  code: 'ECONNRESET'
}
 GET /admin/products 200 in 645ms (next.js: 175ms, application-code: 470ms)
 GET /admin/products 200 in 206ms (next.js: 56ms, application-code: 149ms)
✓ Compiled in 2.8s
 GET /admin/products 200 in 808ms (next.js: 409ms, application-code: 399ms)
 GET /admin/products 200 in 1091ms (next.js: 350ms, application-code: 740ms)
 GET /admin/products 200 in 258ms (next.js: 41ms, application-code: 217ms)
 GET /admin/products 200 in 1400ms (next.js: 298ms, application-code: 1102ms)
 GET /admin/products 200 in 303ms (next.js: 57ms, application-code: 245ms)
 GET /admin/products 200 in 265ms (next.js: 50ms, application-code: 216ms)
Failed to proxy https://200.141.14.212.nip.io/api/auth/refresh Error: read ECONNRESET
    at ignore-listed frames {
  errno: -4077,
  code: 'ECONNRESET',
  syscall: 'read'
}
Error: read ECONNRESET
    at ignore-listed frames {
  errno: -4077,
  code: 'ECONNRESET',
  syscall: 'read'
}
Failed to proxy https://200.141.14.212.nip.io/api/admin/bulk-enquiry?page=0&size=1&status=PENDING Error: read ECONNRESET
    at ignore-listed frames {
  errno: -4077,
  code: 'ECONNRESET',
  syscall: 'read'
}
Error: read ECONNRESET
    at ignore-listed frames {
  errno: -4077,
  code: 'ECONNRESET',
  syscall: 'read'
}
[browser] API Error fetching bulk inquiries: AxiosError: Request failed with status code 500
    at async Object.getBulkInquiries (lib/bulkInquiryService.ts:105:19)
  103 |   getBulkInquiries: async (page = 0, size = 20, status?: string): Promise<{ content: BulkInquiryItem[], totalPages: number, totalElements: number }> => {
  104 |     try {
> 105 |       const res = await apiClient.getBulkEnquiries(page, size, status)
      |                   ^
  106 |       return {
  107 |         content: res.data.data.content,
  108 |         totalPages: res.data.data.totalPages, (components/theme-provider.tsx:13:5)
Failed to proxy https://200.141.14.212.nip.io/api/user/wishlist?page=0&size=20 Error: read ECONNRESET
    at ignore-listed frames {
  errno: -4077,
  code: 'ECONNRESET',
  syscall: 'read'
}
Error: read ECONNRESET
    at ignore-listed frames {
  errno: -4077,
  code: 'ECONNRESET',
  syscall: 'read'
}
Failed to proxy https://200.141.14.212.nip.io/api/public/products?page=0&size=100&sort=createdAt%2Cdesc Error: read ECONNRESET
    at ignore-listed frames {
  errno: -4077,
  code: 'ECONNRESET',
  syscall: 'read'
}
Error: read ECONNRESET
    at ignore-listed frames {
  errno: -4077,
  code: 'ECONNRESET',
  syscall: 'read'
}
 GET /admin/login 200 in 1320ms (next.js: 457ms, application-code: 863ms)
 GET /admin/login 200 in 539ms (next.js: 171ms, application-code: 368ms)
 GET /admin/login 200 in 142ms (next.js: 25ms, application-code: 117ms)
Failed to proxy https://200.141.14.212.nip.io/api/public/brands?page=0&size=100 Error: connect ETIMEDOUT 200.141.14.212:443
    at <unknown> (Error: connect ETIMEDOUT 200.141.14.212:443) {
  errno: -4039,
  code: 'ETIMEDOUT',
  syscall: 'connect',
  address: '200.141.14.212',
  port: 443
}
Error: connect ETIMEDOUT 200.141.14.212:443
    at <unknown> (Error: connect ETIMEDOUT 200.141.14.212:443) {
  errno: -4039,
  code: 'ETIMEDOUT',
  syscall: 'connect',
  address: '200.141.14.212',
  port: 443
}
 GET /admin 200 in 552ms (next.js: 426ms, application-code: 126ms)
Failed to proxy https://200.141.14.212.nip.io/api/public/categories Error: socket hang up
    at ignore-listed frames {
  code: 'ECONNRESET'
}
Error: socket hang up
    at ignore-listed frames {
  code: 'ECONNRESET'
}
Failed to proxy https://200.141.14.212.nip.io/api/public/settings Error: socket hang up
    at ignore-listed frames {
  code: 'ECONNRESET'
}
Error: socket hang up
    at ignore-listed frames {
  code: 'ECONNRESET'
}
Failed to proxy https://200.141.14.212.nip.io/api/public/settings Error: socket hang up
    at ignore-listed frames {
  code: 'ECONNRESET'
}
Error: socket hang up
    at ignore-listed frames {
  code: 'ECONNRESET'
}
Failed to proxy https://200.141.14.212.nip.io/api/public/categories Error: socket hang up
    at ignore-listed frames {
  code: 'ECONNRESET'
}
Error: socket hang up
    at ignore-listed frames {
  code: 'ECONNRESET'
}
 GET /admin/products 200 in 180ms (next.js: 123ms, application-code: 57ms)
 GET /admin/products 200 in 75ms (next.js: 22ms, application-code: 53ms)
Failed to proxy https://200.141.14.212.nip.io/api/public/products?page=0&size=100&sort=createdAt%2Cdesc Error: socket hang up
    at ignore-listed frames {
  code: 'ECONNRESET'
}
Error: socket hang up
    at ignore-listed frames {
  code: 'ECONNRESET'
}
 GET /admin/products 200 in 457ms (next.js: 223ms, application-code: 234ms)
 GET /admin/products 200 in 249ms (next.js: 122ms, application-code: 127ms)
 GET /admin/products 200 in 522ms (next.js: 36ms, application-code: 486ms)
 GET /admin/products 200 in 1686ms (next.js: 244ms, application-code: 1442ms)
 GET /admin/products 200 in 399ms (next.js: 159ms, application-code: 240ms)
⨯ ./lib/apiClient.ts:4:1
Error: Module not found: Can't resolve './productCatalogSync'
  [90m2 |[0m [36mimport[0m [33mCookies[0m [36mfrom[0m [32m'js-cookie'[0m
  [90m3 |[0m [36mimport[0m imageCompression [36mfrom[0m [32m'browser-image-compression'[0m
[31m[1m>[0m [90m4 |[0m [36mimport[0m { isProductMutation, notifyProductCatalogChanged } [36mfrom[0m [32m'./productCatalogSync'[0m
  [90m  |[0m [31m[1m^^^^^^^^^^^^^^^^^^^^^^^^^^^^^^^^^^^^^^^^^^^^^^^^^^^^^^^^^^^^^^^^^^^^^^^^^^^^^^^^^^^^^[0m
  [90m5 |[0m [36mimport[0m {
  [90m6 |[0m   [33mApiResponse[0m, [33mPageResponse[0m,
  [90m7 |[0m   [33mStaffLoginRequestDTO[0m, [33mAuthResponseDTO[0m, [33mRefreshTokenRequestDTO[0m,



Import traces:
  #1 [Client Component Browser]:
    ./lib/apiClient.ts [Client Component Browser]
    ./app/admin/page.tsx [Client Component Browser]
    ./app/admin/page.tsx [Server Component]

  #2 [Client Component SSR]:
    ./lib/apiClient.ts [Client Component SSR]
    ./app/admin/page.tsx [Client Component SSR]
    ./app/admin/page.tsx [Server Component]

  #3 [Client Component Browser]:
    ./lib/apiClient.ts [Client Component Browser]
    ./components/header.tsx [Client Component Browser]
    ./components/header.tsx [Server Component]
    ./app/layout.tsx [Server Component]

  #4 [Client Component SSR]:
    ./lib/apiClient.ts [Client Component SSR]
    ./components/header.tsx [Client Component SSR]
    ./components/header.tsx [Server Component]
    ./app/layout.tsx [Server Component]

https://nextjs.org/docs/messages/module-not-found


⨯ ./lib/apiClient.ts:4:1
Error: Module not found: Can't resolve './productCatalogSync'
  [90m2 |[0m [36mimport[0m [33mCookies[0m [36mfrom[0m [32m'js-cookie'[0m
  [90m3 |[0m [36mimport[0m imageCompression [36mfrom[0m [32m'browser-image-compression'[0m
[31m[1m>[0m [90m4 |[0m [36mimport[0m { isProductMutation, notifyProductCatalogChanged } [36mfrom[0m [32m'./productCatalogSync'[0m
  [90m  |[0m [31m[1m^^^^^^^^^^^^^^^^^^^^^^^^^^^^^^^^^^^^^^^^^^^^^^^^^^^^^^^^^^^^^^^^^^^^^^^^^^^^^^^^^^^^^[0m
  [90m5 |[0m [36mimport[0m {
  [90m6 |[0m   [33mApiResponse[0m, [33mPageResponse[0m,
  [90m7 |[0m   [33mStaffLoginRequestDTO[0m, [33mAuthResponseDTO[0m, [33mRefreshTokenRequestDTO[0m,



Import traces:
  #1 [Client Component Browser]:
    ./lib/apiClient.ts [Client Component Browser]
    ./app/admin/page.tsx [Client Component Browser]
    ./app/admin/page.tsx [Server Component]

  #2 [Client Component SSR]:
    ./lib/apiClient.ts [Client Component SSR]
    ./app/admin/page.tsx [Client Component SSR]
    ./app/admin/page.tsx [Server Component]

  #3 [Client Component Browser]:
    ./lib/apiClient.ts [Client Component Browser]
    ./components/header.tsx [Client Component Browser]
    ./components/header.tsx [Server Component]
    ./app/layout.tsx [Server Component]

  #4 [Client Component SSR]:
    ./lib/apiClient.ts [Client Component SSR]
    ./components/header.tsx [Client Component SSR]
    ./components/header.tsx [Server Component]
    ./app/layout.tsx [Server Component]

https://nextjs.org/docs/messages/module-not-found


⨯ ./lib/apiClient.ts:4:1
Error: Module not found: Can't resolve './productCatalogSync'
  [90m2 |[0m [36mimport[0m [33mCookies[0m [36mfrom[0m [32m'js-cookie'[0m
  [90m3 |[0m [36mimport[0m imageCompression [36mfrom[0m [32m'browser-image-compression'[0m
[31m[1m>[0m [90m4 |[0m [36mimport[0m { isProductMutation, notifyProductCatalogChanged } [36mfrom[0m [32m'./productCatalogSync'[0m
  [90m  |[0m [31m[1m^^^^^^^^^^^^^^^^^^^^^^^^^^^^^^^^^^^^^^^^^^^^^^^^^^^^^^^^^^^^^^^^^^^^^^^^^^^^^^^^^^^^^[0m
  [90m5 |[0m [36mimport[0m {
  [90m6 |[0m   [33mApiResponse[0m, [33mPageResponse[0m,
  [90m7 |[0m   [33mStaffLoginRequestDTO[0m, [33mAuthResponseDTO[0m, [33mRefreshTokenRequestDTO[0m,



Import traces:
  #1 [Client Component Browser]:
    ./lib/apiClient.ts [Client Component Browser]
    ./app/admin/page.tsx [Client Component Browser]
    ./app/admin/page.tsx [Server Component]

  #2 [Client Component SSR]:
    ./lib/apiClient.ts [Client Component SSR]
    ./app/admin/page.tsx [Client Component SSR]
    ./app/admin/page.tsx [Server Component]

  #3 [Client Component Browser]:
    ./lib/apiClient.ts [Client Component Browser]
    ./components/header.tsx [Client Component Browser]
    ./components/header.tsx [Server Component]
    ./app/layout.tsx [Server Component]

  #4 [Client Component SSR]:
    ./lib/apiClient.ts [Client Component SSR]
    ./components/header.tsx [Client Component SSR]
    ./components/header.tsx [Server Component]
    ./app/layout.tsx [Server Component]

https://nextjs.org/docs/messages/module-not-found


⨯ ./lib/apiClient.ts:4:1
Error: Module not found: Can't resolve './productCatalogSync'
  [90m2 |[0m [36mimport[0m [33mCookies[0m [36mfrom[0m [32m'js-cookie'[0m
  [90m3 |[0m [36mimport[0m imageCompression [36mfrom[0m [32m'browser-image-compression'[0m
[31m[1m>[0m [90m4 |[0m [36mimport[0m { isProductMutation, notifyProductCatalogChanged } [36mfrom[0m [32m'./productCatalogSync'[0m
  [90m  |[0m [31m[1m^^^^^^^^^^^^^^^^^^^^^^^^^^^^^^^^^^^^^^^^^^^^^^^^^^^^^^^^^^^^^^^^^^^^^^^^^^^^^^^^^^^^^[0m
  [90m5 |[0m [36mimport[0m {
  [90m6 |[0m   [33mApiResponse[0m, [33mPageResponse[0m,
  [90m7 |[0m   [33mStaffLoginRequestDTO[0m, [33mAuthResponseDTO[0m, [33mRefreshTokenRequestDTO[0m,



Import traces:
  #1 [Client Component Browser]:
    ./lib/apiClient.ts [Client Component Browser]
    ./app/admin/page.tsx [Client Component Browser]
    ./app/admin/page.tsx [Server Component]

  #2 [Client Component SSR]:
    ./lib/apiClient.ts [Client Component SSR]
    ./app/admin/page.tsx [Client Component SSR]
    ./app/admin/page.tsx [Server Component]

  #3 [Client Component Browser]:
    ./lib/apiClient.ts [Client Component Browser]
    ./components/header.tsx [Client Component Browser]
    ./components/header.tsx [Server Component]
    ./app/layout.tsx [Server Component]

  #4 [Client Component SSR]:
    ./lib/apiClient.ts [Client Component SSR]
    ./components/header.tsx [Client Component SSR]
    ./components/header.tsx [Server Component]
    ./app/layout.tsx [Server Component]

https://nextjs.org/docs/messages/module-not-found


⨯ ./lib/apiClient.ts:4:1
Error: Module not found: Can't resolve './productCatalogSync'
  [90m2 |[0m [36mimport[0m [33mCookies[0m [36mfrom[0m [32m'js-cookie'[0m
  [90m3 |[0m [36mimport[0m imageCompression [36mfrom[0m [32m'browser-image-compression'[0m
[31m[1m>[0m [90m4 |[0m [36mimport[0m { isProductMutation, notifyProductCatalogChanged } [36mfrom[0m [32m'./productCatalogSync'[0m
  [90m  |[0m [31m[1m^^^^^^^^^^^^^^^^^^^^^^^^^^^^^^^^^^^^^^^^^^^^^^^^^^^^^^^^^^^^^^^^^^^^^^^^^^^^^^^^^^^^^[0m
  [90m5 |[0m [36mimport[0m {
  [90m6 |[0m   [33mApiResponse[0m, [33mPageResponse[0m,
  [90m7 |[0m   [33mStaffLoginRequestDTO[0m, [33mAuthResponseDTO[0m, [33mRefreshTokenRequestDTO[0m,



Import traces:
  #1 [Client Component Browser]:
    ./lib/apiClient.ts [Client Component Browser]
    ./app/admin/page.tsx [Client Component Browser]
    ./app/admin/page.tsx [Server Component]

  #2 [Client Component SSR]:
    ./lib/apiClient.ts [Client Component SSR]
    ./app/admin/page.tsx [Client Component SSR]
    ./app/admin/page.tsx [Server Component]

  #3 [Client Component Browser]:
    ./lib/apiClient.ts [Client Component Browser]
    ./components/header.tsx [Client Component Browser]
    ./components/header.tsx [Server Component]
    ./app/layout.tsx [Server Component]

  #4 [Client Component SSR]:
    ./lib/apiClient.ts [Client Component SSR]
    ./components/header.tsx [Client Component SSR]
    ./components/header.tsx [Server Component]
    ./app/layout.tsx [Server Component]

https://nextjs.org/docs/messages/module-not-found


⨯ ./lib/apiClient.ts:4:1
Error: Module not found: Can't resolve './productCatalogSync'
  [90m2 |[0m [36mimport[0m [33mCookies[0m [36mfrom[0m [32m'js-cookie'[0m
  [90m3 |[0m [36mimport[0m imageCompression [36mfrom[0m [32m'browser-image-compression'[0m
[31m[1m>[0m [90m4 |[0m [36mimport[0m { isProductMutation, notifyProductCatalogChanged } [36mfrom[0m [32m'./productCatalogSync'[0m
  [90m  |[0m [31m[1m^^^^^^^^^^^^^^^^^^^^^^^^^^^^^^^^^^^^^^^^^^^^^^^^^^^^^^^^^^^^^^^^^^^^^^^^^^^^^^^^^^^^^[0m
  [90m5 |[0m [36mimport[0m {
  [90m6 |[0m   [33mApiResponse[0m, [33mPageResponse[0m,
  [90m7 |[0m   [33mStaffLoginRequestDTO[0m, [33mAuthResponseDTO[0m, [33mRefreshTokenRequestDTO[0m,



Import traces:
  #1 [Client Component Browser]:
    ./lib/apiClient.ts [Client Component Browser]
    ./app/admin/page.tsx [Client Component Browser]
    ./app/admin/page.tsx [Server Component]

  #2 [Client Component SSR]:
    ./lib/apiClient.ts [Client Component SSR]
    ./app/admin/page.tsx [Client Component SSR]
    ./app/admin/page.tsx [Server Component]

  #3 [Client Component Browser]:
    ./lib/apiClient.ts [Client Component Browser]
    ./components/header.tsx [Client Component Browser]
    ./components/header.tsx [Server Component]
    ./app/layout.tsx [Server Component]

  #4 [Client Component SSR]:
    ./lib/apiClient.ts [Client Component SSR]
    ./components/header.tsx [Client Component SSR]
    ./components/header.tsx [Server Component]
    ./app/layout.tsx [Server Component]

https://nextjs.org/docs/messages/module-not-found


⨯ ./lib/apiClient.ts:4:1
Error: Module not found: Can't resolve './productCatalogSync'
  [90m2 |[0m [36mimport[0m [33mCookies[0m [36mfrom[0m [32m'js-cookie'[0m
  [90m3 |[0m [36mimport[0m imageCompression [36mfrom[0m [32m'browser-image-compression'[0m
[31m[1m>[0m [90m4 |[0m [36mimport[0m { isProductMutation, notifyProductCatalogChanged } [36mfrom[0m [32m'./productCatalogSync'[0m
  [90m  |[0m [31m[1m^^^^^^^^^^^^^^^^^^^^^^^^^^^^^^^^^^^^^^^^^^^^^^^^^^^^^^^^^^^^^^^^^^^^^^^^^^^^^^^^^^^^^[0m
  [90m5 |[0m [36mimport[0m {
  [90m6 |[0m   [33mApiResponse[0m, [33mPageResponse[0m,
  [90m7 |[0m   [33mStaffLoginRequestDTO[0m, [33mAuthResponseDTO[0m, [33mRefreshTokenRequestDTO[0m,



Import traces:
  Client Component Browser:
    ./lib/apiClient.ts [Client Component Browser]
    ./components/header.tsx [Client Component Browser]
    ./components/header.tsx [Server Component]
    ./app/layout.tsx [Server Component]

  Client Component SSR:
    ./lib/apiClient.ts [Client Component SSR]
    ./components/header.tsx [Client Component SSR]
    ./components/header.tsx [Server Component]
    ./app/layout.tsx [Server Component]

https://nextjs.org/docs/messages/module-not-found


⨯ ./lib/apiClient.ts:4:1
Error: Module not found: Can't resolve './productCatalogSync'
  [90m2 |[0m [36mimport[0m [33mCookies[0m [36mfrom[0m [32m'js-cookie'[0m
  [90m3 |[0m [36mimport[0m imageCompression [36mfrom[0m [32m'browser-image-compression'[0m
[31m[1m>[0m [90m4 |[0m [36mimport[0m { isProductMutation, notifyProductCatalogChanged } [36mfrom[0m [32m'./productCatalogSync'[0m
  [90m  |[0m [31m[1m^^^^^^^^^^^^^^^^^^^^^^^^^^^^^^^^^^^^^^^^^^^^^^^^^^^^^^^^^^^^^^^^^^^^^^^^^^^^^^^^^^^^^[0m
  [90m5 |[0m [36mimport[0m {
  [90m6 |[0m   [33mApiResponse[0m, [33mPageResponse[0m,
  [90m7 |[0m   [33mStaffLoginRequestDTO[0m, [33mAuthResponseDTO[0m, [33mRefreshTokenRequestDTO[0m,



Import traces:
  Client Component Browser:
    ./lib/apiClient.ts [Client Component Browser]
    ./components/header.tsx [Client Component Browser]
    ./components/header.tsx [Server Component]
    ./app/layout.tsx [Server Component]

  Client Component SSR:
    ./lib/apiClient.ts [Client Component SSR]
    ./components/header.tsx [Client Component SSR]
    ./components/header.tsx [Server Component]
    ./app/layout.tsx [Server Component]

https://nextjs.org/docs/messages/module-not-found


⨯ ./lib/apiClient.ts:4:1
Error: Module not found: Can't resolve './productCatalogSync'
  [90m2 |[0m [36mimport[0m [33mCookies[0m [36mfrom[0m [32m'js-cookie'[0m
  [90m3 |[0m [36mimport[0m imageCompression [36mfrom[0m [32m'browser-image-compression'[0m
[31m[1m>[0m [90m4 |[0m [36mimport[0m { isProductMutation, notifyProductCatalogChanged } [36mfrom[0m [32m'./productCatalogSync'[0m
  [90m  |[0m [31m[1m^^^^^^^^^^^^^^^^^^^^^^^^^^^^^^^^^^^^^^^^^^^^^^^^^^^^^^^^^^^^^^^^^^^^^^^^^^^^^^^^^^^^^[0m
  [90m5 |[0m [36mimport[0m {
  [90m6 |[0m   [33mApiResponse[0m, [33mPageResponse[0m,
  [90m7 |[0m   [33mStaffLoginRequestDTO[0m, [33mAuthResponseDTO[0m, [33mRefreshTokenRequestDTO[0m,



Import traces:
  Client Component Browser:
    ./lib/apiClient.ts [Client Component Browser]
    ./components/header.tsx [Client Component Browser]
    ./components/header.tsx [Server Component]
    ./app/layout.tsx [Server Component]

  Client Component SSR:
    ./lib/apiClient.ts [Client Component SSR]
    ./components/header.tsx [Client Component SSR]
    ./components/header.tsx [Server Component]
    ./app/layout.tsx [Server Component]

https://nextjs.org/docs/messages/module-not-found


⨯ ./lib/apiClient.ts:4:1
Error: Module not found: Can't resolve './productCatalogSync'
  [90m2 |[0m [36mimport[0m [33mCookies[0m [36mfrom[0m [32m'js-cookie'[0m
  [90m3 |[0m [36mimport[0m imageCompression [36mfrom[0m [32m'browser-image-compression'[0m
[31m[1m>[0m [90m4 |[0m [36mimport[0m { isProductMutation, notifyProductCatalogChanged } [36mfrom[0m [32m'./productCatalogSync'[0m
  [90m  |[0m [31m[1m^^^^^^^^^^^^^^^^^^^^^^^^^^^^^^^^^^^^^^^^^^^^^^^^^^^^^^^^^^^^^^^^^^^^^^^^^^^^^^^^^^^^^[0m
  [90m5 |[0m [36mimport[0m {
  [90m6 |[0m   [33mApiResponse[0m, [33mPageResponse[0m,
  [90m7 |[0m   [33mStaffLoginRequestDTO[0m, [33mAuthResponseDTO[0m, [33mRefreshTokenRequestDTO[0m,



Import traces:
  Client Component Browser:
    ./lib/apiClient.ts [Client Component Browser]
    ./components/header.tsx [Client Component Browser]
    ./components/header.tsx [Server Component]
    ./app/layout.tsx [Server Component]

  Client Component SSR:
    ./lib/apiClient.ts [Client Component SSR]
    ./components/header.tsx [Client Component SSR]
    ./components/header.tsx [Server Component]
    ./app/layout.tsx [Server Component]

https://nextjs.org/docs/messages/module-not-found


⨯ ./lib/apiClient.ts:4:1
Error: Module not found: Can't resolve './productCatalogSync'
  [90m2 |[0m [36mimport[0m [33mCookies[0m [36mfrom[0m [32m'js-cookie'[0m
  [90m3 |[0m [36mimport[0m imageCompression [36mfrom[0m [32m'browser-image-compression'[0m
[31m[1m>[0m [90m4 |[0m [36mimport[0m { isProductMutation, notifyProductCatalogChanged } [36mfrom[0m [32m'./productCatalogSync'[0m
  [90m  |[0m [31m[1m^^^^^^^^^^^^^^^^^^^^^^^^^^^^^^^^^^^^^^^^^^^^^^^^^^^^^^^^^^^^^^^^^^^^^^^^^^^^^^^^^^^^^[0m
  [90m5 |[0m [36mimport[0m {
  [90m6 |[0m   [33mApiResponse[0m, [33mPageResponse[0m,
  [90m7 |[0m   [33mStaffLoginRequestDTO[0m, [33mAuthResponseDTO[0m, [33mRefreshTokenRequestDTO[0m,



Import traces:
  Client Component Browser:
    ./lib/apiClient.ts [Client Component Browser]
    ./components/header.tsx [Client Component Browser]
    ./components/header.tsx [Server Component]
    ./app/layout.tsx [Server Component]

  Client Component SSR:
    ./lib/apiClient.ts [Client Component SSR]
    ./components/header.tsx [Client Component SSR]
    ./components/header.tsx [Server Component]
    ./app/layout.tsx [Server Component]

https://nextjs.org/docs/messages/module-not-found


⨯ ./lib/apiClient.ts:4:1
Error: Module not found: Can't resolve './productCatalogSync'
  [90m2 |[0m [36mimport[0m [33mCookies[0m [36mfrom[0m [32m'js-cookie'[0m
  [90m3 |[0m [36mimport[0m imageCompression [36mfrom[0m [32m'browser-image-compression'[0m
[31m[1m>[0m [90m4 |[0m [36mimport[0m { isProductMutation, notifyProductCatalogChanged } [36mfrom[0m [32m'./productCatalogSync'[0m
  [90m  |[0m [31m[1m^^^^^^^^^^^^^^^^^^^^^^^^^^^^^^^^^^^^^^^^^^^^^^^^^^^^^^^^^^^^^^^^^^^^^^^^^^^^^^^^^^^^^[0m
  [90m5 |[0m [36mimport[0m {
  [90m6 |[0m   [33mApiResponse[0m, [33mPageResponse[0m,
  [90m7 |[0m   [33mStaffLoginRequestDTO[0m, [33mAuthResponseDTO[0m, [33mRefreshTokenRequestDTO[0m,



Import traces:
  Client Component Browser:
    ./lib/apiClient.ts [Client Component Browser]
    ./components/header.tsx [Client Component Browser]
    ./components/header.tsx [Server Component]
    ./app/layout.tsx [Server Component]

  Client Component SSR:
    ./lib/apiClient.ts [Client Component SSR]
    ./components/header.tsx [Client Component SSR]
    ./components/header.tsx [Server Component]
    ./app/layout.tsx [Server Component]

https://nextjs.org/docs/messages/module-not-found


⨯ ./lib/apiClient.ts:4:1
Error: Module not found: Can't resolve './productCatalogSync'
  [90m2 |[0m [36mimport[0m [33mCookies[0m [36mfrom[0m [32m'js-cookie'[0m
  [90m3 |[0m [36mimport[0m imageCompression [36mfrom[0m [32m'browser-image-compression'[0m
[31m[1m>[0m [90m4 |[0m [36mimport[0m { isProductMutation, notifyProductCatalogChanged } [36mfrom[0m [32m'./productCatalogSync'[0m
  [90m  |[0m [31m[1m^^^^^^^^^^^^^^^^^^^^^^^^^^^^^^^^^^^^^^^^^^^^^^^^^^^^^^^^^^^^^^^^^^^^^^^^^^^^^^^^^^^^^[0m
  [90m5 |[0m [36mimport[0m {
  [90m6 |[0m   [33mApiResponse[0m, [33mPageResponse[0m,
  [90m7 |[0m   [33mStaffLoginRequestDTO[0m, [33mAuthResponseDTO[0m, [33mRefreshTokenRequestDTO[0m,



Import traces:
  #1 [Client Component Browser]:
    ./lib/apiClient.ts [Client Component Browser]
    ./app/admin/products/page.tsx [Client Component Browser]
    ./app/admin/products/page.tsx [Server Component]

  #2 [Client Component SSR]:
    ./lib/apiClient.ts [Client Component SSR]
    ./app/admin/products/page.tsx [Client Component SSR]
    ./app/admin/products/page.tsx [Server Component]

  #3 [Client Component Browser]:
    ./lib/apiClient.ts [Client Component Browser]
    ./components/header.tsx [Client Component Browser]
    ./components/header.tsx [Server Component]
    ./app/layout.tsx [Server Component]

  #4 [Client Component SSR]:
    ./lib/apiClient.ts [Client Component SSR]
    ./components/header.tsx [Client Component SSR]
    ./components/header.tsx [Server Component]
    ./app/layout.tsx [Server Component]

https://nextjs.org/docs/messages/module-not-found


⨯ ./lib/apiClient.ts:4:1
Error: Module not found: Can't resolve './productCatalogSync'
  [90m2 |[0m [36mimport[0m [33mCookies[0m [36mfrom[0m [32m'js-cookie'[0m
  [90m3 |[0m [36mimport[0m imageCompression [36mfrom[0m [32m'browser-image-compression'[0m
[31m[1m>[0m [90m4 |[0m [36mimport[0m { isProductMutation, notifyProductCatalogChanged } [36mfrom[0m [32m'./productCatalogSync'[0m
  [90m  |[0m [31m[1m^^^^^^^^^^^^^^^^^^^^^^^^^^^^^^^^^^^^^^^^^^^^^^^^^^^^^^^^^^^^^^^^^^^^^^^^^^^^^^^^^^^^^[0m
  [90m5 |[0m [36mimport[0m {
  [90m6 |[0m   [33mApiResponse[0m, [33mPageResponse[0m,
  [90m7 |[0m   [33mStaffLoginRequestDTO[0m, [33mAuthResponseDTO[0m, [33mRefreshTokenRequestDTO[0m,



Import traces:
  #1 [Client Component Browser]:
    ./lib/apiClient.ts [Client Component Browser]
    ./app/admin/products/page.tsx [Client Component Browser]
    ./app/admin/products/page.tsx [Server Component]

  #2 [Client Component SSR]:
    ./lib/apiClient.ts [Client Component SSR]
    ./app/admin/products/page.tsx [Client Component SSR]
    ./app/admin/products/page.tsx [Server Component]

  #3 [Client Component Browser]:
    ./lib/apiClient.ts [Client Component Browser]
    ./components/header.tsx [Client Component Browser]
    ./components/header.tsx [Server Component]
    ./app/layout.tsx [Server Component]

  #4 [Client Component SSR]:
    ./lib/apiClient.ts [Client Component SSR]
    ./components/header.tsx [Client Component SSR]
    ./components/header.tsx [Server Component]
    ./app/layout.tsx [Server Component]

https://nextjs.org/docs/messages/module-not-found


⨯ ./lib/apiClient.ts:4:1
Error: Module not found: Can't resolve './productCatalogSync'
  [90m2 |[0m [36mimport[0m [33mCookies[0m [36mfrom[0m [32m'js-cookie'[0m
  [90m3 |[0m [36mimport[0m imageCompression [36mfrom[0m [32m'browser-image-compression'[0m
[31m[1m>[0m [90m4 |[0m [36mimport[0m { isProductMutation, notifyProductCatalogChanged } [36mfrom[0m [32m'./productCatalogSync'[0m
  [90m  |[0m [31m[1m^^^^^^^^^^^^^^^^^^^^^^^^^^^^^^^^^^^^^^^^^^^^^^^^^^^^^^^^^^^^^^^^^^^^^^^^^^^^^^^^^^^^^[0m
  [90m5 |[0m [36mimport[0m {
  [90m6 |[0m   [33mApiResponse[0m, [33mPageResponse[0m,
  [90m7 |[0m   [33mStaffLoginRequestDTO[0m, [33mAuthResponseDTO[0m, [33mRefreshTokenRequestDTO[0m,



Import traces:
  #1 [Client Component Browser]:
    ./lib/apiClient.ts [Client Component Browser]
    ./app/admin/products/page.tsx [Client Component Browser]
    ./app/admin/products/page.tsx [Server Component]

  #2 [Client Component SSR]:
    ./lib/apiClient.ts [Client Component SSR]
    ./app/admin/products/page.tsx [Client Component SSR]
    ./app/admin/products/page.tsx [Server Component]

  #3 [Client Component Browser]:
    ./lib/apiClient.ts [Client Component Browser]
    ./components/header.tsx [Client Component Browser]
    ./components/header.tsx [Server Component]
    ./app/layout.tsx [Server Component]

  #4 [Client Component SSR]:
    ./lib/apiClient.ts [Client Component SSR]
    ./components/header.tsx [Client Component SSR]
    ./components/header.tsx [Server Component]
    ./app/layout.tsx [Server Component]

https://nextjs.org/docs/messages/module-not-found


⨯ ./lib/apiClient.ts:4:1
Error: Module not found: Can't resolve './productCatalogSync'
  [90m2 |[0m [36mimport[0m [33mCookies[0m [36mfrom[0m [32m'js-cookie'[0m
  [90m3 |[0m [36mimport[0m imageCompression [36mfrom[0m [32m'browser-image-compression'[0m
[31m[1m>[0m [90m4 |[0m [36mimport[0m { isProductMutation, notifyProductCatalogChanged } [36mfrom[0m [32m'./productCatalogSync'[0m
  [90m  |[0m [31m[1m^^^^^^^^^^^^^^^^^^^^^^^^^^^^^^^^^^^^^^^^^^^^^^^^^^^^^^^^^^^^^^^^^^^^^^^^^^^^^^^^^^^^^[0m
  [90m5 |[0m [36mimport[0m {
  [90m6 |[0m   [33mApiResponse[0m, [33mPageResponse[0m,
  [90m7 |[0m   [33mStaffLoginRequestDTO[0m, [33mAuthResponseDTO[0m, [33mRefreshTokenRequestDTO[0m,



Import traces:
  #1 [Client Component Browser]:
    ./lib/apiClient.ts [Client Component Browser]
    ./app/admin/products/page.tsx [Client Component Browser]
    ./app/admin/products/page.tsx [Server Component]

  #2 [Client Component SSR]:
    ./lib/apiClient.ts [Client Component SSR]
    ./app/admin/products/page.tsx [Client Component SSR]
    ./app/admin/products/page.tsx [Server Component]

  #3 [Client Component Browser]:
    ./lib/apiClient.ts [Client Component Browser]
    ./components/header.tsx [Client Component Browser]
    ./components/header.tsx [Server Component]
    ./app/layout.tsx [Server Component]

  #4 [Client Component SSR]:
    ./lib/apiClient.ts [Client Component SSR]
    ./components/header.tsx [Client Component SSR]
    ./components/header.tsx [Server Component]
    ./app/layout.tsx [Server Component]

https://nextjs.org/docs/messages/module-not-found


⨯ ./lib/apiClient.ts:4:1
Error: Module not found: Can't resolve './productCatalogSync'
  [90m2 |[0m [36mimport[0m [33mCookies[0m [36mfrom[0m [32m'js-cookie'[0m
  [90m3 |[0m [36mimport[0m imageCompression [36mfrom[0m [32m'browser-image-compression'[0m
[31m[1m>[0m [90m4 |[0m [36mimport[0m { isProductMutation, notifyProductCatalogChanged } [36mfrom[0m [32m'./productCatalogSync'[0m
  [90m  |[0m [31m[1m^^^^^^^^^^^^^^^^^^^^^^^^^^^^^^^^^^^^^^^^^^^^^^^^^^^^^^^^^^^^^^^^^^^^^^^^^^^^^^^^^^^^^[0m
  [90m5 |[0m [36mimport[0m {
  [90m6 |[0m   [33mApiResponse[0m, [33mPageResponse[0m,
  [90m7 |[0m   [33mStaffLoginRequestDTO[0m, [33mAuthResponseDTO[0m, [33mRefreshTokenRequestDTO[0m,



Import traces:
  #1 [Client Component Browser]:
    ./lib/apiClient.ts [Client Component Browser]
    ./app/admin/products/page.tsx [Client Component Browser]
    ./app/admin/products/page.tsx [Server Component]

  #2 [Client Component SSR]:
    ./lib/apiClient.ts [Client Component SSR]
    ./app/admin/products/page.tsx [Client Component SSR]
    ./app/admin/products/page.tsx [Server Component]

  #3 [Client Component Browser]:
    ./lib/apiClient.ts [Client Component Browser]
    ./components/header.tsx [Client Component Browser]
    ./components/header.tsx [Server Component]
    ./app/layout.tsx [Server Component]

  #4 [Client Component SSR]:
    ./lib/apiClient.ts [Client Component SSR]
    ./components/header.tsx [Client Component SSR]
    ./components/header.tsx [Server Component]
    ./app/layout.tsx [Server Component]

https://nextjs.org/docs/messages/module-not-found


⨯ ./lib/apiClient.ts:4:1
Error: Module not found: Can't resolve './productCatalogSync'
  [90m2 |[0m [36mimport[0m [33mCookies[0m [36mfrom[0m [32m'js-cookie'[0m
  [90m3 |[0m [36mimport[0m imageCompression [36mfrom[0m [32m'browser-image-compression'[0m
[31m[1m>[0m [90m4 |[0m [36mimport[0m { isProductMutation, notifyProductCatalogChanged } [36mfrom[0m [32m'./productCatalogSync'[0m
  [90m  |[0m [31m[1m^^^^^^^^^^^^^^^^^^^^^^^^^^^^^^^^^^^^^^^^^^^^^^^^^^^^^^^^^^^^^^^^^^^^^^^^^^^^^^^^^^^^^[0m
  [90m5 |[0m [36mimport[0m {
  [90m6 |[0m   [33mApiResponse[0m, [33mPageResponse[0m,
  [90m7 |[0m   [33mStaffLoginRequestDTO[0m, [33mAuthResponseDTO[0m, [33mRefreshTokenRequestDTO[0m,



Import traces:
  #1 [Client Component Browser]:
    ./lib/apiClient.ts [Client Component Browser]
    ./app/admin/products/page.tsx [Client Component Browser]
    ./app/admin/products/page.tsx [Server Component]

  #2 [Client Component SSR]:
    ./lib/apiClient.ts [Client Component SSR]
    ./app/admin/products/page.tsx [Client Component SSR]
    ./app/admin/products/page.tsx [Server Component]

  #3 [Client Component Browser]:
    ./lib/apiClient.ts [Client Component Browser]
    ./components/header.tsx [Client Component Browser]
    ./components/header.tsx [Server Component]
    ./app/layout.tsx [Server Component]

  #4 [Client Component SSR]:
    ./lib/apiClient.ts [Client Component SSR]
    ./components/header.tsx [Client Component SSR]
    ./components/header.tsx [Server Component]
    ./app/layout.tsx [Server Component]

https://nextjs.org/docs/messages/module-not-found


⨯ ./app/admin/products/page.tsx:7:1
Error: Module not found: Can't resolve '@/lib/productCatalog'
  [90m 5 |[0m [36mimport[0m { [33mFaArrowLeft[0m, [33mFaPen[0m, [33mFaMagnifyingGlass[0m, [33mFaTrashCan[0m, [33mFaStar[0m, [33mFaPlus[0m, [33mFaXmark[0m, [33mFaFil...[0m
  [90m 6 |[0m [36mimport[0m { apiClient, formatINR } [36mfrom[0m [32m'@/lib/apiClient'[0m
[31m[1m>[0m [90m 7 |[0m [36mimport[0m { fetchCatalogClient, [36mtype[0m [33mCatalogProduct[0m } [36mfrom[0m [32m'@/lib/productCatalog'[0m
  [90m   |[0m [31m[1m^^^^^^^^^^^^^^^^^^^^^^^^^^^^^^^^^^^^^^^^^^^^^^^^^^^^^^^^^^^^^^^^^^^^^^^^^^^^^^[0m
  [90m 8 |[0m [36mimport[0m { [33mCompanyFilter[0m, [33mCompanyOption[0m } [36mfrom[0m [32m'@/components/admin/company-filter'[0m
  [90m 9 |[0m [36mimport[0m { getAllProductDrafts } [36mfrom[0m [32m'@/lib/draftService'[0m
  [90m10 |[0m

Import map: aliased to relative './lib/productCatalog' inside of [project]/


Import traces:
  Client Component Browser:
    ./app/admin/products/page.tsx [Client Component Browser]
    ./app/admin/products/page.tsx [Server Component]

  Client Component SSR:
    ./app/admin/products/page.tsx [Client Component SSR]
    ./app/admin/products/page.tsx [Server Component]

https://nextjs.org/docs/messages/module-not-found


⨯ ./app/admin/products/page.tsx:7:1
Error: Module not found: Can't resolve '@/lib/productCatalog'
  [90m 5 |[0m [36mimport[0m { [33mFaArrowLeft[0m, [33mFaPen[0m, [33mFaMagnifyingGlass[0m, [33mFaTrashCan[0m, [33mFaStar[0m, [33mFaPlus[0m, [33mFaXmark[0m, [33mFaFil...[0m
  [90m 6 |[0m [36mimport[0m { apiClient, formatINR } [36mfrom[0m [32m'@/lib/apiClient'[0m
[31m[1m>[0m [90m 7 |[0m [36mimport[0m { fetchCatalogClient, [36mtype[0m [33mCatalogProduct[0m } [36mfrom[0m [32m'@/lib/productCatalog'[0m
  [90m   |[0m [31m[1m^^^^^^^^^^^^^^^^^^^^^^^^^^^^^^^^^^^^^^^^^^^^^^^^^^^^^^^^^^^^^^^^^^^^^^^^^^^^^^[0m
  [90m 8 |[0m [36mimport[0m { [33mCompanyFilter[0m, [33mCompanyOption[0m } [36mfrom[0m [32m'@/components/admin/company-filter'[0m
  [90m 9 |[0m [36mimport[0m { getAllProductDrafts } [36mfrom[0m [32m'@/lib/draftService'[0m
  [90m10 |[0m

Import map: aliased to relative './lib/productCatalog' inside of [project]/


Import traces:
  Client Component Browser:
    ./app/admin/products/page.tsx [Client Component Browser]
    ./app/admin/products/page.tsx [Server Component]

  Client Component SSR:
    ./app/admin/products/page.tsx [Client Component SSR]
    ./app/admin/products/page.tsx [Server Component]

https://nextjs.org/docs/messages/module-not-found


⨯ ./app/admin/products/page.tsx:7:1
Error: Module not found: Can't resolve '@/lib/productCatalog'
  [90m 5 |[0m [36mimport[0m { [33mFaArrowLeft[0m, [33mFaPen[0m, [33mFaMagnifyingGlass[0m, [33mFaTrashCan[0m, [33mFaStar[0m, [33mFaPlus[0m, [33mFaXmark[0m, [33mFaFil...[0m
  [90m 6 |[0m [36mimport[0m { apiClient, formatINR } [36mfrom[0m [32m'@/lib/apiClient'[0m
[31m[1m>[0m [90m 7 |[0m [36mimport[0m { fetchCatalogClient, [36mtype[0m [33mCatalogProduct[0m } [36mfrom[0m [32m'@/lib/productCatalog'[0m
  [90m   |[0m [31m[1m^^^^^^^^^^^^^^^^^^^^^^^^^^^^^^^^^^^^^^^^^^^^^^^^^^^^^^^^^^^^^^^^^^^^^^^^^^^^^^[0m
  [90m 8 |[0m [36mimport[0m { [33mCompanyFilter[0m, [33mCompanyOption[0m } [36mfrom[0m [32m'@/components/admin/company-filter'[0m
  [90m 9 |[0m [36mimport[0m { getAllProductDrafts } [36mfrom[0m [32m'@/lib/draftService'[0m
  [90m10 |[0m

Import map: aliased to relative './lib/productCatalog' inside of [project]/


Import traces:
  Client Component Browser:
    ./app/admin/products/page.tsx [Client Component Browser]
    ./app/admin/products/page.tsx [Server Component]

  Client Component SSR:
    ./app/admin/products/page.tsx [Client Component SSR]
    ./app/admin/products/page.tsx [Server Component]

https://nextjs.org/docs/messages/module-not-found


⨯ ./app/admin/products/page.tsx:7:1
Error: Module not found: Can't resolve '@/lib/productCatalog'
  [90m 5 |[0m [36mimport[0m { [33mFaArrowLeft[0m, [33mFaPen[0m, [33mFaMagnifyingGlass[0m, [33mFaTrashCan[0m, [33mFaStar[0m, [33mFaPlus[0m, [33mFaXmark[0m, [33mFaFil...[0m
  [90m 6 |[0m [36mimport[0m { apiClient, formatINR } [36mfrom[0m [32m'@/lib/apiClient'[0m
[31m[1m>[0m [90m 7 |[0m [36mimport[0m { fetchCatalogClient, [36mtype[0m [33mCatalogProduct[0m } [36mfrom[0m [32m'@/lib/productCatalog'[0m
  [90m   |[0m [31m[1m^^^^^^^^^^^^^^^^^^^^^^^^^^^^^^^^^^^^^^^^^^^^^^^^^^^^^^^^^^^^^^^^^^^^^^^^^^^^^^[0m
  [90m 8 |[0m [36mimport[0m { [33mCompanyFilter[0m, [33mCompanyOption[0m } [36mfrom[0m [32m'@/components/admin/company-filter'[0m
  [90m 9 |[0m [36mimport[0m { getAllProductDrafts } [36mfrom[0m [32m'@/lib/draftService'[0m
  [90m10 |[0m

Import map: aliased to relative './lib/productCatalog' inside of [project]/


Import traces:
  Client Component Browser:
    ./app/admin/products/page.tsx [Client Component Browser]
    ./app/admin/products/page.tsx [Server Component]

  Client Component SSR:
    ./app/admin/products/page.tsx [Client Component SSR]
    ./app/admin/products/page.tsx [Server Component]

https://nextjs.org/docs/messages/module-not-found


⨯ ./lib/apiClient.ts:4:1
Error: Module not found: Can't resolve './productCatalogSync'
  [90m2 |[0m [36mimport[0m [33mCookies[0m [36mfrom[0m [32m'js-cookie'[0m
  [90m3 |[0m [36mimport[0m imageCompression [36mfrom[0m [32m'browser-image-compression'[0m
[31m[1m>[0m [90m4 |[0m [36mimport[0m { isProductMutation, notifyProductCatalogChanged } [36mfrom[0m [32m'./productCatalogSync'[0m
  [90m  |[0m [31m[1m^^^^^^^^^^^^^^^^^^^^^^^^^^^^^^^^^^^^^^^^^^^^^^^^^^^^^^^^^^^^^^^^^^^^^^^^^^^^^^^^^^^^^[0m
  [90m5 |[0m [36mimport[0m {
  [90m6 |[0m   [33mApiResponse[0m, [33mPageResponse[0m,
  [90m7 |[0m   [33mStaffLoginRequestDTO[0m, [33mAuthResponseDTO[0m, [33mRefreshTokenRequestDTO[0m,



Import traces:
  #1 [Server Component]:
    ./lib/apiClient.ts
    ./app/shop/page.tsx

  #2 [Client Component Browser]:
    ./lib/apiClient.ts [Client Component Browser]
    ./components/header.tsx [Client Component Browser]
    ./components/header.tsx [Server Component]
    ./app/layout.tsx [Server Component]

  #3 [Client Component Browser]:
    ./lib/apiClient.ts [Client Component Browser]
    ./components/shop/filter-sidebar.tsx [Client Component Browser]
    ./components/shop/filter-sidebar.tsx [Server Component]
    ./app/shop/page.tsx [Server Component]

  #4 [Client Component SSR]:
    ./lib/apiClient.ts [Client Component SSR]
    ./components/header.tsx [Client Component SSR]
    ./components/header.tsx [Server Component]
    ./app/layout.tsx [Server Component]

  #5 [Client Component SSR]:
    ./lib/apiClient.ts [Client Component SSR]
    ./components/shop/filter-sidebar.tsx [Client Component SSR]
    ./components/shop/filter-sidebar.tsx [Server Component]
    ./app/shop/page.tsx [Server Component]

https://nextjs.org/docs/messages/module-not-found


⨯ ./lib/apiClient.ts:4:1
Error: Module not found: Can't resolve './productCatalogSync'
  [90m2 |[0m [36mimport[0m [33mCookies[0m [36mfrom[0m [32m'js-cookie'[0m
  [90m3 |[0m [36mimport[0m imageCompression [36mfrom[0m [32m'browser-image-compression'[0m
[31m[1m>[0m [90m4 |[0m [36mimport[0m { isProductMutation, notifyProductCatalogChanged } [36mfrom[0m [32m'./productCatalogSync'[0m
  [90m  |[0m [31m[1m^^^^^^^^^^^^^^^^^^^^^^^^^^^^^^^^^^^^^^^^^^^^^^^^^^^^^^^^^^^^^^^^^^^^^^^^^^^^^^^^^^^^^[0m
  [90m5 |[0m [36mimport[0m {
  [90m6 |[0m   [33mApiResponse[0m, [33mPageResponse[0m,
  [90m7 |[0m   [33mStaffLoginRequestDTO[0m, [33mAuthResponseDTO[0m, [33mRefreshTokenRequestDTO[0m,



Import traces:
  #1 [Server Component]:
    ./lib/apiClient.ts
    ./app/shop/page.tsx

  #2 [Client Component Browser]:
    ./lib/apiClient.ts [Client Component Browser]
    ./components/header.tsx [Client Component Browser]
    ./components/header.tsx [Server Component]
    ./app/layout.tsx [Server Component]

  #3 [Client Component Browser]:
    ./lib/apiClient.ts [Client Component Browser]
    ./components/shop/filter-sidebar.tsx [Client Component Browser]
    ./components/shop/filter-sidebar.tsx [Server Component]
    ./app/shop/page.tsx [Server Component]

  #4 [Client Component SSR]:
    ./lib/apiClient.ts [Client Component SSR]
    ./components/header.tsx [Client Component SSR]
    ./components/header.tsx [Server Component]
    ./app/layout.tsx [Server Component]

  #5 [Client Component SSR]:
    ./lib/apiClient.ts [Client Component SSR]
    ./components/shop/filter-sidebar.tsx [Client Component SSR]
    ./components/shop/filter-sidebar.tsx [Server Component]
    ./app/shop/page.tsx [Server Component]

https://nextjs.org/docs/messages/module-not-found


⨯ ./lib/apiClient.ts:4:1
Error: Module not found: Can't resolve './productCatalogSync'
  [90m2 |[0m [36mimport[0m [33mCookies[0m [36mfrom[0m [32m'js-cookie'[0m
  [90m3 |[0m [36mimport[0m imageCompression [36mfrom[0m [32m'browser-image-compression'[0m
[31m[1m>[0m [90m4 |[0m [36mimport[0m { isProductMutation, notifyProductCatalogChanged } [36mfrom[0m [32m'./productCatalogSync'[0m
  [90m  |[0m [31m[1m^^^^^^^^^^^^^^^^^^^^^^^^^^^^^^^^^^^^^^^^^^^^^^^^^^^^^^^^^^^^^^^^^^^^^^^^^^^^^^^^^^^^^[0m
  [90m5 |[0m [36mimport[0m {
  [90m6 |[0m   [33mApiResponse[0m, [33mPageResponse[0m,
  [90m7 |[0m   [33mStaffLoginRequestDTO[0m, [33mAuthResponseDTO[0m, [33mRefreshTokenRequestDTO[0m,



Import traces:
  #1 [Server Component]:
    ./lib/apiClient.ts
    ./app/shop/page.tsx

  #2 [Client Component Browser]:
    ./lib/apiClient.ts [Client Component Browser]
    ./components/header.tsx [Client Component Browser]
    ./components/header.tsx [Server Component]
    ./app/layout.tsx [Server Component]

  #3 [Client Component Browser]:
    ./lib/apiClient.ts [Client Component Browser]
    ./components/shop/filter-sidebar.tsx [Client Component Browser]
    ./components/shop/filter-sidebar.tsx [Server Component]
    ./app/shop/page.tsx [Server Component]

  #4 [Client Component SSR]:
    ./lib/apiClient.ts [Client Component SSR]
    ./components/header.tsx [Client Component SSR]
    ./components/header.tsx [Server Component]
    ./app/layout.tsx [Server Component]

  #5 [Client Component SSR]:
    ./lib/apiClient.ts [Client Component SSR]
    ./components/shop/filter-sidebar.tsx [Client Component SSR]
    ./components/shop/filter-sidebar.tsx [Server Component]
    ./app/shop/page.tsx [Server Component]

https://nextjs.org/docs/messages/module-not-found


⨯ ./lib/apiClient.ts:4:1
Error: Module not found: Can't resolve './productCatalogSync'
  [90m2 |[0m [36mimport[0m [33mCookies[0m [36mfrom[0m [32m'js-cookie'[0m
  [90m3 |[0m [36mimport[0m imageCompression [36mfrom[0m [32m'browser-image-compression'[0m
[31m[1m>[0m [90m4 |[0m [36mimport[0m { isProductMutation, notifyProductCatalogChanged } [36mfrom[0m [32m'./productCatalogSync'[0m
  [90m  |[0m [31m[1m^^^^^^^^^^^^^^^^^^^^^^^^^^^^^^^^^^^^^^^^^^^^^^^^^^^^^^^^^^^^^^^^^^^^^^^^^^^^^^^^^^^^^[0m
  [90m5 |[0m [36mimport[0m {
  [90m6 |[0m   [33mApiResponse[0m, [33mPageResponse[0m,
  [90m7 |[0m   [33mStaffLoginRequestDTO[0m, [33mAuthResponseDTO[0m, [33mRefreshTokenRequestDTO[0m,



Import traces:
  #1 [Server Component]:
    ./lib/apiClient.ts
    ./app/shop/page.tsx

  #2 [Client Component Browser]:
    ./lib/apiClient.ts [Client Component Browser]
    ./components/header.tsx [Client Component Browser]
    ./components/header.tsx [Server Component]
    ./app/layout.tsx [Server Component]

  #3 [Client Component Browser]:
    ./lib/apiClient.ts [Client Component Browser]
    ./components/shop/filter-sidebar.tsx [Client Component Browser]
    ./components/shop/filter-sidebar.tsx [Server Component]
    ./app/shop/page.tsx [Server Component]

  #4 [Client Component SSR]:
    ./lib/apiClient.ts [Client Component SSR]
    ./components/header.tsx [Client Component SSR]
    ./components/header.tsx [Server Component]
    ./app/layout.tsx [Server Component]

  #5 [Client Component SSR]:
    ./lib/apiClient.ts [Client Component SSR]
    ./components/shop/filter-sidebar.tsx [Client Component SSR]
    ./components/shop/filter-sidebar.tsx [Server Component]
    ./app/shop/page.tsx [Server Component]

https://nextjs.org/docs/messages/module-not-found


⨯ ./lib/apiClient.ts:4:1
Error: Module not found: Can't resolve './productCatalogSync'
  [90m2 |[0m [36mimport[0m [33mCookies[0m [36mfrom[0m [32m'js-cookie'[0m
  [90m3 |[0m [36mimport[0m imageCompression [36mfrom[0m [32m'browser-image-compression'[0m
[31m[1m>[0m [90m4 |[0m [36mimport[0m { isProductMutation, notifyProductCatalogChanged } [36mfrom[0m [32m'./productCatalogSync'[0m
  [90m  |[0m [31m[1m^^^^^^^^^^^^^^^^^^^^^^^^^^^^^^^^^^^^^^^^^^^^^^^^^^^^^^^^^^^^^^^^^^^^^^^^^^^^^^^^^^^^^[0m
  [90m5 |[0m [36mimport[0m {
  [90m6 |[0m   [33mApiResponse[0m, [33mPageResponse[0m,
  [90m7 |[0m   [33mStaffLoginRequestDTO[0m, [33mAuthResponseDTO[0m, [33mRefreshTokenRequestDTO[0m,



Import traces:
  #1 [Server Component]:
    ./lib/apiClient.ts
    ./app/shop/page.tsx

  #2 [Client Component Browser]:
    ./lib/apiClient.ts [Client Component Browser]
    ./components/header.tsx [Client Component Browser]
    ./components/header.tsx [Server Component]
    ./app/layout.tsx [Server Component]

  #3 [Client Component Browser]:
    ./lib/apiClient.ts [Client Component Browser]
    ./components/shop/filter-sidebar.tsx [Client Component Browser]
    ./components/shop/filter-sidebar.tsx [Server Component]
    ./app/shop/page.tsx [Server Component]

  #4 [Client Component SSR]:
    ./lib/apiClient.ts [Client Component SSR]
    ./components/header.tsx [Client Component SSR]
    ./components/header.tsx [Server Component]
    ./app/layout.tsx [Server Component]

  #5 [Client Component SSR]:
    ./lib/apiClient.ts [Client Component SSR]
    ./components/shop/filter-sidebar.tsx [Client Component SSR]
    ./components/shop/filter-sidebar.tsx [Server Component]
    ./app/shop/page.tsx [Server Component]

https://nextjs.org/docs/messages/module-not-found


⨯ ./lib/apiClient.ts:4:1
Error: Module not found: Can't resolve './productCatalogSync'
  [90m2 |[0m [36mimport[0m [33mCookies[0m [36mfrom[0m [32m'js-cookie'[0m
  [90m3 |[0m [36mimport[0m imageCompression [36mfrom[0m [32m'browser-image-compression'[0m
[31m[1m>[0m [90m4 |[0m [36mimport[0m { isProductMutation, notifyProductCatalogChanged } [36mfrom[0m [32m'./productCatalogSync'[0m
  [90m  |[0m [31m[1m^^^^^^^^^^^^^^^^^^^^^^^^^^^^^^^^^^^^^^^^^^^^^^^^^^^^^^^^^^^^^^^^^^^^^^^^^^^^^^^^^^^^^[0m
  [90m5 |[0m [36mimport[0m {
  [90m6 |[0m   [33mApiResponse[0m, [33mPageResponse[0m,
  [90m7 |[0m   [33mStaffLoginRequestDTO[0m, [33mAuthResponseDTO[0m, [33mRefreshTokenRequestDTO[0m,



Import traces:
  #1 [Server Component]:
    ./lib/apiClient.ts
    ./app/shop/page.tsx

  #2 [Client Component Browser]:
    ./lib/apiClient.ts [Client Component Browser]
    ./components/header.tsx [Client Component Browser]
    ./components/header.tsx [Server Component]
    ./app/layout.tsx [Server Component]

  #3 [Client Component Browser]:
    ./lib/apiClient.ts [Client Component Browser]
    ./components/shop/filter-sidebar.tsx [Client Component Browser]
    ./components/shop/filter-sidebar.tsx [Server Component]
    ./app/shop/page.tsx [Server Component]

  #4 [Client Component SSR]:
    ./lib/apiClient.ts [Client Component SSR]
    ./components/header.tsx [Client Component SSR]
    ./components/header.tsx [Server Component]
    ./app/layout.tsx [Server Component]

  #5 [Client Component SSR]:
    ./lib/apiClient.ts [Client Component SSR]
    ./components/shop/filter-sidebar.tsx [Client Component SSR]
    ./components/shop/filter-sidebar.tsx [Server Component]
    ./app/shop/page.tsx [Server Component]

https://nextjs.org/docs/messages/module-not-found


⨯ ./lib/apiClient.ts:4:1
Error: Module not found: Can't resolve './productCatalogSync'
  [90m2 |[0m [36mimport[0m [33mCookies[0m [36mfrom[0m [32m'js-cookie'[0m
  [90m3 |[0m [36mimport[0m imageCompression [36mfrom[0m [32m'browser-image-compression'[0m
[31m[1m>[0m [90m4 |[0m [36mimport[0m { isProductMutation, notifyProductCatalogChanged } [36mfrom[0m [32m'./productCatalogSync'[0m
  [90m  |[0m [31m[1m^^^^^^^^^^^^^^^^^^^^^^^^^^^^^^^^^^^^^^^^^^^^^^^^^^^^^^^^^^^^^^^^^^^^^^^^^^^^^^^^^^^^^[0m
  [90m5 |[0m [36mimport[0m {
  [90m6 |[0m   [33mApiResponse[0m, [33mPageResponse[0m,
  [90m7 |[0m   [33mStaffLoginRequestDTO[0m, [33mAuthResponseDTO[0m, [33mRefreshTokenRequestDTO[0m,



Import traces:
  #1 [Server Component]:
    ./lib/apiClient.ts
    ./app/shop/page.tsx

  #2 [Client Component Browser]:
    ./lib/apiClient.ts [Client Component Browser]
    ./components/header.tsx [Client Component Browser]
    ./components/header.tsx [Server Component]
    ./app/layout.tsx [Server Component]

  #3 [Client Component Browser]:
    ./lib/apiClient.ts [Client Component Browser]
    ./components/shop/filter-sidebar.tsx [Client Component Browser]
    ./components/shop/filter-sidebar.tsx [Server Component]
    ./app/shop/page.tsx [Server Component]

  #4 [Client Component SSR]:
    ./lib/apiClient.ts [Client Component SSR]
    ./components/header.tsx [Client Component SSR]
    ./components/header.tsx [Server Component]
    ./app/layout.tsx [Server Component]

  #5 [Client Component SSR]:
    ./lib/apiClient.ts [Client Component SSR]
    ./components/shop/filter-sidebar.tsx [Client Component SSR]
    ./components/shop/filter-sidebar.tsx [Server Component]
    ./app/shop/page.tsx [Server Component]

https://nextjs.org/docs/messages/module-not-found


⨯ ./lib/apiClient.ts:4:1
Error: Module not found: Can't resolve './productCatalogSync'
  [90m2 |[0m [36mimport[0m [33mCookies[0m [36mfrom[0m [32m'js-cookie'[0m
  [90m3 |[0m [36mimport[0m imageCompression [36mfrom[0m [32m'browser-image-compression'[0m
[31m[1m>[0m [90m4 |[0m [36mimport[0m { isProductMutation, notifyProductCatalogChanged } [36mfrom[0m [32m'./productCatalogSync'[0m
  [90m  |[0m [31m[1m^^^^^^^^^^^^^^^^^^^^^^^^^^^^^^^^^^^^^^^^^^^^^^^^^^^^^^^^^^^^^^^^^^^^^^^^^^^^^^^^^^^^^[0m
  [90m5 |[0m [36mimport[0m {
  [90m6 |[0m   [33mApiResponse[0m, [33mPageResponse[0m,
  [90m7 |[0m   [33mStaffLoginRequestDTO[0m, [33mAuthResponseDTO[0m, [33mRefreshTokenRequestDTO[0m,



Import traces:
  #1 [Server Component]:
    ./lib/apiClient.ts
    ./app/shop/page.tsx

  #2 [Client Component Browser]:
    ./lib/apiClient.ts [Client Component Browser]
    ./components/header.tsx [Client Component Browser]
    ./components/header.tsx [Server Component]
    ./app/layout.tsx [Server Component]

  #3 [Client Component Browser]:
    ./lib/apiClient.ts [Client Component Browser]
    ./components/shop/filter-sidebar.tsx [Client Component Browser]
    ./components/shop/filter-sidebar.tsx [Server Component]
    ./app/shop/page.tsx [Server Component]

  #4 [Client Component SSR]:
    ./lib/apiClient.ts [Client Component SSR]
    ./components/header.tsx [Client Component SSR]
    ./components/header.tsx [Server Component]
    ./app/layout.tsx [Server Component]

  #5 [Client Component SSR]:
    ./lib/apiClient.ts [Client Component SSR]
    ./components/shop/filter-sidebar.tsx [Client Component SSR]
    ./components/shop/filter-sidebar.tsx [Server Component]
    ./app/shop/page.tsx [Server Component]

https://nextjs.org/docs/messages/module-not-found


⨯ ./lib/apiClient.ts:4:1
Error: Module not found: Can't resolve './productCatalogSync'
  [90m2 |[0m [36mimport[0m [33mCookies[0m [36mfrom[0m [32m'js-cookie'[0m
  [90m3 |[0m [36mimport[0m imageCompression [36mfrom[0m [32m'browser-image-compression'[0m
[31m[1m>[0m [90m4 |[0m [36mimport[0m { isProductMutation, notifyProductCatalogChanged } [36mfrom[0m [32m'./productCatalogSync'[0m
  [90m  |[0m [31m[1m^^^^^^^^^^^^^^^^^^^^^^^^^^^^^^^^^^^^^^^^^^^^^^^^^^^^^^^^^^^^^^^^^^^^^^^^^^^^^^^^^^^^^[0m
  [90m5 |[0m [36mimport[0m {
  [90m6 |[0m   [33mApiResponse[0m, [33mPageResponse[0m,
  [90m7 |[0m   [33mStaffLoginRequestDTO[0m, [33mAuthResponseDTO[0m, [33mRefreshTokenRequestDTO[0m,



Import traces:
  #1 [Server Component]:
    ./lib/apiClient.ts
    ./app/shop/page.tsx

  #2 [Client Component Browser]:
    ./lib/apiClient.ts [Client Component Browser]
    ./components/header.tsx [Client Component Browser]
    ./components/header.tsx [Server Component]
    ./app/layout.tsx [Server Component]

  #3 [Client Component Browser]:
    ./lib/apiClient.ts [Client Component Browser]
    ./components/shop/filter-sidebar.tsx [Client Component Browser]
    ./components/shop/filter-sidebar.tsx [Server Component]
    ./app/shop/page.tsx [Server Component]

  #4 [Client Component SSR]:
    ./lib/apiClient.ts [Client Component SSR]
    ./components/header.tsx [Client Component SSR]
    ./components/header.tsx [Server Component]
    ./app/layout.tsx [Server Component]

  #5 [Client Component SSR]:
    ./lib/apiClient.ts [Client Component SSR]
    ./components/shop/filter-sidebar.tsx [Client Component SSR]
    ./components/shop/filter-sidebar.tsx [Server Component]
    ./app/shop/page.tsx [Server Component]

https://nextjs.org/docs/messages/module-not-found


⨯ ./app/shop/page.tsx:9:1
Error: Module not found: Can't resolve '@/lib/productCatalog'
  [90m 7 |[0m [36mimport[0m { [33mProductGridSkeleton[0m } [36mfrom[0m [32m'@/components/shop/product-grid-skeleton'[0m
  [90m 8 |[0m [36mimport[0m { serverFetch } [36mfrom[0m [32m'@/lib/apiClient'[0m
[31m[1m>[0m [90m 9 |[0m [36mimport[0m {
  [90m   |[0m [31m[1m^^^^^^^[0m
[31m[1m>[0m [90m10 |[0m   fetchCatalogServer,
  [90m   |[0m [31m[1m^^^^^^^^^^^^^^^^^^^^^[0m
[31m[1m>[0m [90m11 |[0m   fetchProductDetailsServer,
  [90m   |[0m [31m[1m^^^^^^^^^^^^^^^^^^^^^^^^^^^^[0m
[31m[1m>[0m [90m12 |[0m   fetchSearchServer,
  [90m   |[0m [31m[1m^^^^^^^^^^^^^^^^^^^^[0m
[31m[1m>[0m [90m13 |[0m   filterCatalog,
  [90m   |[0m [31m[1m^^^^^^^^^^^^^^^^[0m
[31m[1m>[0m [90m14 |[0m   findBrand,
  [90m   |[0m [31m[1m^^^^^^^^^^^^[0m
[31m[1m>[0m [90m15 |[0m   findCategory,
  [90m   |[0m [31m[1m^^^^^^^^^^^^^^^[0m
[31m[1m>[0m [90m16 |[0m   [36mtype[0m [33mCatalogProduct[0m,
  [90m   |[0m [31m[1m^^^^^^^^^^^^^^^^^^^^^^[0m
[31m[1m>[0m [90m17 |[0m } [36mfrom[0m [32m'@/lib/productCatalog'[0m
  [90m   |[0m [31m[1m^^^^^^^^^^^^^^^^^^^^^^^^^^^^^[0m
  [90m18 |[0m [36mimport[0m [36mtype[0m { [33mPageResponse[0m, [33mBrandResponseDTO[0m, [33mCategoryResponseDTO[0m } [36mfrom[0m [32m'@/lib/types'[0m
  [90m19 |[0m
  [90m20 |[0m [36mexport[0m [36mconst[0m metadata: [33mMetadata[0m = {

Import map: aliased to relative './lib/productCatalog' inside of [project]/


https://nextjs.org/docs/messages/module-not-found


⨯ ./app/shop/page.tsx:9:1
Error: Module not found: Can't resolve '@/lib/productCatalog'
  [90m 7 |[0m [36mimport[0m { [33mProductGridSkeleton[0m } [36mfrom[0m [32m'@/components/shop/product-grid-skeleton'[0m
  [90m 8 |[0m [36mimport[0m { serverFetch } [36mfrom[0m [32m'@/lib/apiClient'[0m
[31m[1m>[0m [90m 9 |[0m [36mimport[0m {
  [90m   |[0m [31m[1m^^^^^^^[0m
[31m[1m>[0m [90m10 |[0m   fetchCatalogServer,
  [90m   |[0m [31m[1m^^^^^^^^^^^^^^^^^^^^^[0m
[31m[1m>[0m [90m11 |[0m   fetchProductDetailsServer,
  [90m   |[0m [31m[1m^^^^^^^^^^^^^^^^^^^^^^^^^^^^[0m
[31m[1m>[0m [90m12 |[0m   fetchSearchServer,
  [90m   |[0m [31m[1m^^^^^^^^^^^^^^^^^^^^[0m
[31m[1m>[0m [90m13 |[0m   filterCatalog,
  [90m   |[0m [31m[1m^^^^^^^^^^^^^^^^[0m
[31m[1m>[0m [90m14 |[0m   findBrand,
  [90m   |[0m [31m[1m^^^^^^^^^^^^[0m
[31m[1m>[0m [90m15 |[0m   findCategory,
  [90m   |[0m [31m[1m^^^^^^^^^^^^^^^[0m
[31m[1m>[0m [90m16 |[0m   [36mtype[0m [33mCatalogProduct[0m,
  [90m   |[0m [31m[1m^^^^^^^^^^^^^^^^^^^^^^[0m
[31m[1m>[0m [90m17 |[0m } [36mfrom[0m [32m'@/lib/productCatalog'[0m
  [90m   |[0m [31m[1m^^^^^^^^^^^^^^^^^^^^^^^^^^^^^[0m
  [90m18 |[0m [36mimport[0m [36mtype[0m { [33mPageResponse[0m, [33mBrandResponseDTO[0m, [33mCategoryResponseDTO[0m } [36mfrom[0m [32m'@/lib/types'[0m
  [90m19 |[0m
  [90m20 |[0m [36mexport[0m [36mconst[0m metadata: [33mMetadata[0m = {

Import map: aliased to relative './lib/productCatalog' inside of [project]/


https://nextjs.org/docs/messages/module-not-found


⨯ ./app/shop/page.tsx:9:1
Error: Module not found: Can't resolve '@/lib/productCatalog'
  [90m 7 |[0m [36mimport[0m { [33mProductGridSkeleton[0m } [36mfrom[0m [32m'@/components/shop/product-grid-skeleton'[0m
  [90m 8 |[0m [36mimport[0m { serverFetch } [36mfrom[0m [32m'@/lib/apiClient'[0m
[31m[1m>[0m [90m 9 |[0m [36mimport[0m {
  [90m   |[0m [31m[1m^^^^^^^[0m
[31m[1m>[0m [90m10 |[0m   fetchCatalogServer,
  [90m   |[0m [31m[1m^^^^^^^^^^^^^^^^^^^^^[0m
[31m[1m>[0m [90m11 |[0m   fetchProductDetailsServer,
  [90m   |[0m [31m[1m^^^^^^^^^^^^^^^^^^^^^^^^^^^^[0m
[31m[1m>[0m [90m12 |[0m   fetchSearchServer,
  [90m   |[0m [31m[1m^^^^^^^^^^^^^^^^^^^^[0m
[31m[1m>[0m [90m13 |[0m   filterCatalog,
  [90m   |[0m [31m[1m^^^^^^^^^^^^^^^^[0m
[31m[1m>[0m [90m14 |[0m   findBrand,
  [90m   |[0m [31m[1m^^^^^^^^^^^^[0m
[31m[1m>[0m [90m15 |[0m   findCategory,
  [90m   |[0m [31m[1m^^^^^^^^^^^^^^^[0m
[31m[1m>[0m [90m16 |[0m   [36mtype[0m [33mCatalogProduct[0m,
  [90m   |[0m [31m[1m^^^^^^^^^^^^^^^^^^^^^^[0m
[31m[1m>[0m [90m17 |[0m } [36mfrom[0m [32m'@/lib/productCatalog'[0m
  [90m   |[0m [31m[1m^^^^^^^^^^^^^^^^^^^^^^^^^^^^^[0m
  [90m18 |[0m [36mimport[0m [36mtype[0m { [33mPageResponse[0m, [33mBrandResponseDTO[0m, [33mCategoryResponseDTO[0m } [36mfrom[0m [32m'@/lib/types'[0m
  [90m19 |[0m
  [90m20 |[0m [36mexport[0m [36mconst[0m metadata: [33mMetadata[0m = {

Import map: aliased to relative './lib/productCatalog' inside of [project]/


https://nextjs.org/docs/messages/module-not-found


⨯ ./app/shop/page.tsx:9:1
Error: Module not found: Can't resolve '@/lib/productCatalog'
  [90m 7 |[0m [36mimport[0m { [33mProductGridSkeleton[0m } [36mfrom[0m [32m'@/components/shop/product-grid-skeleton'[0m
  [90m 8 |[0m [36mimport[0m { serverFetch } [36mfrom[0m [32m'@/lib/apiClient'[0m
[31m[1m>[0m [90m 9 |[0m [36mimport[0m {
  [90m   |[0m [31m[1m^^^^^^^[0m
[31m[1m>[0m [90m10 |[0m   fetchCatalogServer,
  [90m   |[0m [31m[1m^^^^^^^^^^^^^^^^^^^^^[0m
[31m[1m>[0m [90m11 |[0m   fetchProductDetailsServer,
  [90m   |[0m [31m[1m^^^^^^^^^^^^^^^^^^^^^^^^^^^^[0m
[31m[1m>[0m [90m12 |[0m   fetchSearchServer,
  [90m   |[0m [31m[1m^^^^^^^^^^^^^^^^^^^^[0m
[31m[1m>[0m [90m13 |[0m   filterCatalog,
  [90m   |[0m [31m[1m^^^^^^^^^^^^^^^^[0m
[31m[1m>[0m [90m14 |[0m   findBrand,
  [90m   |[0m [31m[1m^^^^^^^^^^^^[0m
[31m[1m>[0m [90m15 |[0m   findCategory,
  [90m   |[0m [31m[1m^^^^^^^^^^^^^^^[0m
[31m[1m>[0m [90m16 |[0m   [36mtype[0m [33mCatalogProduct[0m,
  [90m   |[0m [31m[1m^^^^^^^^^^^^^^^^^^^^^^[0m
[31m[1m>[0m [90m17 |[0m } [36mfrom[0m [32m'@/lib/productCatalog'[0m
  [90m   |[0m [31m[1m^^^^^^^^^^^^^^^^^^^^^^^^^^^^^[0m
  [90m18 |[0m [36mimport[0m [36mtype[0m { [33mPageResponse[0m, [33mBrandResponseDTO[0m, [33mCategoryResponseDTO[0m } [36mfrom[0m [32m'@/lib/types'[0m
  [90m19 |[0m
  [90m20 |[0m [36mexport[0m [36mconst[0m metadata: [33mMetadata[0m = {

Import map: aliased to relative './lib/productCatalog' inside of [project]/


https://nextjs.org/docs/messages/module-not-found


⨯ ./app/shop/page.tsx:9:1
Error: Module not found: Can't resolve '@/lib/productCatalog'
  [90m 7 |[0m [36mimport[0m { [33mProductGridSkeleton[0m } [36mfrom[0m [32m'@/components/shop/product-grid-skeleton'[0m
  [90m 8 |[0m [36mimport[0m { serverFetch } [36mfrom[0m [32m'@/lib/apiClient'[0m
[31m[1m>[0m [90m 9 |[0m [36mimport[0m {
  [90m   |[0m [31m[1m^^^^^^^[0m
[31m[1m>[0m [90m10 |[0m   fetchCatalogServer,
  [90m   |[0m [31m[1m^^^^^^^^^^^^^^^^^^^^^[0m
[31m[1m>[0m [90m11 |[0m   fetchProductDetailsServer,
  [90m   |[0m [31m[1m^^^^^^^^^^^^^^^^^^^^^^^^^^^^[0m
[31m[1m>[0m [90m12 |[0m   fetchSearchServer,
  [90m   |[0m [31m[1m^^^^^^^^^^^^^^^^^^^^[0m
[31m[1m>[0m [90m13 |[0m   filterCatalog,
  [90m   |[0m [31m[1m^^^^^^^^^^^^^^^^[0m
[31m[1m>[0m [90m14 |[0m   findBrand,
  [90m   |[0m [31m[1m^^^^^^^^^^^^[0m
[31m[1m>[0m [90m15 |[0m   findCategory,
  [90m   |[0m [31m[1m^^^^^^^^^^^^^^^[0m
[31m[1m>[0m [90m16 |[0m   [36mtype[0m [33mCatalogProduct[0m,
  [90m   |[0m [31m[1m^^^^^^^^^^^^^^^^^^^^^^[0m
[31m[1m>[0m [90m17 |[0m } [36mfrom[0m [32m'@/lib/productCatalog'[0m
  [90m   |[0m [31m[1m^^^^^^^^^^^^^^^^^^^^^^^^^^^^^[0m
  [90m18 |[0m [36mimport[0m [36mtype[0m { [33mPageResponse[0m, [33mBrandResponseDTO[0m, [33mCategoryResponseDTO[0m } [36mfrom[0m [32m'@/lib/types'[0m
  [90m19 |[0m
  [90m20 |[0m [36mexport[0m [36mconst[0m metadata: [33mMetadata[0m = {

Import map: aliased to relative './lib/productCatalog' inside of [project]/


https://nextjs.org/docs/messages/module-not-found


⨯ ./app/shop/page.tsx:9:1
Error: Module not found: Can't resolve '@/lib/productCatalog'
  [90m 7 |[0m [36mimport[0m { [33mProductGridSkeleton[0m } [36mfrom[0m [32m'@/components/shop/product-grid-skeleton'[0m
  [90m 8 |[0m [36mimport[0m { serverFetch } [36mfrom[0m [32m'@/lib/apiClient'[0m
[31m[1m>[0m [90m 9 |[0m [36mimport[0m {
  [90m   |[0m [31m[1m^^^^^^^[0m
[31m[1m>[0m [90m10 |[0m   fetchCatalogServer,
  [90m   |[0m [31m[1m^^^^^^^^^^^^^^^^^^^^^[0m
[31m[1m>[0m [90m11 |[0m   fetchProductDetailsServer,
  [90m   |[0m [31m[1m^^^^^^^^^^^^^^^^^^^^^^^^^^^^[0m
[31m[1m>[0m [90m12 |[0m   fetchSearchServer,
  [90m   |[0m [31m[1m^^^^^^^^^^^^^^^^^^^^[0m
[31m[1m>[0m [90m13 |[0m   filterCatalog,
  [90m   |[0m [31m[1m^^^^^^^^^^^^^^^^[0m
[31m[1m>[0m [90m14 |[0m   findBrand,
  [90m   |[0m [31m[1m^^^^^^^^^^^^[0m
[31m[1m>[0m [90m15 |[0m   findCategory,
  [90m   |[0m [31m[1m^^^^^^^^^^^^^^^[0m
[31m[1m>[0m [90m16 |[0m   [36mtype[0m [33mCatalogProduct[0m,
  [90m   |[0m [31m[1m^^^^^^^^^^^^^^^^^^^^^^[0m
[31m[1m>[0m [90m17 |[0m } [36mfrom[0m [32m'@/lib/productCatalog'[0m
  [90m   |[0m [31m[1m^^^^^^^^^^^^^^^^^^^^^^^^^^^^^[0m
  [90m18 |[0m [36mimport[0m [36mtype[0m { [33mPageResponse[0m, [33mBrandResponseDTO[0m, [33mCategoryResponseDTO[0m } [36mfrom[0m [32m'@/lib/types'[0m
  [90m19 |[0m
  [90m20 |[0m [36mexport[0m [36mconst[0m metadata: [33mMetadata[0m = {

Import map: aliased to relative './lib/productCatalog' inside of [project]/


https://nextjs.org/docs/messages/module-not-found


⨯ ./app/shop/page.tsx:9:1
Error: Module not found: Can't resolve '@/lib/productCatalog'
  [90m 7 |[0m [36mimport[0m { [33mProductGridSkeleton[0m } [36mfrom[0m [32m'@/components/shop/product-grid-skeleton'[0m
  [90m 8 |[0m [36mimport[0m { serverFetch } [36mfrom[0m [32m'@/lib/apiClient'[0m
[31m[1m>[0m [90m 9 |[0m [36mimport[0m {
  [90m   |[0m [31m[1m^^^^^^^[0m
[31m[1m>[0m [90m10 |[0m   fetchCatalogServer,
  [90m   |[0m [31m[1m^^^^^^^^^^^^^^^^^^^^^[0m
[31m[1m>[0m [90m11 |[0m   fetchProductDetailsServer,
  [90m   |[0m [31m[1m^^^^^^^^^^^^^^^^^^^^^^^^^^^^[0m
[31m[1m>[0m [90m12 |[0m   fetchSearchServer,
  [90m   |[0m [31m[1m^^^^^^^^^^^^^^^^^^^^[0m
[31m[1m>[0m [90m13 |[0m   filterCatalog,
  [90m   |[0m [31m[1m^^^^^^^^^^^^^^^^[0m
[31m[1m>[0m [90m14 |[0m   findBrand,
  [90m   |[0m [31m[1m^^^^^^^^^^^^[0m
[31m[1m>[0m [90m15 |[0m   findCategory,
  [90m   |[0m [31m[1m^^^^^^^^^^^^^^^[0m
[31m[1m>[0m [90m16 |[0m   [36mtype[0m [33mCatalogProduct[0m,
  [90m   |[0m [31m[1m^^^^^^^^^^^^^^^^^^^^^^[0m
[31m[1m>[0m [90m17 |[0m } [36mfrom[0m [32m'@/lib/productCatalog'[0m
  [90m   |[0m [31m[1m^^^^^^^^^^^^^^^^^^^^^^^^^^^^^[0m
  [90m18 |[0m [36mimport[0m [36mtype[0m { [33mPageResponse[0m, [33mBrandResponseDTO[0m, [33mCategoryResponseDTO[0m } [36mfrom[0m [32m'@/lib/types'[0m
  [90m19 |[0m
  [90m20 |[0m [36mexport[0m [36mconst[0m metadata: [33mMetadata[0m = {

Import map: aliased to relative './lib/productCatalog' inside of [project]/


https://nextjs.org/docs/messages/module-not-found


⨯ ./lib/apiClient.ts:4:1
Error: Module not found: Can't resolve './productCatalogSync'
  [90m2 |[0m [36mimport[0m [33mCookies[0m [36mfrom[0m [32m'js-cookie'[0m
  [90m3 |[0m [36mimport[0m imageCompression [36mfrom[0m [32m'browser-image-compression'[0m
[31m[1m>[0m [90m4 |[0m [36mimport[0m { isProductMutation, notifyProductCatalogChanged } [36mfrom[0m [32m'./productCatalogSync'[0m
  [90m  |[0m [31m[1m^^^^^^^^^^^^^^^^^^^^^^^^^^^^^^^^^^^^^^^^^^^^^^^^^^^^^^^^^^^^^^^^^^^^^^^^^^^^^^^^^^^^^[0m
  [90m5 |[0m [36mimport[0m {
  [90m6 |[0m   [33mApiResponse[0m, [33mPageResponse[0m,
  [90m7 |[0m   [33mStaffLoginRequestDTO[0m, [33mAuthResponseDTO[0m, [33mRefreshTokenRequestDTO[0m,



Import traces:
  Client Component Browser:
    ./lib/apiClient.ts [Client Component Browser]
    ./components/header.tsx [Client Component Browser]
    ./components/header.tsx [Server Component]
    ./app/layout.tsx [Server Component]

  Client Component SSR:
    ./lib/apiClient.ts [Client Component SSR]
    ./components/header.tsx [Client Component SSR]
    ./components/header.tsx [Server Component]
    ./app/layout.tsx [Server Component]

https://nextjs.org/docs/messages/module-not-found


⨯ ./lib/apiClient.ts:4:1
Error: Module not found: Can't resolve './productCatalogSync'
  [90m2 |[0m [36mimport[0m [33mCookies[0m [36mfrom[0m [32m'js-cookie'[0m
  [90m3 |[0m [36mimport[0m imageCompression [36mfrom[0m [32m'browser-image-compression'[0m
[31m[1m>[0m [90m4 |[0m [36mimport[0m { isProductMutation, notifyProductCatalogChanged } [36mfrom[0m [32m'./productCatalogSync'[0m
  [90m  |[0m [31m[1m^^^^^^^^^^^^^^^^^^^^^^^^^^^^^^^^^^^^^^^^^^^^^^^^^^^^^^^^^^^^^^^^^^^^^^^^^^^^^^^^^^^^^[0m
  [90m5 |[0m [36mimport[0m {
  [90m6 |[0m   [33mApiResponse[0m, [33mPageResponse[0m,
  [90m7 |[0m   [33mStaffLoginRequestDTO[0m, [33mAuthResponseDTO[0m, [33mRefreshTokenRequestDTO[0m,



Import traces:
  Client Component Browser:
    ./lib/apiClient.ts [Client Component Browser]
    ./components/header.tsx [Client Component Browser]
    ./components/header.tsx [Server Component]
    ./app/layout.tsx [Server Component]

  Client Component SSR:
    ./lib/apiClient.ts [Client Component SSR]
    ./components/header.tsx [Client Component SSR]
    ./components/header.tsx [Server Component]
    ./app/layout.tsx [Server Component]

https://nextjs.org/docs/messages/module-not-found


⨯ ./lib/apiClient.ts:4:1
Error: Module not found: Can't resolve './productCatalogSync'
  [90m2 |[0m [36mimport[0m [33mCookies[0m [36mfrom[0m [32m'js-cookie'[0m
  [90m3 |[0m [36mimport[0m imageCompression [36mfrom[0m [32m'browser-image-compression'[0m
[31m[1m>[0m [90m4 |[0m [36mimport[0m { isProductMutation, notifyProductCatalogChanged } [36mfrom[0m [32m'./productCatalogSync'[0m
  [90m  |[0m [31m[1m^^^^^^^^^^^^^^^^^^^^^^^^^^^^^^^^^^^^^^^^^^^^^^^^^^^^^^^^^^^^^^^^^^^^^^^^^^^^^^^^^^^^^[0m
  [90m5 |[0m [36mimport[0m {
  [90m6 |[0m   [33mApiResponse[0m, [33mPageResponse[0m,
  [90m7 |[0m   [33mStaffLoginRequestDTO[0m, [33mAuthResponseDTO[0m, [33mRefreshTokenRequestDTO[0m,



Import traces:
  Client Component Browser:
    ./lib/apiClient.ts [Client Component Browser]
    ./components/header.tsx [Client Component Browser]
    ./components/header.tsx [Server Component]
    ./app/layout.tsx [Server Component]

  Client Component SSR:
    ./lib/apiClient.ts [Client Component SSR]
    ./components/header.tsx [Client Component SSR]
    ./components/header.tsx [Server Component]
    ./app/layout.tsx [Server Component]

https://nextjs.org/docs/messages/module-not-found


⨯ ./lib/apiClient.ts:4:1
Error: Module not found: Can't resolve './productCatalogSync'
  [90m2 |[0m [36mimport[0m [33mCookies[0m [36mfrom[0m [32m'js-cookie'[0m
  [90m3 |[0m [36mimport[0m imageCompression [36mfrom[0m [32m'browser-image-compression'[0m
[31m[1m>[0m [90m4 |[0m [36mimport[0m { isProductMutation, notifyProductCatalogChanged } [36mfrom[0m [32m'./productCatalogSync'[0m
  [90m  |[0m [31m[1m^^^^^^^^^^^^^^^^^^^^^^^^^^^^^^^^^^^^^^^^^^^^^^^^^^^^^^^^^^^^^^^^^^^^^^^^^^^^^^^^^^^^^[0m
  [90m5 |[0m [36mimport[0m {
  [90m6 |[0m   [33mApiResponse[0m, [33mPageResponse[0m,
  [90m7 |[0m   [33mStaffLoginRequestDTO[0m, [33mAuthResponseDTO[0m, [33mRefreshTokenRequestDTO[0m,



Import traces:
  Client Component Browser:
    ./lib/apiClient.ts [Client Component Browser]
    ./components/header.tsx [Client Component Browser]
    ./components/header.tsx [Server Component]
    ./app/layout.tsx [Server Component]

  Client Component SSR:
    ./lib/apiClient.ts [Client Component SSR]
    ./components/header.tsx [Client Component SSR]
    ./components/header.tsx [Server Component]
    ./app/layout.tsx [Server Component]

https://nextjs.org/docs/messages/module-not-found


⨯ ./lib/apiClient.ts:4:1
Error: Module not found: Can't resolve './productCatalogSync'
  [90m2 |[0m [36mimport[0m [33mCookies[0m [36mfrom[0m [32m'js-cookie'[0m
  [90m3 |[0m [36mimport[0m imageCompression [36mfrom[0m [32m'browser-image-compression'[0m
[31m[1m>[0m [90m4 |[0m [36mimport[0m { isProductMutation, notifyProductCatalogChanged } [36mfrom[0m [32m'./productCatalogSync'[0m
  [90m  |[0m [31m[1m^^^^^^^^^^^^^^^^^^^^^^^^^^^^^^^^^^^^^^^^^^^^^^^^^^^^^^^^^^^^^^^^^^^^^^^^^^^^^^^^^^^^^[0m
  [90m5 |[0m [36mimport[0m {
  [90m6 |[0m   [33mApiResponse[0m, [33mPageResponse[0m,
  [90m7 |[0m   [33mStaffLoginRequestDTO[0m, [33mAuthResponseDTO[0m, [33mRefreshTokenRequestDTO[0m,



Import traces:
  Client Component Browser:
    ./lib/apiClient.ts [Client Component Browser]
    ./components/header.tsx [Client Component Browser]
    ./components/header.tsx [Server Component]
    ./app/layout.tsx [Server Component]

  Client Component SSR:
    ./lib/apiClient.ts [Client Component SSR]
    ./components/header.tsx [Client Component SSR]
    ./components/header.tsx [Server Component]
    ./app/layout.tsx [Server Component]

https://nextjs.org/docs/messages/module-not-found


⨯ ./lib/apiClient.ts:4:1
Error: Module not found: Can't resolve './productCatalogSync'
  [90m2 |[0m [36mimport[0m [33mCookies[0m [36mfrom[0m [32m'js-cookie'[0m
  [90m3 |[0m [36mimport[0m imageCompression [36mfrom[0m [32m'browser-image-compression'[0m
[31m[1m>[0m [90m4 |[0m [36mimport[0m { isProductMutation, notifyProductCatalogChanged } [36mfrom[0m [32m'./productCatalogSync'[0m
  [90m  |[0m [31m[1m^^^^^^^^^^^^^^^^^^^^^^^^^^^^^^^^^^^^^^^^^^^^^^^^^^^^^^^^^^^^^^^^^^^^^^^^^^^^^^^^^^^^^[0m
  [90m5 |[0m [36mimport[0m {
  [90m6 |[0m   [33mApiResponse[0m, [33mPageResponse[0m,
  [90m7 |[0m   [33mStaffLoginRequestDTO[0m, [33mAuthResponseDTO[0m, [33mRefreshTokenRequestDTO[0m,



Import traces:
  Client Component Browser:
    ./lib/apiClient.ts [Client Component Browser]
    ./components/header.tsx [Client Component Browser]
    ./components/header.tsx [Server Component]
    ./app/layout.tsx [Server Component]

  Client Component SSR:
    ./lib/apiClient.ts [Client Component SSR]
    ./components/header.tsx [Client Component SSR]
    ./components/header.tsx [Server Component]
    ./app/layout.tsx [Server Component]

https://nextjs.org/docs/messages/module-not-found


⨯ ./lib/apiClient.ts:4:1
Error: Module not found: Can't resolve './productCatalogSync'
  [90m2 |[0m [36mimport[0m [33mCookies[0m [36mfrom[0m [32m'js-cookie'[0m
  [90m3 |[0m [36mimport[0m imageCompression [36mfrom[0m [32m'browser-image-compression'[0m
[31m[1m>[0m [90m4 |[0m [36mimport[0m { isProductMutation, notifyProductCatalogChanged } [36mfrom[0m [32m'./productCatalogSync'[0m
  [90m  |[0m [31m[1m^^^^^^^^^^^^^^^^^^^^^^^^^^^^^^^^^^^^^^^^^^^^^^^^^^^^^^^^^^^^^^^^^^^^^^^^^^^^^^^^^^^^^[0m
  [90m5 |[0m [36mimport[0m {
  [90m6 |[0m   [33mApiResponse[0m, [33mPageResponse[0m,
  [90m7 |[0m   [33mStaffLoginRequestDTO[0m, [33mAuthResponseDTO[0m, [33mRefreshTokenRequestDTO[0m,



Import traces:
  Client Component Browser:
    ./lib/apiClient.ts [Client Component Browser]
    ./components/header.tsx [Client Component Browser]
    ./components/header.tsx [Server Component]
    ./app/layout.tsx [Server Component]

  Client Component SSR:
    ./lib/apiClient.ts [Client Component SSR]
    ./components/header.tsx [Client Component SSR]
    ./components/header.tsx [Server Component]
    ./app/layout.tsx [Server Component]

https://nextjs.org/docs/messages/module-not-found


⨯ ./lib/apiClient.ts:4:1
Error: Module not found: Can't resolve './productCatalogSync'
  [90m2 |[0m [36mimport[0m [33mCookies[0m [36mfrom[0m [32m'js-cookie'[0m
  [90m3 |[0m [36mimport[0m imageCompression [36mfrom[0m [32m'browser-image-compression'[0m
[31m[1m>[0m [90m4 |[0m [36mimport[0m { isProductMutation, notifyProductCatalogChanged } [36mfrom[0m [32m'./productCatalogSync'[0m
  [90m  |[0m [31m[1m^^^^^^^^^^^^^^^^^^^^^^^^^^^^^^^^^^^^^^^^^^^^^^^^^^^^^^^^^^^^^^^^^^^^^^^^^^^^^^^^^^^^^[0m
  [90m5 |[0m [36mimport[0m {
  [90m6 |[0m   [33mApiResponse[0m, [33mPageResponse[0m,
  [90m7 |[0m   [33mStaffLoginRequestDTO[0m, [33mAuthResponseDTO[0m, [33mRefreshTokenRequestDTO[0m,



Import traces:
  Client Component Browser:
    ./lib/apiClient.ts [Client Component Browser]
    ./components/header.tsx [Client Component Browser]
    ./components/header.tsx [Server Component]
    ./app/layout.tsx [Server Component]

  Client Component SSR:
    ./lib/apiClient.ts [Client Component SSR]
    ./components/header.tsx [Client Component SSR]
    ./components/header.tsx [Server Component]
    ./app/layout.tsx [Server Component]

https://nextjs.org/docs/messages/module-not-found


⨯ ./lib/apiClient.ts:4:1
Error: Module not found: Can't resolve './productCatalogSync'
  [90m2 |[0m [36mimport[0m [33mCookies[0m [36mfrom[0m [32m'js-cookie'[0m
  [90m3 |[0m [36mimport[0m imageCompression [36mfrom[0m [32m'browser-image-compression'[0m
[31m[1m>[0m [90m4 |[0m [36mimport[0m { isProductMutation, notifyProductCatalogChanged } [36mfrom[0m [32m'./productCatalogSync'[0m
  [90m  |[0m [31m[1m^^^^^^^^^^^^^^^^^^^^^^^^^^^^^^^^^^^^^^^^^^^^^^^^^^^^^^^^^^^^^^^^^^^^^^^^^^^^^^^^^^^^^[0m
  [90m5 |[0m [36mimport[0m {
  [90m6 |[0m   [33mApiResponse[0m, [33mPageResponse[0m,
  [90m7 |[0m   [33mStaffLoginRequestDTO[0m, [33mAuthResponseDTO[0m, [33mRefreshTokenRequestDTO[0m,



Import traces:
  Client Component Browser:
    ./lib/apiClient.ts [Client Component Browser]
    ./components/header.tsx [Client Component Browser]
    ./components/header.tsx [Server Component]
    ./app/layout.tsx [Server Component]

  Client Component SSR:
    ./lib/apiClient.ts [Client Component SSR]
    ./components/header.tsx [Client Component SSR]
    ./components/header.tsx [Server Component]
    ./app/layout.tsx [Server Component]

https://nextjs.org/docs/messages/module-not-found


⨯ ./lib/apiClient.ts:4:1
Error: Module not found: Can't resolve './productCatalogSync'
  [90m2 |[0m [36mimport[0m [33mCookies[0m [36mfrom[0m [32m'js-cookie'[0m
  [90m3 |[0m [36mimport[0m imageCompression [36mfrom[0m [32m'browser-image-compression'[0m
[31m[1m>[0m [90m4 |[0m [36mimport[0m { isProductMutation, notifyProductCatalogChanged } [36mfrom[0m [32m'./productCatalogSync'[0m
  [90m  |[0m [31m[1m^^^^^^^^^^^^^^^^^^^^^^^^^^^^^^^^^^^^^^^^^^^^^^^^^^^^^^^^^^^^^^^^^^^^^^^^^^^^^^^^^^^^^[0m
  [90m5 |[0m [36mimport[0m {
  [90m6 |[0m   [33mApiResponse[0m, [33mPageResponse[0m,
  [90m7 |[0m   [33mStaffLoginRequestDTO[0m, [33mAuthResponseDTO[0m, [33mRefreshTokenRequestDTO[0m,



Import traces:
  Client Component Browser:
    ./lib/apiClient.ts [Client Component Browser]
    ./components/header.tsx [Client Component Browser]
    ./components/header.tsx [Server Component]
    ./app/layout.tsx [Server Component]

  Client Component SSR:
    ./lib/apiClient.ts [Client Component SSR]
    ./components/header.tsx [Client Component SSR]
    ./components/header.tsx [Server Component]
    ./app/layout.tsx [Server Component]

https://nextjs.org/docs/messages/module-not-found


⨯ ./lib/apiClient.ts:4:1
Error: Module not found: Can't resolve './productCatalogSync'
  [90m2 |[0m [36mimport[0m [33mCookies[0m [36mfrom[0m [32m'js-cookie'[0m
  [90m3 |[0m [36mimport[0m imageCompression [36mfrom[0m [32m'browser-image-compression'[0m
[31m[1m>[0m [90m4 |[0m [36mimport[0m { isProductMutation, notifyProductCatalogChanged } [36mfrom[0m [32m'./productCatalogSync'[0m
  [90m  |[0m [31m[1m^^^^^^^^^^^^^^^^^^^^^^^^^^^^^^^^^^^^^^^^^^^^^^^^^^^^^^^^^^^^^^^^^^^^^^^^^^^^^^^^^^^^^[0m
  [90m5 |[0m [36mimport[0m {
  [90m6 |[0m   [33mApiResponse[0m, [33mPageResponse[0m,
  [90m7 |[0m   [33mStaffLoginRequestDTO[0m, [33mAuthResponseDTO[0m, [33mRefreshTokenRequestDTO[0m,



Import traces:
  Client Component Browser:
    ./lib/apiClient.ts [Client Component Browser]
    ./components/header.tsx [Client Component Browser]
    ./components/header.tsx [Server Component]
    ./app/layout.tsx [Server Component]

  Client Component SSR:
    ./lib/apiClient.ts [Client Component SSR]
    ./components/header.tsx [Client Component SSR]
    ./components/header.tsx [Server Component]
    ./app/layout.tsx [Server Component]

https://nextjs.org/docs/messages/module-not-found


⨯ ./lib/apiClient.ts:4:1
Error: Module not found: Can't resolve './productCatalogSync'
  [90m2 |[0m [36mimport[0m [33mCookies[0m [36mfrom[0m [32m'js-cookie'[0m
  [90m3 |[0m [36mimport[0m imageCompression [36mfrom[0m [32m'browser-image-compression'[0m
[31m[1m>[0m [90m4 |[0m [36mimport[0m { isProductMutation, notifyProductCatalogChanged } [36mfrom[0m [32m'./productCatalogSync'[0m
  [90m  |[0m [31m[1m^^^^^^^^^^^^^^^^^^^^^^^^^^^^^^^^^^^^^^^^^^^^^^^^^^^^^^^^^^^^^^^^^^^^^^^^^^^^^^^^^^^^^[0m
  [90m5 |[0m [36mimport[0m {
  [90m6 |[0m   [33mApiResponse[0m, [33mPageResponse[0m,
  [90m7 |[0m   [33mStaffLoginRequestDTO[0m, [33mAuthResponseDTO[0m, [33mRefreshTokenRequestDTO[0m,



Import traces:
  Client Component Browser:
    ./lib/apiClient.ts [Client Component Browser]
    ./components/header.tsx [Client Component Browser]
    ./components/header.tsx [Server Component]
    ./app/layout.tsx [Server Component]

  Client Component SSR:
    ./lib/apiClient.ts [Client Component SSR]
    ./components/header.tsx [Client Component SSR]
    ./components/header.tsx [Server Component]
    ./app/layout.tsx [Server Component]

https://nextjs.org/docs/messages/module-not-found


⨯ ./lib/apiClient.ts:4:1
Error: Module not found: Can't resolve './productCatalogSync'
  [90m2 |[0m [36mimport[0m [33mCookies[0m [36mfrom[0m [32m'js-cookie'[0m
  [90m3 |[0m [36mimport[0m imageCompression [36mfrom[0m [32m'browser-image-compression'[0m
[31m[1m>[0m [90m4 |[0m [36mimport[0m { isProductMutation, notifyProductCatalogChanged } [36mfrom[0m [32m'./productCatalogSync'[0m
  [90m  |[0m [31m[1m^^^^^^^^^^^^^^^^^^^^^^^^^^^^^^^^^^^^^^^^^^^^^^^^^^^^^^^^^^^^^^^^^^^^^^^^^^^^^^^^^^^^^[0m
  [90m5 |[0m [36mimport[0m {
  [90m6 |[0m   [33mApiResponse[0m, [33mPageResponse[0m,
  [90m7 |[0m   [33mStaffLoginRequestDTO[0m, [33mAuthResponseDTO[0m, [33mRefreshTokenRequestDTO[0m,



Import traces:
  #1 [Server Component]:
    ./lib/apiClient.ts
    ./app/page.tsx

  #2 [Client Component Browser]:
    ./lib/apiClient.ts [Client Component Browser]
    ./components/header.tsx [Client Component Browser]
    ./components/header.tsx [Server Component]
    ./app/layout.tsx [Server Component]

  #3 [Client Component SSR]:
    ./lib/apiClient.ts [Client Component SSR]
    ./components/header.tsx [Client Component SSR]
    ./components/header.tsx [Server Component]
    ./app/layout.tsx [Server Component]

  #4 [Client Component Browser]:
    ./lib/apiClient.ts [Client Component Browser]
    ./components/product-card.tsx [Client Component Browser]
    ./components/home/budget-phones.tsx [Client Component Browser]
    ./components/home/budget-phones.tsx [Server Component]
    ./app/page.tsx [Server Component]

  #5 [Client Component SSR]:
    ./lib/apiClient.ts [Client Component SSR]
    ./components/product-card.tsx [Client Component SSR]
    ./components/home/budget-phones.tsx [Client Component SSR]
    ./components/home/budget-phones.tsx [Server Component]
    ./app/page.tsx [Server Component]

https://nextjs.org/docs/messages/module-not-found


⨯ ./lib/apiClient.ts:4:1
Error: Module not found: Can't resolve './productCatalogSync'
  [90m2 |[0m [36mimport[0m [33mCookies[0m [36mfrom[0m [32m'js-cookie'[0m
  [90m3 |[0m [36mimport[0m imageCompression [36mfrom[0m [32m'browser-image-compression'[0m
[31m[1m>[0m [90m4 |[0m [36mimport[0m { isProductMutation, notifyProductCatalogChanged } [36mfrom[0m [32m'./productCatalogSync'[0m
  [90m  |[0m [31m[1m^^^^^^^^^^^^^^^^^^^^^^^^^^^^^^^^^^^^^^^^^^^^^^^^^^^^^^^^^^^^^^^^^^^^^^^^^^^^^^^^^^^^^[0m
  [90m5 |[0m [36mimport[0m {
  [90m6 |[0m   [33mApiResponse[0m, [33mPageResponse[0m,
  [90m7 |[0m   [33mStaffLoginRequestDTO[0m, [33mAuthResponseDTO[0m, [33mRefreshTokenRequestDTO[0m,



Import traces:
  #1 [Server Component]:
    ./lib/apiClient.ts
    ./app/page.tsx

  #2 [Client Component Browser]:
    ./lib/apiClient.ts [Client Component Browser]
    ./components/header.tsx [Client Component Browser]
    ./components/header.tsx [Server Component]
    ./app/layout.tsx [Server Component]

  #3 [Client Component SSR]:
    ./lib/apiClient.ts [Client Component SSR]
    ./components/header.tsx [Client Component SSR]
    ./components/header.tsx [Server Component]
    ./app/layout.tsx [Server Component]

  #4 [Client Component Browser]:
    ./lib/apiClient.ts [Client Component Browser]
    ./components/product-card.tsx [Client Component Browser]
    ./components/home/budget-phones.tsx [Client Component Browser]
    ./components/home/budget-phones.tsx [Server Component]
    ./app/page.tsx [Server Component]

  #5 [Client Component SSR]:
    ./lib/apiClient.ts [Client Component SSR]
    ./components/product-card.tsx [Client Component SSR]
    ./components/home/budget-phones.tsx [Client Component SSR]
    ./components/home/budget-phones.tsx [Server Component]
    ./app/page.tsx [Server Component]

https://nextjs.org/docs/messages/module-not-found


⨯ ./lib/apiClient.ts:4:1
Error: Module not found: Can't resolve './productCatalogSync'
  [90m2 |[0m [36mimport[0m [33mCookies[0m [36mfrom[0m [32m'js-cookie'[0m
  [90m3 |[0m [36mimport[0m imageCompression [36mfrom[0m [32m'browser-image-compression'[0m
[31m[1m>[0m [90m4 |[0m [36mimport[0m { isProductMutation, notifyProductCatalogChanged } [36mfrom[0m [32m'./productCatalogSync'[0m
  [90m  |[0m [31m[1m^^^^^^^^^^^^^^^^^^^^^^^^^^^^^^^^^^^^^^^^^^^^^^^^^^^^^^^^^^^^^^^^^^^^^^^^^^^^^^^^^^^^^[0m
  [90m5 |[0m [36mimport[0m {
  [90m6 |[0m   [33mApiResponse[0m, [33mPageResponse[0m,
  [90m7 |[0m   [33mStaffLoginRequestDTO[0m, [33mAuthResponseDTO[0m, [33mRefreshTokenRequestDTO[0m,



Import traces:
  #1 [Server Component]:
    ./lib/apiClient.ts
    ./app/page.tsx

  #2 [Client Component Browser]:
    ./lib/apiClient.ts [Client Component Browser]
    ./components/header.tsx [Client Component Browser]
    ./components/header.tsx [Server Component]
    ./app/layout.tsx [Server Component]

  #3 [Client Component SSR]:
    ./lib/apiClient.ts [Client Component SSR]
    ./components/header.tsx [Client Component SSR]
    ./components/header.tsx [Server Component]
    ./app/layout.tsx [Server Component]

  #4 [Client Component Browser]:
    ./lib/apiClient.ts [Client Component Browser]
    ./components/product-card.tsx [Client Component Browser]
    ./components/home/budget-phones.tsx [Client Component Browser]
    ./components/home/budget-phones.tsx [Server Component]
    ./app/page.tsx [Server Component]

  #5 [Client Component SSR]:
    ./lib/apiClient.ts [Client Component SSR]
    ./components/product-card.tsx [Client Component SSR]
    ./components/home/budget-phones.tsx [Client Component SSR]
    ./components/home/budget-phones.tsx [Server Component]
    ./app/page.tsx [Server Component]

https://nextjs.org/docs/messages/module-not-found


⨯ ./lib/apiClient.ts:4:1
Error: Module not found: Can't resolve './productCatalogSync'
  [90m2 |[0m [36mimport[0m [33mCookies[0m [36mfrom[0m [32m'js-cookie'[0m
  [90m3 |[0m [36mimport[0m imageCompression [36mfrom[0m [32m'browser-image-compression'[0m
[31m[1m>[0m [90m4 |[0m [36mimport[0m { isProductMutation, notifyProductCatalogChanged } [36mfrom[0m [32m'./productCatalogSync'[0m
  [90m  |[0m [31m[1m^^^^^^^^^^^^^^^^^^^^^^^^^^^^^^^^^^^^^^^^^^^^^^^^^^^^^^^^^^^^^^^^^^^^^^^^^^^^^^^^^^^^^[0m
  [90m5 |[0m [36mimport[0m {
  [90m6 |[0m   [33mApiResponse[0m, [33mPageResponse[0m,
  [90m7 |[0m   [33mStaffLoginRequestDTO[0m, [33mAuthResponseDTO[0m, [33mRefreshTokenRequestDTO[0m,



Import traces:
  #1 [Server Component]:
    ./lib/apiClient.ts
    ./app/page.tsx

  #2 [Client Component Browser]:
    ./lib/apiClient.ts [Client Component Browser]
    ./components/header.tsx [Client Component Browser]
    ./components/header.tsx [Server Component]
    ./app/layout.tsx [Server Component]

  #3 [Client Component SSR]:
    ./lib/apiClient.ts [Client Component SSR]
    ./components/header.tsx [Client Component SSR]
    ./components/header.tsx [Server Component]
    ./app/layout.tsx [Server Component]

  #4 [Client Component Browser]:
    ./lib/apiClient.ts [Client Component Browser]
    ./components/product-card.tsx [Client Component Browser]
    ./components/home/budget-phones.tsx [Client Component Browser]
    ./components/home/budget-phones.tsx [Server Component]
    ./app/page.tsx [Server Component]

  #5 [Client Component SSR]:
    ./lib/apiClient.ts [Client Component SSR]
    ./components/product-card.tsx [Client Component SSR]
    ./components/home/budget-phones.tsx [Client Component SSR]
    ./components/home/budget-phones.tsx [Server Component]
    ./app/page.tsx [Server Component]

https://nextjs.org/docs/messages/module-not-found


⨯ ./lib/apiClient.ts:4:1
Error: Module not found: Can't resolve './productCatalogSync'
  [90m2 |[0m [36mimport[0m [33mCookies[0m [36mfrom[0m [32m'js-cookie'[0m
  [90m3 |[0m [36mimport[0m imageCompression [36mfrom[0m [32m'browser-image-compression'[0m
[31m[1m>[0m [90m4 |[0m [36mimport[0m { isProductMutation, notifyProductCatalogChanged } [36mfrom[0m [32m'./productCatalogSync'[0m
  [90m  |[0m [31m[1m^^^^^^^^^^^^^^^^^^^^^^^^^^^^^^^^^^^^^^^^^^^^^^^^^^^^^^^^^^^^^^^^^^^^^^^^^^^^^^^^^^^^^[0m
  [90m5 |[0m [36mimport[0m {
  [90m6 |[0m   [33mApiResponse[0m, [33mPageResponse[0m,
  [90m7 |[0m   [33mStaffLoginRequestDTO[0m, [33mAuthResponseDTO[0m, [33mRefreshTokenRequestDTO[0m,



Import traces:
  #1 [Server Component]:
    ./lib/apiClient.ts
    ./app/page.tsx

  #2 [Client Component Browser]:
    ./lib/apiClient.ts [Client Component Browser]
    ./components/header.tsx [Client Component Browser]
    ./components/header.tsx [Server Component]
    ./app/layout.tsx [Server Component]

  #3 [Client Component SSR]:
    ./lib/apiClient.ts [Client Component SSR]
    ./components/header.tsx [Client Component SSR]
    ./components/header.tsx [Server Component]
    ./app/layout.tsx [Server Component]

  #4 [Client Component Browser]:
    ./lib/apiClient.ts [Client Component Browser]
    ./components/product-card.tsx [Client Component Browser]
    ./components/home/budget-phones.tsx [Client Component Browser]
    ./components/home/budget-phones.tsx [Server Component]
    ./app/page.tsx [Server Component]

  #5 [Client Component SSR]:
    ./lib/apiClient.ts [Client Component SSR]
    ./components/product-card.tsx [Client Component SSR]
    ./components/home/budget-phones.tsx [Client Component SSR]
    ./components/home/budget-phones.tsx [Server Component]
    ./app/page.tsx [Server Component]

https://nextjs.org/docs/messages/module-not-found


⨯ ./lib/apiClient.ts:4:1
Error: Module not found: Can't resolve './productCatalogSync'
  [90m2 |[0m [36mimport[0m [33mCookies[0m [36mfrom[0m [32m'js-cookie'[0m
  [90m3 |[0m [36mimport[0m imageCompression [36mfrom[0m [32m'browser-image-compression'[0m
[31m[1m>[0m [90m4 |[0m [36mimport[0m { isProductMutation, notifyProductCatalogChanged } [36mfrom[0m [32m'./productCatalogSync'[0m
  [90m  |[0m [31m[1m^^^^^^^^^^^^^^^^^^^^^^^^^^^^^^^^^^^^^^^^^^^^^^^^^^^^^^^^^^^^^^^^^^^^^^^^^^^^^^^^^^^^^[0m
  [90m5 |[0m [36mimport[0m {
  [90m6 |[0m   [33mApiResponse[0m, [33mPageResponse[0m,
  [90m7 |[0m   [33mStaffLoginRequestDTO[0m, [33mAuthResponseDTO[0m, [33mRefreshTokenRequestDTO[0m,



Import traces:
  #1 [Server Component]:
    ./lib/apiClient.ts
    ./app/page.tsx

  #2 [Client Component Browser]:
    ./lib/apiClient.ts [Client Component Browser]
    ./components/header.tsx [Client Component Browser]
    ./components/header.tsx [Server Component]
    ./app/layout.tsx [Server Component]

  #3 [Client Component SSR]:
    ./lib/apiClient.ts [Client Component SSR]
    ./components/header.tsx [Client Component SSR]
    ./components/header.tsx [Server Component]
    ./app/layout.tsx [Server Component]

  #4 [Client Component Browser]:
    ./lib/apiClient.ts [Client Component Browser]
    ./components/product-card.tsx [Client Component Browser]
    ./components/home/budget-phones.tsx [Client Component Browser]
    ./components/home/budget-phones.tsx [Server Component]
    ./app/page.tsx [Server Component]

  #5 [Client Component SSR]:
    ./lib/apiClient.ts [Client Component SSR]
    ./components/product-card.tsx [Client Component SSR]
    ./components/home/budget-phones.tsx [Client Component SSR]
    ./components/home/budget-phones.tsx [Server Component]
    ./app/page.tsx [Server Component]

https://nextjs.org/docs/messages/module-not-found


⨯ ./lib/apiClient.ts:4:1
Error: Module not found: Can't resolve './productCatalogSync'
  [90m2 |[0m [36mimport[0m [33mCookies[0m [36mfrom[0m [32m'js-cookie'[0m
  [90m3 |[0m [36mimport[0m imageCompression [36mfrom[0m [32m'browser-image-compression'[0m
[31m[1m>[0m [90m4 |[0m [36mimport[0m { isProductMutation, notifyProductCatalogChanged } [36mfrom[0m [32m'./productCatalogSync'[0m
  [90m  |[0m [31m[1m^^^^^^^^^^^^^^^^^^^^^^^^^^^^^^^^^^^^^^^^^^^^^^^^^^^^^^^^^^^^^^^^^^^^^^^^^^^^^^^^^^^^^[0m
  [90m5 |[0m [36mimport[0m {
  [90m6 |[0m   [33mApiResponse[0m, [33mPageResponse[0m,
  [90m7 |[0m   [33mStaffLoginRequestDTO[0m, [33mAuthResponseDTO[0m, [33mRefreshTokenRequestDTO[0m,



Import traces:
  #1 [Server Component]:
    ./lib/apiClient.ts
    ./app/page.tsx

  #2 [Client Component Browser]:
    ./lib/apiClient.ts [Client Component Browser]
    ./components/header.tsx [Client Component Browser]
    ./components/header.tsx [Server Component]
    ./app/layout.tsx [Server Component]

  #3 [Client Component SSR]:
    ./lib/apiClient.ts [Client Component SSR]
    ./components/header.tsx [Client Component SSR]
    ./components/header.tsx [Server Component]
    ./app/layout.tsx [Server Component]

  #4 [Client Component Browser]:
    ./lib/apiClient.ts [Client Component Browser]
    ./components/product-card.tsx [Client Component Browser]
    ./components/home/budget-phones.tsx [Client Component Browser]
    ./components/home/budget-phones.tsx [Server Component]
    ./app/page.tsx [Server Component]

  #5 [Client Component SSR]:
    ./lib/apiClient.ts [Client Component SSR]
    ./components/product-card.tsx [Client Component SSR]
    ./components/home/budget-phones.tsx [Client Component SSR]
    ./components/home/budget-phones.tsx [Server Component]
    ./app/page.tsx [Server Component]

https://nextjs.org/docs/messages/module-not-found


⨯ ./lib/apiClient.ts:4:1
Error: Module not found: Can't resolve './productCatalogSync'
  [90m2 |[0m [36mimport[0m [33mCookies[0m [36mfrom[0m [32m'js-cookie'[0m
  [90m3 |[0m [36mimport[0m imageCompression [36mfrom[0m [32m'browser-image-compression'[0m
[31m[1m>[0m [90m4 |[0m [36mimport[0m { isProductMutation, notifyProductCatalogChanged } [36mfrom[0m [32m'./productCatalogSync'[0m
  [90m  |[0m [31m[1m^^^^^^^^^^^^^^^^^^^^^^^^^^^^^^^^^^^^^^^^^^^^^^^^^^^^^^^^^^^^^^^^^^^^^^^^^^^^^^^^^^^^^[0m
  [90m5 |[0m [36mimport[0m {
  [90m6 |[0m   [33mApiResponse[0m, [33mPageResponse[0m,
  [90m7 |[0m   [33mStaffLoginRequestDTO[0m, [33mAuthResponseDTO[0m, [33mRefreshTokenRequestDTO[0m,



Import traces:
  #1 [Server Component]:
    ./lib/apiClient.ts
    ./app/page.tsx

  #2 [Client Component Browser]:
    ./lib/apiClient.ts [Client Component Browser]
    ./components/header.tsx [Client Component Browser]
    ./components/header.tsx [Server Component]
    ./app/layout.tsx [Server Component]

  #3 [Client Component SSR]:
    ./lib/apiClient.ts [Client Component SSR]
    ./components/header.tsx [Client Component SSR]
    ./components/header.tsx [Server Component]
    ./app/layout.tsx [Server Component]

  #4 [Client Component Browser]:
    ./lib/apiClient.ts [Client Component Browser]
    ./components/product-card.tsx [Client Component Browser]
    ./components/home/budget-phones.tsx [Client Component Browser]
    ./components/home/budget-phones.tsx [Server Component]
    ./app/page.tsx [Server Component]

  #5 [Client Component SSR]:
    ./lib/apiClient.ts [Client Component SSR]
    ./components/product-card.tsx [Client Component SSR]
    ./components/home/budget-phones.tsx [Client Component SSR]
    ./components/home/budget-phones.tsx [Server Component]
    ./app/page.tsx [Server Component]

https://nextjs.org/docs/messages/module-not-found


⨯ ./lib/apiClient.ts:4:1
Error: Module not found: Can't resolve './productCatalogSync'
  [90m2 |[0m [36mimport[0m [33mCookies[0m [36mfrom[0m [32m'js-cookie'[0m
  [90m3 |[0m [36mimport[0m imageCompression [36mfrom[0m [32m'browser-image-compression'[0m
[31m[1m>[0m [90m4 |[0m [36mimport[0m { isProductMutation, notifyProductCatalogChanged } [36mfrom[0m [32m'./productCatalogSync'[0m
  [90m  |[0m [31m[1m^^^^^^^^^^^^^^^^^^^^^^^^^^^^^^^^^^^^^^^^^^^^^^^^^^^^^^^^^^^^^^^^^^^^^^^^^^^^^^^^^^^^^[0m
  [90m5 |[0m [36mimport[0m {
  [90m6 |[0m   [33mApiResponse[0m, [33mPageResponse[0m,
  [90m7 |[0m   [33mStaffLoginRequestDTO[0m, [33mAuthResponseDTO[0m, [33mRefreshTokenRequestDTO[0m,



Import traces:
  #1 [Server Component]:
    ./lib/apiClient.ts
    ./app/page.tsx

  #2 [Client Component Browser]:
    ./lib/apiClient.ts [Client Component Browser]
    ./components/header.tsx [Client Component Browser]
    ./components/header.tsx [Server Component]
    ./app/layout.tsx [Server Component]

  #3 [Client Component SSR]:
    ./lib/apiClient.ts [Client Component SSR]
    ./components/header.tsx [Client Component SSR]
    ./components/header.tsx [Server Component]
    ./app/layout.tsx [Server Component]

  #4 [Client Component Browser]:
    ./lib/apiClient.ts [Client Component Browser]
    ./components/product-card.tsx [Client Component Browser]
    ./components/home/budget-phones.tsx [Client Component Browser]
    ./components/home/budget-phones.tsx [Server Component]
    ./app/page.tsx [Server Component]

  #5 [Client Component SSR]:
    ./lib/apiClient.ts [Client Component SSR]
    ./components/product-card.tsx [Client Component SSR]
    ./components/home/budget-phones.tsx [Client Component SSR]
    ./components/home/budget-phones.tsx [Server Component]
    ./app/page.tsx [Server Component]

https://nextjs.org/docs/messages/module-not-found


⨯ ./app/page.tsx:4:1
Error: Module not found: Can't resolve '@/lib/productCatalog'
  [90m 2 |[0m [36mimport[0m { [33mFaMicrochip[0m, [33mFaCreditCard[0m, [33mFaShieldHalved[0m, [33mFaHeadphones[0m, [33mFaStopwatch[0m, [33mFaMobileScr...[0m
  [90m 3 |[0m [36mimport[0m { serverFetch } [36mfrom[0m [32m'@/lib/apiClient'[0m
[31m[1m>[0m [90m 4 |[0m [36mimport[0m {
  [90m   |[0m [31m[1m^^^^^^^[0m
[31m[1m>[0m [90m 5 |[0m   fetchCatalogServer,
  [90m   |[0m [31m[1m^^^^^^^^^^^^^^^^^^^^^[0m
[31m[1m>[0m [90m 6 |[0m   fetchNewestServer,
  [90m   |[0m [31m[1m^^^^^^^^^^^^^^^^^^^^[0m
[31m[1m>[0m [90m 7 |[0m   findBrand,
  [90m   |[0m [31m[1m^^^^^^^^^^^^[0m
[31m[1m>[0m [90m 8 |[0m   selectBestSellers,
  [90m   |[0m [31m[1m^^^^^^^^^^^^^^^^^^^^[0m
[31m[1m>[0m [90m 9 |[0m   selectBudgetPicks,
  [90m   |[0m [31m[1m^^^^^^^^^^^^^^^^^^^^[0m
[31m[1m>[0m [90m10 |[0m   selectByBrand,
  [90m   |[0m [31m[1m^^^^^^^^^^^^^^^^[0m
[31m[1m>[0m [90m11 |[0m   selectNewArrivals,
  [90m   |[0m [31m[1m^^^^^^^^^^^^^^^^^^^^[0m
[31m[1m>[0m [90m12 |[0m } [36mfrom[0m [32m'@/lib/productCatalog'[0m
  [90m   |[0m [31m[1m^^^^^^^^^^^^^^^^^^^^^^^^^^^^^[0m
  [90m13 |[0m [36mimport[0m [36mtype[0m { [33mBannerResponseDTO[0m, [33mStoreSettingResponseDTO[0m, [33mFaqResponseDTO[0m, [33mBrandResponseDTO[0m..[33m.[0m
  [90m14 |[0m [36mimport[0m { [33mHeroCarousel[0m } [36mfrom[0m [32m'@/components/home/hero-carousel'[0m
  [90m15 |[0m [36mimport[0m { [33mBrandShowcase[0m } [36mfrom[0m [32m'@/components/home/brand-showcase'[0m

Import map: aliased to relative './lib/productCatalog' inside of [project]/


https://nextjs.org/docs/messages/module-not-found


⨯ ./app/page.tsx:4:1
Error: Module not found: Can't resolve '@/lib/productCatalog'
  [90m 2 |[0m [36mimport[0m { [33mFaMicrochip[0m, [33mFaCreditCard[0m, [33mFaShieldHalved[0m, [33mFaHeadphones[0m, [33mFaStopwatch[0m, [33mFaMobileScr...[0m
  [90m 3 |[0m [36mimport[0m { serverFetch } [36mfrom[0m [32m'@/lib/apiClient'[0m
[31m[1m>[0m [90m 4 |[0m [36mimport[0m {
  [90m   |[0m [31m[1m^^^^^^^[0m
[31m[1m>[0m [90m 5 |[0m   fetchCatalogServer,
  [90m   |[0m [31m[1m^^^^^^^^^^^^^^^^^^^^^[0m
[31m[1m>[0m [90m 6 |[0m   fetchNewestServer,
  [90m   |[0m [31m[1m^^^^^^^^^^^^^^^^^^^^[0m
[31m[1m>[0m [90m 7 |[0m   findBrand,
  [90m   |[0m [31m[1m^^^^^^^^^^^^[0m
[31m[1m>[0m [90m 8 |[0m   selectBestSellers,
  [90m   |[0m [31m[1m^^^^^^^^^^^^^^^^^^^^[0m
[31m[1m>[0m [90m 9 |[0m   selectBudgetPicks,
  [90m   |[0m [31m[1m^^^^^^^^^^^^^^^^^^^^[0m
[31m[1m>[0m [90m10 |[0m   selectByBrand,
  [90m   |[0m [31m[1m^^^^^^^^^^^^^^^^[0m
[31m[1m>[0m [90m11 |[0m   selectNewArrivals,
  [90m   |[0m [31m[1m^^^^^^^^^^^^^^^^^^^^[0m
[31m[1m>[0m [90m12 |[0m } [36mfrom[0m [32m'@/lib/productCatalog'[0m
  [90m   |[0m [31m[1m^^^^^^^^^^^^^^^^^^^^^^^^^^^^^[0m
  [90m13 |[0m [36mimport[0m [36mtype[0m { [33mBannerResponseDTO[0m, [33mStoreSettingResponseDTO[0m, [33mFaqResponseDTO[0m, [33mBrandResponseDTO[0m..[33m.[0m
  [90m14 |[0m [36mimport[0m { [33mHeroCarousel[0m } [36mfrom[0m [32m'@/components/home/hero-carousel'[0m
  [90m15 |[0m [36mimport[0m { [33mBrandShowcase[0m } [36mfrom[0m [32m'@/components/home/brand-showcase'[0m

Import map: aliased to relative './lib/productCatalog' inside of [project]/


https://nextjs.org/docs/messages/module-not-found


⨯ ./app/page.tsx:4:1
Error: Module not found: Can't resolve '@/lib/productCatalog'
  [90m 2 |[0m [36mimport[0m { [33mFaMicrochip[0m, [33mFaCreditCard[0m, [33mFaShieldHalved[0m, [33mFaHeadphones[0m, [33mFaStopwatch[0m, [33mFaMobileScr...[0m
  [90m 3 |[0m [36mimport[0m { serverFetch } [36mfrom[0m [32m'@/lib/apiClient'[0m
[31m[1m>[0m [90m 4 |[0m [36mimport[0m {
  [90m   |[0m [31m[1m^^^^^^^[0m
[31m[1m>[0m [90m 5 |[0m   fetchCatalogServer,
  [90m   |[0m [31m[1m^^^^^^^^^^^^^^^^^^^^^[0m
[31m[1m>[0m [90m 6 |[0m   fetchNewestServer,
  [90m   |[0m [31m[1m^^^^^^^^^^^^^^^^^^^^[0m
[31m[1m>[0m [90m 7 |[0m   findBrand,
  [90m   |[0m [31m[1m^^^^^^^^^^^^[0m
[31m[1m>[0m [90m 8 |[0m   selectBestSellers,
  [90m   |[0m [31m[1m^^^^^^^^^^^^^^^^^^^^[0m
[31m[1m>[0m [90m 9 |[0m   selectBudgetPicks,
  [90m   |[0m [31m[1m^^^^^^^^^^^^^^^^^^^^[0m
[31m[1m>[0m [90m10 |[0m   selectByBrand,
  [90m   |[0m [31m[1m^^^^^^^^^^^^^^^^[0m
[31m[1m>[0m [90m11 |[0m   selectNewArrivals,
  [90m   |[0m [31m[1m^^^^^^^^^^^^^^^^^^^^[0m
[31m[1m>[0m [90m12 |[0m } [36mfrom[0m [32m'@/lib/productCatalog'[0m
  [90m   |[0m [31m[1m^^^^^^^^^^^^^^^^^^^^^^^^^^^^^[0m
  [90m13 |[0m [36mimport[0m [36mtype[0m { [33mBannerResponseDTO[0m, [33mStoreSettingResponseDTO[0m, [33mFaqResponseDTO[0m, [33mBrandResponseDTO[0m..[33m.[0m
  [90m14 |[0m [36mimport[0m { [33mHeroCarousel[0m } [36mfrom[0m [32m'@/components/home/hero-carousel'[0m
  [90m15 |[0m [36mimport[0m { [33mBrandShowcase[0m } [36mfrom[0m [32m'@/components/home/brand-showcase'[0m

Import map: aliased to relative './lib/productCatalog' inside of [project]/


https://nextjs.org/docs/messages/module-not-found


⨯ ./app/page.tsx:4:1
Error: Module not found: Can't resolve '@/lib/productCatalog'
  [90m 2 |[0m [36mimport[0m { [33mFaMicrochip[0m, [33mFaCreditCard[0m, [33mFaShieldHalved[0m, [33mFaHeadphones[0m, [33mFaStopwatch[0m, [33mFaMobileScr...[0m
  [90m 3 |[0m [36mimport[0m { serverFetch } [36mfrom[0m [32m'@/lib/apiClient'[0m
[31m[1m>[0m [90m 4 |[0m [36mimport[0m {
  [90m   |[0m [31m[1m^^^^^^^[0m
[31m[1m>[0m [90m 5 |[0m   fetchCatalogServer,
  [90m   |[0m [31m[1m^^^^^^^^^^^^^^^^^^^^^[0m
[31m[1m>[0m [90m 6 |[0m   fetchNewestServer,
  [90m   |[0m [31m[1m^^^^^^^^^^^^^^^^^^^^[0m
[31m[1m>[0m [90m 7 |[0m   findBrand,
  [90m   |[0m [31m[1m^^^^^^^^^^^^[0m
[31m[1m>[0m [90m 8 |[0m   selectBestSellers,
  [90m   |[0m [31m[1m^^^^^^^^^^^^^^^^^^^^[0m
[31m[1m>[0m [90m 9 |[0m   selectBudgetPicks,
  [90m   |[0m [31m[1m^^^^^^^^^^^^^^^^^^^^[0m
[31m[1m>[0m [90m10 |[0m   selectByBrand,
  [90m   |[0m [31m[1m^^^^^^^^^^^^^^^^[0m
[31m[1m>[0m [90m11 |[0m   selectNewArrivals,
  [90m   |[0m [31m[1m^^^^^^^^^^^^^^^^^^^^[0m
[31m[1m>[0m [90m12 |[0m } [36mfrom[0m [32m'@/lib/productCatalog'[0m
  [90m   |[0m [31m[1m^^^^^^^^^^^^^^^^^^^^^^^^^^^^^[0m
  [90m13 |[0m [36mimport[0m [36mtype[0m { [33mBannerResponseDTO[0m, [33mStoreSettingResponseDTO[0m, [33mFaqResponseDTO[0m, [33mBrandResponseDTO[0m..[33m.[0m
  [90m14 |[0m [36mimport[0m { [33mHeroCarousel[0m } [36mfrom[0m [32m'@/components/home/hero-carousel'[0m
  [90m15 |[0m [36mimport[0m { [33mBrandShowcase[0m } [36mfrom[0m [32m'@/components/home/brand-showcase'[0m

Import map: aliased to relative './lib/productCatalog' inside of [project]/


https://nextjs.org/docs/messages/module-not-found


⨯ ./app/page.tsx:4:1
Error: Module not found: Can't resolve '@/lib/productCatalog'
  [90m 2 |[0m [36mimport[0m { [33mFaMicrochip[0m, [33mFaCreditCard[0m, [33mFaShieldHalved[0m, [33mFaHeadphones[0m, [33mFaStopwatch[0m, [33mFaMobileScr...[0m
  [90m 3 |[0m [36mimport[0m { serverFetch } [36mfrom[0m [32m'@/lib/apiClient'[0m
[31m[1m>[0m [90m 4 |[0m [36mimport[0m {
  [90m   |[0m [31m[1m^^^^^^^[0m
[31m[1m>[0m [90m 5 |[0m   fetchCatalogServer,
  [90m   |[0m [31m[1m^^^^^^^^^^^^^^^^^^^^^[0m
[31m[1m>[0m [90m 6 |[0m   fetchNewestServer,
  [90m   |[0m [31m[1m^^^^^^^^^^^^^^^^^^^^[0m
[31m[1m>[0m [90m 7 |[0m   findBrand,
  [90m   |[0m [31m[1m^^^^^^^^^^^^[0m
[31m[1m>[0m [90m 8 |[0m   selectBestSellers,
  [90m   |[0m [31m[1m^^^^^^^^^^^^^^^^^^^^[0m
[31m[1m>[0m [90m 9 |[0m   selectBudgetPicks,
  [90m   |[0m [31m[1m^^^^^^^^^^^^^^^^^^^^[0m
[31m[1m>[0m [90m10 |[0m   selectByBrand,
  [90m   |[0m [31m[1m^^^^^^^^^^^^^^^^[0m
[31m[1m>[0m [90m11 |[0m   selectNewArrivals,
  [90m   |[0m [31m[1m^^^^^^^^^^^^^^^^^^^^[0m
[31m[1m>[0m [90m12 |[0m } [36mfrom[0m [32m'@/lib/productCatalog'[0m
  [90m   |[0m [31m[1m^^^^^^^^^^^^^^^^^^^^^^^^^^^^^[0m
  [90m13 |[0m [36mimport[0m [36mtype[0m { [33mBannerResponseDTO[0m, [33mStoreSettingResponseDTO[0m, [33mFaqResponseDTO[0m, [33mBrandResponseDTO[0m..[33m.[0m
  [90m14 |[0m [36mimport[0m { [33mHeroCarousel[0m } [36mfrom[0m [32m'@/components/home/hero-carousel'[0m
  [90m15 |[0m [36mimport[0m { [33mBrandShowcase[0m } [36mfrom[0m [32m'@/components/home/brand-showcase'[0m

Import map: aliased to relative './lib/productCatalog' inside of [project]/


https://nextjs.org/docs/messages/module-not-found


⨯ ./app/page.tsx:4:1
Error: Module not found: Can't resolve '@/lib/productCatalog'
  [90m 2 |[0m [36mimport[0m { [33mFaMicrochip[0m, [33mFaCreditCard[0m, [33mFaShieldHalved[0m, [33mFaHeadphones[0m, [33mFaStopwatch[0m, [33mFaMobileScr...[0m
  [90m 3 |[0m [36mimport[0m { serverFetch } [36mfrom[0m [32m'@/lib/apiClient'[0m
[31m[1m>[0m [90m 4 |[0m [36mimport[0m {
  [90m   |[0m [31m[1m^^^^^^^[0m
[31m[1m>[0m [90m 5 |[0m   fetchCatalogServer,
  [90m   |[0m [31m[1m^^^^^^^^^^^^^^^^^^^^^[0m
[31m[1m>[0m [90m 6 |[0m   fetchNewestServer,
  [90m   |[0m [31m[1m^^^^^^^^^^^^^^^^^^^^[0m
[31m[1m>[0m [90m 7 |[0m   findBrand,
  [90m   |[0m [31m[1m^^^^^^^^^^^^[0m
[31m[1m>[0m [90m 8 |[0m   selectBestSellers,
  [90m   |[0m [31m[1m^^^^^^^^^^^^^^^^^^^^[0m
[31m[1m>[0m [90m 9 |[0m   selectBudgetPicks,
  [90m   |[0m [31m[1m^^^^^^^^^^^^^^^^^^^^[0m
[31m[1m>[0m [90m10 |[0m   selectByBrand,
  [90m   |[0m [31m[1m^^^^^^^^^^^^^^^^[0m
[31m[1m>[0m [90m11 |[0m   selectNewArrivals,
  [90m   |[0m [31m[1m^^^^^^^^^^^^^^^^^^^^[0m
[31m[1m>[0m [90m12 |[0m } [36mfrom[0m [32m'@/lib/productCatalog'[0m
  [90m   |[0m [31m[1m^^^^^^^^^^^^^^^^^^^^^^^^^^^^^[0m
  [90m13 |[0m [36mimport[0m [36mtype[0m { [33mBannerResponseDTO[0m, [33mStoreSettingResponseDTO[0m, [33mFaqResponseDTO[0m, [33mBrandResponseDTO[0m..[33m.[0m
  [90m14 |[0m [36mimport[0m { [33mHeroCarousel[0m } [36mfrom[0m [32m'@/components/home/hero-carousel'[0m
  [90m15 |[0m [36mimport[0m { [33mBrandShowcase[0m } [36mfrom[0m [32m'@/components/home/brand-showcase'[0m

Import map: aliased to relative './lib/productCatalog' inside of [project]/


https://nextjs.org/docs/messages/module-not-found


⨯ ./app/page.tsx:4:1
Error: Module not found: Can't resolve '@/lib/productCatalog'
  [90m 2 |[0m [36mimport[0m { [33mFaMicrochip[0m, [33mFaCreditCard[0m, [33mFaShieldHalved[0m, [33mFaHeadphones[0m, [33mFaStopwatch[0m, [33mFaMobileScr...[0m
  [90m 3 |[0m [36mimport[0m { serverFetch } [36mfrom[0m [32m'@/lib/apiClient'[0m
[31m[1m>[0m [90m 4 |[0m [36mimport[0m {
  [90m   |[0m [31m[1m^^^^^^^[0m
[31m[1m>[0m [90m 5 |[0m   fetchCatalogServer,
  [90m   |[0m [31m[1m^^^^^^^^^^^^^^^^^^^^^[0m
[31m[1m>[0m [90m 6 |[0m   fetchNewestServer,
  [90m   |[0m [31m[1m^^^^^^^^^^^^^^^^^^^^[0m
[31m[1m>[0m [90m 7 |[0m   findBrand,
  [90m   |[0m [31m[1m^^^^^^^^^^^^[0m
[31m[1m>[0m [90m 8 |[0m   selectBestSellers,
  [90m   |[0m [31m[1m^^^^^^^^^^^^^^^^^^^^[0m
[31m[1m>[0m [90m 9 |[0m   selectBudgetPicks,
  [90m   |[0m [31m[1m^^^^^^^^^^^^^^^^^^^^[0m
[31m[1m>[0m [90m10 |[0m   selectByBrand,
  [90m   |[0m [31m[1m^^^^^^^^^^^^^^^^[0m
[31m[1m>[0m [90m11 |[0m   selectNewArrivals,
  [90m   |[0m [31m[1m^^^^^^^^^^^^^^^^^^^^[0m
[31m[1m>[0m [90m12 |[0m } [36mfrom[0m [32m'@/lib/productCatalog'[0m
  [90m   |[0m [31m[1m^^^^^^^^^^^^^^^^^^^^^^^^^^^^^[0m
  [90m13 |[0m [36mimport[0m [36mtype[0m { [33mBannerResponseDTO[0m, [33mStoreSettingResponseDTO[0m, [33mFaqResponseDTO[0m, [33mBrandResponseDTO[0m..[33m.[0m
  [90m14 |[0m [36mimport[0m { [33mHeroCarousel[0m } [36mfrom[0m [32m'@/components/home/hero-carousel'[0m
  [90m15 |[0m [36mimport[0m { [33mBrandShowcase[0m } [36mfrom[0m [32m'@/components/home/brand-showcase'[0m

Import map: aliased to relative './lib/productCatalog' inside of [project]/


https://nextjs.org/docs/messages/module-not-found


⨯ ./app/page.tsx:4:1
Error: Module not found: Can't resolve '@/lib/productCatalog'
  [90m 2 |[0m [36mimport[0m { [33mFaMicrochip[0m, [33mFaCreditCard[0m, [33mFaShieldHalved[0m, [33mFaHeadphones[0m, [33mFaStopwatch[0m, [33mFaMobileScr...[0m
  [90m 3 |[0m [36mimport[0m { serverFetch } [36mfrom[0m [32m'@/lib/apiClient'[0m
[31m[1m>[0m [90m 4 |[0m [36mimport[0m {
  [90m   |[0m [31m[1m^^^^^^^[0m
[31m[1m>[0m [90m 5 |[0m   fetchCatalogServer,
  [90m   |[0m [31m[1m^^^^^^^^^^^^^^^^^^^^^[0m
[31m[1m>[0m [90m 6 |[0m   fetchNewestServer,
  [90m   |[0m [31m[1m^^^^^^^^^^^^^^^^^^^^[0m
[31m[1m>[0m [90m 7 |[0m   findBrand,
  [90m   |[0m [31m[1m^^^^^^^^^^^^[0m
[31m[1m>[0m [90m 8 |[0m   selectBestSellers,
  [90m   |[0m [31m[1m^^^^^^^^^^^^^^^^^^^^[0m
[31m[1m>[0m [90m 9 |[0m   selectBudgetPicks,
  [90m   |[0m [31m[1m^^^^^^^^^^^^^^^^^^^^[0m
[31m[1m>[0m [90m10 |[0m   selectByBrand,
  [90m   |[0m [31m[1m^^^^^^^^^^^^^^^^[0m
[31m[1m>[0m [90m11 |[0m   selectNewArrivals,
  [90m   |[0m [31m[1m^^^^^^^^^^^^^^^^^^^^[0m
[31m[1m>[0m [90m12 |[0m } [36mfrom[0m [32m'@/lib/productCatalog'[0m
  [90m   |[0m [31m[1m^^^^^^^^^^^^^^^^^^^^^^^^^^^^^[0m
  [90m13 |[0m [36mimport[0m [36mtype[0m { [33mBannerResponseDTO[0m, [33mStoreSettingResponseDTO[0m, [33mFaqResponseDTO[0m, [33mBrandResponseDTO[0m..[33m.[0m
  [90m14 |[0m [36mimport[0m { [33mHeroCarousel[0m } [36mfrom[0m [32m'@/components/home/hero-carousel'[0m
  [90m15 |[0m [36mimport[0m { [33mBrandShowcase[0m } [36mfrom[0m [32m'@/components/home/brand-showcase'[0m

Import map: aliased to relative './lib/productCatalog' inside of [project]/


https://nextjs.org/docs/messages/module-not-found


✓ Compiled in 2s
⨯ ./lib/apiClient.ts:4:1
Error: Module not found: Can't resolve './productCatalogSync'
  [90m2 |[0m [36mimport[0m [33mCookies[0m [36mfrom[0m [32m'js-cookie'[0m
  [90m3 |[0m [36mimport[0m imageCompression [36mfrom[0m [32m'browser-image-compression'[0m
[31m[1m>[0m [90m4 |[0m [36mimport[0m { isProductMutation, notifyProductCatalogChanged } [36mfrom[0m [32m'./productCatalogSync'[0m
  [90m  |[0m [31m[1m^^^^^^^^^^^^^^^^^^^^^^^^^^^^^^^^^^^^^^^^^^^^^^^^^^^^^^^^^^^^^^^^^^^^^^^^^^^^^^^^^^^^^[0m
  [90m5 |[0m [36mimport[0m {
  [90m6 |[0m   [33mApiResponse[0m, [33mPageResponse[0m,
  [90m7 |[0m   [33mStaffLoginRequestDTO[0m, [33mAuthResponseDTO[0m, [33mRefreshTokenRequestDTO[0m,



Import traces:
  #1 [Client Component Browser]:
    ./lib/apiClient.ts [Client Component Browser]
    ./app/admin/products/page.tsx [Client Component Browser]
    ./app/admin/products/page.tsx [Server Component]

  #2 [Client Component SSR]:
    ./lib/apiClient.ts [Client Component SSR]
    ./app/admin/products/page.tsx [Client Component SSR]
    ./app/admin/products/page.tsx [Server Component]

  #3 [Client Component Browser]:
    ./lib/apiClient.ts [Client Component Browser]
    ./components/header.tsx [Client Component Browser]
    ./components/header.tsx [Server Component]
    ./app/layout.tsx [Server Component]

  #4 [Client Component SSR]:
    ./lib/apiClient.ts [Client Component SSR]
    ./components/header.tsx [Client Component SSR]
    ./components/header.tsx [Server Component]
    ./app/layout.tsx [Server Component]

https://nextjs.org/docs/messages/module-not-found



./app/admin/products/page.tsx:7:1
Error: Module not found: Can't resolve '@/lib/productCatalog'
  [90m 5 |[0m [36mimport[0m { [33mFaArrowLeft[0m, [33mFaPen[0m, [33mFaMagnifyingGlass[0m, [33mFaTrashCan[0m, [33mFaStar[0m, [33mFaPlus[0m, [33mFaXmark[0m, [33mFaFil...[0m
  [90m 6 |[0m [36mimport[0m { apiClient, formatINR } [36mfrom[0m [32m'@/lib/apiClient'[0m
[31m[1m>[0m [90m 7 |[0m [36mimport[0m { fetchCatalogClient, [36mtype[0m [33mCatalogProduct[0m } [36mfrom[0m [32m'@/lib/productCatalog'[0m
  [90m   |[0m [31m[1m^^^^^^^^^^^^^^^^^^^^^^^^^^^^^^^^^^^^^^^^^^^^^^^^^^^^^^^^^^^^^^^^^^^^^^^^^^^^^^[0m
  [90m 8 |[0m [36mimport[0m { [33mCompanyFilter[0m, [33mCompanyOption[0m } [36mfrom[0m [32m'@/components/admin/company-filter'[0m
  [90m 9 |[0m [36mimport[0m { getAllProductDrafts } [36mfrom[0m [32m'@/lib/draftService'[0m
  [90m10 |[0m

Import map: aliased to relative './lib/productCatalog' inside of [project]/


Import traces:
  Client Component Browser:
    ./app/admin/products/page.tsx [Client Component Browser]
    ./app/admin/products/page.tsx [Server Component]

  Client Component SSR:
    ./app/admin/products/page.tsx [Client Component SSR]
    ./app/admin/products/page.tsx [Server Component]

https://nextjs.org/docs/messages/module-not-found


 GET /admin/products 500 in 2.3s (next.js: 1607ms, application-code: 723ms)
⨯ ./lib/apiClient.ts:4:1
Error: Module not found: Can't resolve './productCatalogSync'
  [90m2 |[0m [36mimport[0m [33mCookies[0m [36mfrom[0m [32m'js-cookie'[0m
  [90m3 |[0m [36mimport[0m imageCompression [36mfrom[0m [32m'browser-image-compression'[0m
[31m[1m>[0m [90m4 |[0m [36mimport[0m { isProductMutation, notifyProductCatalogChanged } [36mfrom[0m [32m'./productCatalogSync'[0m
  [90m  |[0m [31m[1m^^^^^^^^^^^^^^^^^^^^^^^^^^^^^^^^^^^^^^^^^^^^^^^^^^^^^^^^^^^^^^^^^^^^^^^^^^^^^^^^^^^^^[0m
  [90m5 |[0m [36mimport[0m {
  [90m6 |[0m   [33mApiResponse[0m, [33mPageResponse[0m,
  [90m7 |[0m   [33mStaffLoginRequestDTO[0m, [33mAuthResponseDTO[0m, [33mRefreshTokenRequestDTO[0m,



Import traces:
  #1 [Client Component Browser]:
    ./lib/apiClient.ts [Client Component Browser]
    ./app/admin/products/page.tsx [Client Component Browser]
    ./app/admin/products/page.tsx [Server Component]

  #2 [Client Component SSR]:
    ./lib/apiClient.ts [Client Component SSR]
    ./app/admin/products/page.tsx [Client Component SSR]
    ./app/admin/products/page.tsx [Server Component]

  #3 [Client Component Browser]:
    ./lib/apiClient.ts [Client Component Browser]
    ./components/header.tsx [Client Component Browser]
    ./components/header.tsx [Server Component]
    ./app/layout.tsx [Server Component]

  #4 [Client Component SSR]:
    ./lib/apiClient.ts [Client Component SSR]
    ./components/header.tsx [Client Component SSR]
    ./components/header.tsx [Server Component]
    ./app/layout.tsx [Server Component]

https://nextjs.org/docs/messages/module-not-found



./app/admin/products/page.tsx:7:1
Error: Module not found: Can't resolve '@/lib/productCatalog'
  [90m 5 |[0m [36mimport[0m { [33mFaArrowLeft[0m, [33mFaPen[0m, [33mFaMagnifyingGlass[0m, [33mFaTrashCan[0m, [33mFaStar[0m, [33mFaPlus[0m, [33mFaXmark[0m, [33mFaFil...[0m
  [90m 6 |[0m [36mimport[0m { apiClient, formatINR } [36mfrom[0m [32m'@/lib/apiClient'[0m
[31m[1m>[0m [90m 7 |[0m [36mimport[0m { fetchCatalogClient, [36mtype[0m [33mCatalogProduct[0m } [36mfrom[0m [32m'@/lib/productCatalog'[0m
  [90m   |[0m [31m[1m^^^^^^^^^^^^^^^^^^^^^^^^^^^^^^^^^^^^^^^^^^^^^^^^^^^^^^^^^^^^^^^^^^^^^^^^^^^^^^[0m
  [90m 8 |[0m [36mimport[0m { [33mCompanyFilter[0m, [33mCompanyOption[0m } [36mfrom[0m [32m'@/components/admin/company-filter'[0m
  [90m 9 |[0m [36mimport[0m { getAllProductDrafts } [36mfrom[0m [32m'@/lib/draftService'[0m
  [90m10 |[0m

Import map: aliased to relative './lib/productCatalog' inside of [project]/


Import traces:
  Client Component Browser:
    ./app/admin/products/page.tsx [Client Component Browser]
    ./app/admin/products/page.tsx [Server Component]

  Client Component SSR:
    ./app/admin/products/page.tsx [Client Component SSR]
    ./app/admin/products/page.tsx [Server Component]

https://nextjs.org/docs/messages/module-not-found


 GET /admin/products 500 in 217ms (next.js: 151ms, application-code: 66ms)
⨯ ./lib/apiClient.ts:4:1
Error: Module not found: Can't resolve './productCatalogSync'
  [90m2 |[0m [36mimport[0m [33mCookies[0m [36mfrom[0m [32m'js-cookie'[0m
  [90m3 |[0m [36mimport[0m imageCompression [36mfrom[0m [32m'browser-image-compression'[0m
[31m[1m>[0m [90m4 |[0m [36mimport[0m { isProductMutation, notifyProductCatalogChanged } [36mfrom[0m [32m'./productCatalogSync'[0m
  [90m  |[0m [31m[1m^^^^^^^^^^^^^^^^^^^^^^^^^^^^^^^^^^^^^^^^^^^^^^^^^^^^^^^^^^^^^^^^^^^^^^^^^^^^^^^^^^^^^[0m
  [90m5 |[0m [36mimport[0m {
  [90m6 |[0m   [33mApiResponse[0m, [33mPageResponse[0m,
  [90m7 |[0m   [33mStaffLoginRequestDTO[0m, [33mAuthResponseDTO[0m, [33mRefreshTokenRequestDTO[0m,



Import traces:
  #1 [Client Component Browser]:
    ./lib/apiClient.ts [Client Component Browser]
    ./app/admin/products/page.tsx [Client Component Browser]
    ./app/admin/products/page.tsx [Server Component]

  #2 [Client Component SSR]:
    ./lib/apiClient.ts [Client Component SSR]
    ./app/admin/products/page.tsx [Client Component SSR]
    ./app/admin/products/page.tsx [Server Component]

  #3 [Client Component Browser]:
    ./lib/apiClient.ts [Client Component Browser]
    ./components/header.tsx [Client Component Browser]
    ./components/header.tsx [Server Component]
    ./app/layout.tsx [Server Component]

  #4 [Client Component SSR]:
    ./lib/apiClient.ts [Client Component SSR]
    ./components/header.tsx [Client Component SSR]
    ./components/header.tsx [Server Component]
    ./app/layout.tsx [Server Component]

https://nextjs.org/docs/messages/module-not-found



./app/admin/products/page.tsx:7:1
Error: Module not found: Can't resolve '@/lib/productCatalog'
  [90m 5 |[0m [36mimport[0m { [33mFaArrowLeft[0m, [33mFaPen[0m, [33mFaMagnifyingGlass[0m, [33mFaTrashCan[0m, [33mFaStar[0m, [33mFaPlus[0m, [33mFaXmark[0m, [33mFaFil...[0m
  [90m 6 |[0m [36mimport[0m { apiClient, formatINR } [36mfrom[0m [32m'@/lib/apiClient'[0m
[31m[1m>[0m [90m 7 |[0m [36mimport[0m { fetchCatalogClient, [36mtype[0m [33mCatalogProduct[0m } [36mfrom[0m [32m'@/lib/productCatalog'[0m
  [90m   |[0m [31m[1m^^^^^^^^^^^^^^^^^^^^^^^^^^^^^^^^^^^^^^^^^^^^^^^^^^^^^^^^^^^^^^^^^^^^^^^^^^^^^^[0m
  [90m 8 |[0m [36mimport[0m { [33mCompanyFilter[0m, [33mCompanyOption[0m } [36mfrom[0m [32m'@/components/admin/company-filter'[0m
  [90m 9 |[0m [36mimport[0m { getAllProductDrafts } [36mfrom[0m [32m'@/lib/draftService'[0m
  [90m10 |[0m

Import map: aliased to relative './lib/productCatalog' inside of [project]/


Import traces:
  Client Component Browser:
    ./app/admin/products/page.tsx [Client Component Browser]
    ./app/admin/products/page.tsx [Server Component]

  Client Component SSR:
    ./app/admin/products/page.tsx [Client Component SSR]
    ./app/admin/products/page.tsx [Server Component]

https://nextjs.org/docs/messages/module-not-found


 GET /admin/products 500 in 551ms (next.js: 483ms, application-code: 68ms)
⨯ ./lib/apiClient.ts:4:1
Error: Module not found: Can't resolve './productCatalogSync'
  [90m2 |[0m [36mimport[0m [33mCookies[0m [36mfrom[0m [32m'js-cookie'[0m
  [90m3 |[0m [36mimport[0m imageCompression [36mfrom[0m [32m'browser-image-compression'[0m
[31m[1m>[0m [90m4 |[0m [36mimport[0m { isProductMutation, notifyProductCatalogChanged } [36mfrom[0m [32m'./productCatalogSync'[0m
  [90m  |[0m [31m[1m^^^^^^^^^^^^^^^^^^^^^^^^^^^^^^^^^^^^^^^^^^^^^^^^^^^^^^^^^^^^^^^^^^^^^^^^^^^^^^^^^^^^^[0m
  [90m5 |[0m [36mimport[0m {
  [90m6 |[0m   [33mApiResponse[0m, [33mPageResponse[0m,
  [90m7 |[0m   [33mStaffLoginRequestDTO[0m, [33mAuthResponseDTO[0m, [33mRefreshTokenRequestDTO[0m,



Import traces:
  #1 [Client Component Browser]:
    ./lib/apiClient.ts [Client Component Browser]
    ./app/admin/products/page.tsx [Client Component Browser]
    ./app/admin/products/page.tsx [Server Component]

  #2 [Client Component SSR]:
    ./lib/apiClient.ts [Client Component SSR]
    ./app/admin/products/page.tsx [Client Component SSR]
    ./app/admin/products/page.tsx [Server Component]

  #3 [Client Component Browser]:
    ./lib/apiClient.ts [Client Component Browser]
    ./components/header.tsx [Client Component Browser]
    ./components/header.tsx [Server Component]
    ./app/layout.tsx [Server Component]

  #4 [Client Component SSR]:
    ./lib/apiClient.ts [Client Component SSR]
    ./components/header.tsx [Client Component SSR]
    ./components/header.tsx [Server Component]
    ./app/layout.tsx [Server Component]

https://nextjs.org/docs/messages/module-not-found



./app/admin/products/page.tsx:7:1
Error: Module not found: Can't resolve '@/lib/productCatalog'
  [90m 5 |[0m [36mimport[0m { [33mFaArrowLeft[0m, [33mFaPen[0m, [33mFaMagnifyingGlass[0m, [33mFaTrashCan[0m, [33mFaStar[0m, [33mFaPlus[0m, [33mFaXmark[0m, [33mFaFil...[0m
  [90m 6 |[0m [36mimport[0m { apiClient, formatINR } [36mfrom[0m [32m'@/lib/apiClient'[0m
[31m[1m>[0m [90m 7 |[0m [36mimport[0m { fetchCatalogClient, [36mtype[0m [33mCatalogProduct[0m } [36mfrom[0m [32m'@/lib/productCatalog'[0m
  [90m   |[0m [31m[1m^^^^^^^^^^^^^^^^^^^^^^^^^^^^^^^^^^^^^^^^^^^^^^^^^^^^^^^^^^^^^^^^^^^^^^^^^^^^^^[0m
  [90m 8 |[0m [36mimport[0m { [33mCompanyFilter[0m, [33mCompanyOption[0m } [36mfrom[0m [32m'@/components/admin/company-filter'[0m
  [90m 9 |[0m [36mimport[0m { getAllProductDrafts } [36mfrom[0m [32m'@/lib/draftService'[0m
  [90m10 |[0m

Import map: aliased to relative './lib/productCatalog' inside of [project]/


Import traces:
  Client Component Browser:
    ./app/admin/products/page.tsx [Client Component Browser]
    ./app/admin/products/page.tsx [Server Component]

  Client Component SSR:
    ./app/admin/products/page.tsx [Client Component SSR]
    ./app/admin/products/page.tsx [Server Component]

https://nextjs.org/docs/messages/module-not-found


 GET /admin/products 500 in 228ms (next.js: 156ms, application-code: 71ms)
⨯ ./lib/apiClient.ts:4:1
Error: Module not found: Can't resolve './productCatalogSync'
  [90m2 |[0m [36mimport[0m [33mCookies[0m [36mfrom[0m [32m'js-cookie'[0m
  [90m3 |[0m [36mimport[0m imageCompression [36mfrom[0m [32m'browser-image-compression'[0m
[31m[1m>[0m [90m4 |[0m [36mimport[0m { isProductMutation, notifyProductCatalogChanged } [36mfrom[0m [32m'./productCatalogSync'[0m
  [90m  |[0m [31m[1m^^^^^^^^^^^^^^^^^^^^^^^^^^^^^^^^^^^^^^^^^^^^^^^^^^^^^^^^^^^^^^^^^^^^^^^^^^^^^^^^^^^^^[0m
  [90m5 |[0m [36mimport[0m {
  [90m6 |[0m   [33mApiResponse[0m, [33mPageResponse[0m,
  [90m7 |[0m   [33mStaffLoginRequestDTO[0m, [33mAuthResponseDTO[0m, [33mRefreshTokenRequestDTO[0m,



Import traces:
  #1 [Client Component Browser]:
    ./lib/apiClient.ts [Client Component Browser]
    ./app/admin/products/page.tsx [Client Component Browser]
    ./app/admin/products/page.tsx [Server Component]

  #2 [Client Component SSR]:
    ./lib/apiClient.ts [Client Component SSR]
    ./app/admin/products/page.tsx [Client Component SSR]
    ./app/admin/products/page.tsx [Server Component]

  #3 [Client Component Browser]:
    ./lib/apiClient.ts [Client Component Browser]
    ./components/header.tsx [Client Component Browser]
    ./components/header.tsx [Server Component]
    ./app/layout.tsx [Server Component]

  #4 [Client Component SSR]:
    ./lib/apiClient.ts [Client Component SSR]
    ./components/header.tsx [Client Component SSR]
    ./components/header.tsx [Server Component]
    ./app/layout.tsx [Server Component]

https://nextjs.org/docs/messages/module-not-found



./app/admin/products/page.tsx:7:1
Error: Module not found: Can't resolve '@/lib/productCatalog'
  [90m 5 |[0m [36mimport[0m { [33mFaArrowLeft[0m, [33mFaPen[0m, [33mFaMagnifyingGlass[0m, [33mFaTrashCan[0m, [33mFaStar[0m, [33mFaPlus[0m, [33mFaXmark[0m, [33mFaFil...[0m
  [90m 6 |[0m [36mimport[0m { apiClient, formatINR } [36mfrom[0m [32m'@/lib/apiClient'[0m
[31m[1m>[0m [90m 7 |[0m [36mimport[0m { fetchCatalogClient, [36mtype[0m [33mCatalogProduct[0m } [36mfrom[0m [32m'@/lib/productCatalog'[0m
  [90m   |[0m [31m[1m^^^^^^^^^^^^^^^^^^^^^^^^^^^^^^^^^^^^^^^^^^^^^^^^^^^^^^^^^^^^^^^^^^^^^^^^^^^^^^[0m
  [90m 8 |[0m [36mimport[0m { [33mCompanyFilter[0m, [33mCompanyOption[0m } [36mfrom[0m [32m'@/components/admin/company-filter'[0m
  [90m 9 |[0m [36mimport[0m { getAllProductDrafts } [36mfrom[0m [32m'@/lib/draftService'[0m
  [90m10 |[0m

Import map: aliased to relative './lib/productCatalog' inside of [project]/


Import traces:
  Client Component Browser:
    ./app/admin/products/page.tsx [Client Component Browser]
    ./app/admin/products/page.tsx [Server Component]

  Client Component SSR:
    ./app/admin/products/page.tsx [Client Component SSR]
    ./app/admin/products/page.tsx [Server Component]

https://nextjs.org/docs/messages/module-not-found


 GET /admin/products 500 in 176ms (next.js: 91ms, application-code: 84ms)
⨯ ./lib/apiClient.ts:4:1
Error: Module not found: Can't resolve './productCatalogSync'
  [90m2 |[0m [36mimport[0m [33mCookies[0m [36mfrom[0m [32m'js-cookie'[0m
  [90m3 |[0m [36mimport[0m imageCompression [36mfrom[0m [32m'browser-image-compression'[0m
[31m[1m>[0m [90m4 |[0m [36mimport[0m { isProductMutation, notifyProductCatalogChanged } [36mfrom[0m [32m'./productCatalogSync'[0m
  [90m  |[0m [31m[1m^^^^^^^^^^^^^^^^^^^^^^^^^^^^^^^^^^^^^^^^^^^^^^^^^^^^^^^^^^^^^^^^^^^^^^^^^^^^^^^^^^^^^[0m
  [90m5 |[0m [36mimport[0m {
  [90m6 |[0m   [33mApiResponse[0m, [33mPageResponse[0m,
  [90m7 |[0m   [33mStaffLoginRequestDTO[0m, [33mAuthResponseDTO[0m, [33mRefreshTokenRequestDTO[0m,



Import traces:
  #1 [Client Component Browser]:
    ./lib/apiClient.ts [Client Component Browser]
    ./app/admin/products/page.tsx [Client Component Browser]
    ./app/admin/products/page.tsx [Server Component]

  #2 [Client Component SSR]:
    ./lib/apiClient.ts [Client Component SSR]
    ./app/admin/products/page.tsx [Client Component SSR]
    ./app/admin/products/page.tsx [Server Component]

  #3 [Client Component Browser]:
    ./lib/apiClient.ts [Client Component Browser]
    ./components/header.tsx [Client Component Browser]
    ./components/header.tsx [Server Component]
    ./app/layout.tsx [Server Component]

  #4 [Client Component SSR]:
    ./lib/apiClient.ts [Client Component SSR]
    ./components/header.tsx [Client Component SSR]
    ./components/header.tsx [Server Component]
    ./app/layout.tsx [Server Component]

https://nextjs.org/docs/messages/module-not-found



./app/admin/products/page.tsx:7:1
Error: Module not found: Can't resolve '@/lib/productCatalog'
  [90m 5 |[0m [36mimport[0m { [33mFaArrowLeft[0m, [33mFaPen[0m, [33mFaMagnifyingGlass[0m, [33mFaTrashCan[0m, [33mFaStar[0m, [33mFaPlus[0m, [33mFaXmark[0m, [33mFaFil...[0m
  [90m 6 |[0m [36mimport[0m { apiClient, formatINR } [36mfrom[0m [32m'@/lib/apiClient'[0m
[31m[1m>[0m [90m 7 |[0m [36mimport[0m { fetchCatalogClient, [36mtype[0m [33mCatalogProduct[0m } [36mfrom[0m [32m'@/lib/productCatalog'[0m
  [90m   |[0m [31m[1m^^^^^^^^^^^^^^^^^^^^^^^^^^^^^^^^^^^^^^^^^^^^^^^^^^^^^^^^^^^^^^^^^^^^^^^^^^^^^^[0m
  [90m 8 |[0m [36mimport[0m { [33mCompanyFilter[0m, [33mCompanyOption[0m } [36mfrom[0m [32m'@/components/admin/company-filter'[0m
  [90m 9 |[0m [36mimport[0m { getAllProductDrafts } [36mfrom[0m [32m'@/lib/draftService'[0m
  [90m10 |[0m

Import map: aliased to relative './lib/productCatalog' inside of [project]/


Import traces:
  Client Component Browser:
    ./app/admin/products/page.tsx [Client Component Browser]
    ./app/admin/products/page.tsx [Server Component]

  Client Component SSR:
    ./app/admin/products/page.tsx [Client Component SSR]
    ./app/admin/products/page.tsx [Server Component]

https://nextjs.org/docs/messages/module-not-found


 GET /admin/products 500 in 188ms (next.js: 117ms, application-code: 70ms)
⨯ ./lib/apiClient.ts:4:1
Error: Module not found: Can't resolve './productCatalogSync'
  [90m2 |[0m [36mimport[0m [33mCookies[0m [36mfrom[0m [32m'js-cookie'[0m
  [90m3 |[0m [36mimport[0m imageCompression [36mfrom[0m [32m'browser-image-compression'[0m
[31m[1m>[0m [90m4 |[0m [36mimport[0m { isProductMutation, notifyProductCatalogChanged } [36mfrom[0m [32m'./productCatalogSync'[0m
  [90m  |[0m [31m[1m^^^^^^^^^^^^^^^^^^^^^^^^^^^^^^^^^^^^^^^^^^^^^^^^^^^^^^^^^^^^^^^^^^^^^^^^^^^^^^^^^^^^^[0m
  [90m5 |[0m [36mimport[0m {
  [90m6 |[0m   [33mApiResponse[0m, [33mPageResponse[0m,
  [90m7 |[0m   [33mStaffLoginRequestDTO[0m, [33mAuthResponseDTO[0m, [33mRefreshTokenRequestDTO[0m,



Import traces:
  #1 [Client Component Browser]:
    ./lib/apiClient.ts [Client Component Browser]
    ./app/admin/products/page.tsx [Client Component Browser]
    ./app/admin/products/page.tsx [Server Component]

  #2 [Client Component SSR]:
    ./lib/apiClient.ts [Client Component SSR]
    ./app/admin/products/page.tsx [Client Component SSR]
    ./app/admin/products/page.tsx [Server Component]

  #3 [Client Component Browser]:
    ./lib/apiClient.ts [Client Component Browser]
    ./components/header.tsx [Client Component Browser]
    ./components/header.tsx [Server Component]
    ./app/layout.tsx [Server Component]

  #4 [Client Component SSR]:
    ./lib/apiClient.ts [Client Component SSR]
    ./components/header.tsx [Client Component SSR]
    ./components/header.tsx [Server Component]
    ./app/layout.tsx [Server Component]

https://nextjs.org/docs/messages/module-not-found



./app/admin/products/page.tsx:7:1
Error: Module not found: Can't resolve '@/lib/productCatalog'
  [90m 5 |[0m [36mimport[0m { [33mFaArrowLeft[0m, [33mFaPen[0m, [33mFaMagnifyingGlass[0m, [33mFaTrashCan[0m, [33mFaStar[0m, [33mFaPlus[0m, [33mFaXmark[0m, [33mFaFil...[0m
  [90m 6 |[0m [36mimport[0m { apiClient, formatINR } [36mfrom[0m [32m'@/lib/apiClient'[0m
[31m[1m>[0m [90m 7 |[0m [36mimport[0m { fetchCatalogClient, [36mtype[0m [33mCatalogProduct[0m } [36mfrom[0m [32m'@/lib/productCatalog'[0m
  [90m   |[0m [31m[1m^^^^^^^^^^^^^^^^^^^^^^^^^^^^^^^^^^^^^^^^^^^^^^^^^^^^^^^^^^^^^^^^^^^^^^^^^^^^^^[0m
  [90m 8 |[0m [36mimport[0m { [33mCompanyFilter[0m, [33mCompanyOption[0m } [36mfrom[0m [32m'@/components/admin/company-filter'[0m
  [90m 9 |[0m [36mimport[0m { getAllProductDrafts } [36mfrom[0m [32m'@/lib/draftService'[0m
  [90m10 |[0m

Import map: aliased to relative './lib/productCatalog' inside of [project]/


Import traces:
  Client Component Browser:
    ./app/admin/products/page.tsx [Client Component Browser]
    ./app/admin/products/page.tsx [Server Component]

  Client Component SSR:
    ./app/admin/products/page.tsx [Client Component SSR]
    ./app/admin/products/page.tsx [Server Component]

https://nextjs.org/docs/messages/module-not-found


 GET /admin/products 500 in 101ms (next.js: 59ms, application-code: 42ms)
⨯ ./lib/apiClient.ts:4:1
Error: Module not found: Can't resolve './productCatalogSync'
  [90m2 |[0m [36mimport[0m [33mCookies[0m [36mfrom[0m [32m'js-cookie'[0m
  [90m3 |[0m [36mimport[0m imageCompression [36mfrom[0m [32m'browser-image-compression'[0m
[31m[1m>[0m [90m4 |[0m [36mimport[0m { isProductMutation, notifyProductCatalogChanged } [36mfrom[0m [32m'./productCatalogSync'[0m
  [90m  |[0m [31m[1m^^^^^^^^^^^^^^^^^^^^^^^^^^^^^^^^^^^^^^^^^^^^^^^^^^^^^^^^^^^^^^^^^^^^^^^^^^^^^^^^^^^^^[0m
  [90m5 |[0m [36mimport[0m {
  [90m6 |[0m   [33mApiResponse[0m, [33mPageResponse[0m,
  [90m7 |[0m   [33mStaffLoginRequestDTO[0m, [33mAuthResponseDTO[0m, [33mRefreshTokenRequestDTO[0m,



Import traces:
  #1 [Client Component Browser]:
    ./lib/apiClient.ts [Client Component Browser]
    ./app/admin/products/page.tsx [Client Component Browser]
    ./app/admin/products/page.tsx [Server Component]

  #2 [Client Component SSR]:
    ./lib/apiClient.ts [Client Component SSR]
    ./app/admin/products/page.tsx [Client Component SSR]
    ./app/admin/products/page.tsx [Server Component]

  #3 [Client Component Browser]:
    ./lib/apiClient.ts [Client Component Browser]
    ./components/header.tsx [Client Component Browser]
    ./components/header.tsx [Server Component]
    ./app/layout.tsx [Server Component]

  #4 [Client Component SSR]:
    ./lib/apiClient.ts [Client Component SSR]
    ./components/header.tsx [Client Component SSR]
    ./components/header.tsx [Server Component]
    ./app/layout.tsx [Server Component]

https://nextjs.org/docs/messages/module-not-found



./app/admin/products/page.tsx:7:1
Error: Module not found: Can't resolve '@/lib/productCatalog'
  [90m 5 |[0m [36mimport[0m { [33mFaArrowLeft[0m, [33mFaPen[0m, [33mFaMagnifyingGlass[0m, [33mFaTrashCan[0m, [33mFaStar[0m, [33mFaPlus[0m, [33mFaXmark[0m, [33mFaFil...[0m
  [90m 6 |[0m [36mimport[0m { apiClient, formatINR } [36mfrom[0m [32m'@/lib/apiClient'[0m
[31m[1m>[0m [90m 7 |[0m [36mimport[0m { fetchCatalogClient, [36mtype[0m [33mCatalogProduct[0m } [36mfrom[0m [32m'@/lib/productCatalog'[0m
  [90m   |[0m [31m[1m^^^^^^^^^^^^^^^^^^^^^^^^^^^^^^^^^^^^^^^^^^^^^^^^^^^^^^^^^^^^^^^^^^^^^^^^^^^^^^[0m
  [90m 8 |[0m [36mimport[0m { [33mCompanyFilter[0m, [33mCompanyOption[0m } [36mfrom[0m [32m'@/components/admin/company-filter'[0m
  [90m 9 |[0m [36mimport[0m { getAllProductDrafts } [36mfrom[0m [32m'@/lib/draftService'[0m
  [90m10 |[0m

Import map: aliased to relative './lib/productCatalog' inside of [project]/


Import traces:
  Client Component Browser:
    ./app/admin/products/page.tsx [Client Component Browser]
    ./app/admin/products/page.tsx [Server Component]

  Client Component SSR:
    ./app/admin/products/page.tsx [Client Component SSR]
    ./app/admin/products/page.tsx [Server Component]

https://nextjs.org/docs/messages/module-not-found


 GET /admin/products 500 in 378ms (next.js: 224ms, application-code: 154ms)
⨯ ./lib/apiClient.ts:4:1
Error: Module not found: Can't resolve './productCatalogSync'
  [90m2 |[0m [36mimport[0m [33mCookies[0m [36mfrom[0m [32m'js-cookie'[0m
  [90m3 |[0m [36mimport[0m imageCompression [36mfrom[0m [32m'browser-image-compression'[0m
[31m[1m>[0m [90m4 |[0m [36mimport[0m { isProductMutation, notifyProductCatalogChanged } [36mfrom[0m [32m'./productCatalogSync'[0m
  [90m  |[0m [31m[1m^^^^^^^^^^^^^^^^^^^^^^^^^^^^^^^^^^^^^^^^^^^^^^^^^^^^^^^^^^^^^^^^^^^^^^^^^^^^^^^^^^^^^[0m
  [90m5 |[0m [36mimport[0m {
  [90m6 |[0m   [33mApiResponse[0m, [33mPageResponse[0m,
  [90m7 |[0m   [33mStaffLoginRequestDTO[0m, [33mAuthResponseDTO[0m, [33mRefreshTokenRequestDTO[0m,



Import traces:
  #1 [Client Component Browser]:
    ./lib/apiClient.ts [Client Component Browser]
    ./app/admin/products/page.tsx [Client Component Browser]
    ./app/admin/products/page.tsx [Server Component]

  #2 [Client Component SSR]:
    ./lib/apiClient.ts [Client Component SSR]
    ./app/admin/products/page.tsx [Client Component SSR]
    ./app/admin/products/page.tsx [Server Component]

  #3 [Client Component Browser]:
    ./lib/apiClient.ts [Client Component Browser]
    ./components/header.tsx [Client Component Browser]
    ./components/header.tsx [Server Component]
    ./app/layout.tsx [Server Component]

  #4 [Client Component SSR]:
    ./lib/apiClient.ts [Client Component SSR]
    ./components/header.tsx [Client Component SSR]
    ./components/header.tsx [Server Component]
    ./app/layout.tsx [Server Component]

https://nextjs.org/docs/messages/module-not-found



./app/admin/products/page.tsx:7:1
Error: Module not found: Can't resolve '@/lib/productCatalog'
  [90m 5 |[0m [36mimport[0m { [33mFaArrowLeft[0m, [33mFaPen[0m, [33mFaMagnifyingGlass[0m, [33mFaTrashCan[0m, [33mFaStar[0m, [33mFaPlus[0m, [33mFaXmark[0m, [33mFaFil...[0m
  [90m 6 |[0m [36mimport[0m { apiClient, formatINR } [36mfrom[0m [32m'@/lib/apiClient'[0m
[31m[1m>[0m [90m 7 |[0m [36mimport[0m { fetchCatalogClient, [36mtype[0m [33mCatalogProduct[0m } [36mfrom[0m [32m'@/lib/productCatalog'[0m
  [90m   |[0m [31m[1m^^^^^^^^^^^^^^^^^^^^^^^^^^^^^^^^^^^^^^^^^^^^^^^^^^^^^^^^^^^^^^^^^^^^^^^^^^^^^^[0m
  [90m 8 |[0m [36mimport[0m { [33mCompanyFilter[0m, [33mCompanyOption[0m } [36mfrom[0m [32m'@/components/admin/company-filter'[0m
  [90m 9 |[0m [36mimport[0m { getAllProductDrafts } [36mfrom[0m [32m'@/lib/draftService'[0m
  [90m10 |[0m

Import map: aliased to relative './lib/productCatalog' inside of [project]/


Import traces:
  Client Component Browser:
    ./app/admin/products/page.tsx [Client Component Browser]
    ./app/admin/products/page.tsx [Server Component]

  Client Component SSR:
    ./app/admin/products/page.tsx [Client Component SSR]
    ./app/admin/products/page.tsx [Server Component]

https://nextjs.org/docs/messages/module-not-found


 GET /admin/products 500 in 405ms (next.js: 328ms, application-code: 77ms)
⨯ ./lib/apiClient.ts:4:1
Error: Module not found: Can't resolve './productCatalogSync'
  [90m2 |[0m [36mimport[0m [33mCookies[0m [36mfrom[0m [32m'js-cookie'[0m
  [90m3 |[0m [36mimport[0m imageCompression [36mfrom[0m [32m'browser-image-compression'[0m
[31m[1m>[0m [90m4 |[0m [36mimport[0m { isProductMutation, notifyProductCatalogChanged } [36mfrom[0m [32m'./productCatalogSync'[0m
  [90m  |[0m [31m[1m^^^^^^^^^^^^^^^^^^^^^^^^^^^^^^^^^^^^^^^^^^^^^^^^^^^^^^^^^^^^^^^^^^^^^^^^^^^^^^^^^^^^^[0m
  [90m5 |[0m [36mimport[0m {
  [90m6 |[0m   [33mApiResponse[0m, [33mPageResponse[0m,
  [90m7 |[0m   [33mStaffLoginRequestDTO[0m, [33mAuthResponseDTO[0m, [33mRefreshTokenRequestDTO[0m,



Import traces:
  #1 [Client Component Browser]:
    ./lib/apiClient.ts [Client Component Browser]
    ./app/admin/products/page.tsx [Client Component Browser]
    ./app/admin/products/page.tsx [Server Component]

  #2 [Client Component SSR]:
    ./lib/apiClient.ts [Client Component SSR]
    ./app/admin/products/page.tsx [Client Component SSR]
    ./app/admin/products/page.tsx [Server Component]

  #3 [Client Component Browser]:
    ./lib/apiClient.ts [Client Component Browser]
    ./components/header.tsx [Client Component Browser]
    ./components/header.tsx [Server Component]
    ./app/layout.tsx [Server Component]

  #4 [Client Component SSR]:
    ./lib/apiClient.ts [Client Component SSR]
    ./components/header.tsx [Client Component SSR]
    ./components/header.tsx [Server Component]
    ./app/layout.tsx [Server Component]

https://nextjs.org/docs/messages/module-not-found



./app/admin/products/page.tsx:7:1
Error: Module not found: Can't resolve '@/lib/productCatalog'
  [90m 5 |[0m [36mimport[0m { [33mFaArrowLeft[0m, [33mFaPen[0m, [33mFaMagnifyingGlass[0m, [33mFaTrashCan[0m, [33mFaStar[0m, [33mFaPlus[0m, [33mFaXmark[0m, [33mFaFil...[0m
  [90m 6 |[0m [36mimport[0m { apiClient, formatINR } [36mfrom[0m [32m'@/lib/apiClient'[0m
[31m[1m>[0m [90m 7 |[0m [36mimport[0m { fetchCatalogClient, [36mtype[0m [33mCatalogProduct[0m } [36mfrom[0m [32m'@/lib/productCatalog'[0m
  [90m   |[0m [31m[1m^^^^^^^^^^^^^^^^^^^^^^^^^^^^^^^^^^^^^^^^^^^^^^^^^^^^^^^^^^^^^^^^^^^^^^^^^^^^^^[0m
  [90m 8 |[0m [36mimport[0m { [33mCompanyFilter[0m, [33mCompanyOption[0m } [36mfrom[0m [32m'@/components/admin/company-filter'[0m
  [90m 9 |[0m [36mimport[0m { getAllProductDrafts } [36mfrom[0m [32m'@/lib/draftService'[0m
  [90m10 |[0m

Import map: aliased to relative './lib/productCatalog' inside of [project]/


Import traces:
  Client Component Browser:
    ./app/admin/products/page.tsx [Client Component Browser]
    ./app/admin/products/page.tsx [Server Component]

  Client Component SSR:
    ./app/admin/products/page.tsx [Client Component SSR]
    ./app/admin/products/page.tsx [Server Component]

https://nextjs.org/docs/messages/module-not-found


 GET /admin/products 500 in 193ms (next.js: 121ms, application-code: 72ms)
⨯ ./lib/apiClient.ts:4:1
Error: Module not found: Can't resolve './productCatalogSync'
  [90m2 |[0m [36mimport[0m [33mCookies[0m [36mfrom[0m [32m'js-cookie'[0m
  [90m3 |[0m [36mimport[0m imageCompression [36mfrom[0m [32m'browser-image-compression'[0m
[31m[1m>[0m [90m4 |[0m [36mimport[0m { isProductMutation, notifyProductCatalogChanged } [36mfrom[0m [32m'./productCatalogSync'[0m
  [90m  |[0m [31m[1m^^^^^^^^^^^^^^^^^^^^^^^^^^^^^^^^^^^^^^^^^^^^^^^^^^^^^^^^^^^^^^^^^^^^^^^^^^^^^^^^^^^^^[0m
  [90m5 |[0m [36mimport[0m {
  [90m6 |[0m   [33mApiResponse[0m, [33mPageResponse[0m,
  [90m7 |[0m   [33mStaffLoginRequestDTO[0m, [33mAuthResponseDTO[0m, [33mRefreshTokenRequestDTO[0m,



Import traces:
  #1 [Client Component Browser]:
    ./lib/apiClient.ts [Client Component Browser]
    ./app/admin/products/page.tsx [Client Component Browser]
    ./app/admin/products/page.tsx [Server Component]

  #2 [Client Component SSR]:
    ./lib/apiClient.ts [Client Component SSR]
    ./app/admin/products/page.tsx [Client Component SSR]
    ./app/admin/products/page.tsx [Server Component]

  #3 [Client Component Browser]:
    ./lib/apiClient.ts [Client Component Browser]
    ./components/header.tsx [Client Component Browser]
    ./components/header.tsx [Server Component]
    ./app/layout.tsx [Server Component]

  #4 [Client Component SSR]:
    ./lib/apiClient.ts [Client Component SSR]
    ./components/header.tsx [Client Component SSR]
    ./components/header.tsx [Server Component]
    ./app/layout.tsx [Server Component]

https://nextjs.org/docs/messages/module-not-found



./app/admin/products/page.tsx:7:1
Error: Module not found: Can't resolve '@/lib/productCatalog'
  [90m 5 |[0m [36mimport[0m { [33mFaArrowLeft[0m, [33mFaPen[0m, [33mFaMagnifyingGlass[0m, [33mFaTrashCan[0m, [33mFaStar[0m, [33mFaPlus[0m, [33mFaXmark[0m, [33mFaFil...[0m
  [90m 6 |[0m [36mimport[0m { apiClient, formatINR } [36mfrom[0m [32m'@/lib/apiClient'[0m
[31m[1m>[0m [90m 7 |[0m [36mimport[0m { fetchCatalogClient, [36mtype[0m [33mCatalogProduct[0m } [36mfrom[0m [32m'@/lib/productCatalog'[0m
  [90m   |[0m [31m[1m^^^^^^^^^^^^^^^^^^^^^^^^^^^^^^^^^^^^^^^^^^^^^^^^^^^^^^^^^^^^^^^^^^^^^^^^^^^^^^[0m
  [90m 8 |[0m [36mimport[0m { [33mCompanyFilter[0m, [33mCompanyOption[0m } [36mfrom[0m [32m'@/components/admin/company-filter'[0m
  [90m 9 |[0m [36mimport[0m { getAllProductDrafts } [36mfrom[0m [32m'@/lib/draftService'[0m
  [90m10 |[0m

Import map: aliased to relative './lib/productCatalog' inside of [project]/


Import traces:
  Client Component Browser:
    ./app/admin/products/page.tsx [Client Component Browser]
    ./app/admin/products/page.tsx [Server Component]

  Client Component SSR:
    ./app/admin/products/page.tsx [Client Component SSR]
    ./app/admin/products/page.tsx [Server Component]

https://nextjs.org/docs/messages/module-not-found


 GET /admin/products 500 in 192ms (next.js: 102ms, application-code: 89ms)
⨯ ./lib/apiClient.ts:4:1
Error: Module not found: Can't resolve './productCatalogSync'
  [90m2 |[0m [36mimport[0m [33mCookies[0m [36mfrom[0m [32m'js-cookie'[0m
  [90m3 |[0m [36mimport[0m imageCompression [36mfrom[0m [32m'browser-image-compression'[0m
[31m[1m>[0m [90m4 |[0m [36mimport[0m { isProductMutation, notifyProductCatalogChanged } [36mfrom[0m [32m'./productCatalogSync'[0m
  [90m  |[0m [31m[1m^^^^^^^^^^^^^^^^^^^^^^^^^^^^^^^^^^^^^^^^^^^^^^^^^^^^^^^^^^^^^^^^^^^^^^^^^^^^^^^^^^^^^[0m
  [90m5 |[0m [36mimport[0m {
  [90m6 |[0m   [33mApiResponse[0m, [33mPageResponse[0m,
  [90m7 |[0m   [33mStaffLoginRequestDTO[0m, [33mAuthResponseDTO[0m, [33mRefreshTokenRequestDTO[0m,



Import traces:
  #1 [Client Component Browser]:
    ./lib/apiClient.ts [Client Component Browser]
    ./app/admin/products/page.tsx [Client Component Browser]
    ./app/admin/products/page.tsx [Server Component]

  #2 [Client Component SSR]:
    ./lib/apiClient.ts [Client Component SSR]
    ./app/admin/products/page.tsx [Client Component SSR]
    ./app/admin/products/page.tsx [Server Component]

  #3 [Client Component Browser]:
    ./lib/apiClient.ts [Client Component Browser]
    ./components/header.tsx [Client Component Browser]
    ./components/header.tsx [Server Component]
    ./app/layout.tsx [Server Component]

  #4 [Client Component SSR]:
    ./lib/apiClient.ts [Client Component SSR]
    ./components/header.tsx [Client Component SSR]
    ./components/header.tsx [Server Component]
    ./app/layout.tsx [Server Component]

https://nextjs.org/docs/messages/module-not-found



./app/admin/products/page.tsx:7:1
Error: Module not found: Can't resolve '@/lib/productCatalog'
  [90m 5 |[0m [36mimport[0m { [33mFaArrowLeft[0m, [33mFaPen[0m, [33mFaMagnifyingGlass[0m, [33mFaTrashCan[0m, [33mFaStar[0m, [33mFaPlus[0m, [33mFaXmark[0m, [33mFaFil...[0m
  [90m 6 |[0m [36mimport[0m { apiClient, formatINR } [36mfrom[0m [32m'@/lib/apiClient'[0m
[31m[1m>[0m [90m 7 |[0m [36mimport[0m { fetchCatalogClient, [36mtype[0m [33mCatalogProduct[0m } [36mfrom[0m [32m'@/lib/productCatalog'[0m
  [90m   |[0m [31m[1m^^^^^^^^^^^^^^^^^^^^^^^^^^^^^^^^^^^^^^^^^^^^^^^^^^^^^^^^^^^^^^^^^^^^^^^^^^^^^^[0m
  [90m 8 |[0m [36mimport[0m { [33mCompanyFilter[0m, [33mCompanyOption[0m } [36mfrom[0m [32m'@/components/admin/company-filter'[0m
  [90m 9 |[0m [36mimport[0m { getAllProductDrafts } [36mfrom[0m [32m'@/lib/draftService'[0m
  [90m10 |[0m

Import map: aliased to relative './lib/productCatalog' inside of [project]/


Import traces:
  Client Component Browser:
    ./app/admin/products/page.tsx [Client Component Browser]
    ./app/admin/products/page.tsx [Server Component]

  Client Component SSR:
    ./app/admin/products/page.tsx [Client Component SSR]
    ./app/admin/products/page.tsx [Server Component]

https://nextjs.org/docs/messages/module-not-found


 GET /admin/products 500 in 95ms (next.js: 57ms, application-code: 39ms)
⨯ ./lib/apiClient.ts:4:1
Error: Module not found: Can't resolve './productCatalogSync'
  [90m2 |[0m [36mimport[0m [33mCookies[0m [36mfrom[0m [32m'js-cookie'[0m
  [90m3 |[0m [36mimport[0m imageCompression [36mfrom[0m [32m'browser-image-compression'[0m
[31m[1m>[0m [90m4 |[0m [36mimport[0m { isProductMutation, notifyProductCatalogChanged } [36mfrom[0m [32m'./productCatalogSync'[0m
  [90m  |[0m [31m[1m^^^^^^^^^^^^^^^^^^^^^^^^^^^^^^^^^^^^^^^^^^^^^^^^^^^^^^^^^^^^^^^^^^^^^^^^^^^^^^^^^^^^^[0m
  [90m5 |[0m [36mimport[0m {
  [90m6 |[0m   [33mApiResponse[0m, [33mPageResponse[0m,
  [90m7 |[0m   [33mStaffLoginRequestDTO[0m, [33mAuthResponseDTO[0m, [33mRefreshTokenRequestDTO[0m,



Import traces:
  #1 [Client Component Browser]:
    ./lib/apiClient.ts [Client Component Browser]
    ./app/admin/products/page.tsx [Client Component Browser]
    ./app/admin/products/page.tsx [Server Component]

  #2 [Client Component SSR]:
    ./lib/apiClient.ts [Client Component SSR]
    ./app/admin/products/page.tsx [Client Component SSR]
    ./app/admin/products/page.tsx [Server Component]

  #3 [Client Component Browser]:
    ./lib/apiClient.ts [Client Component Browser]
    ./components/header.tsx [Client Component Browser]
    ./components/header.tsx [Server Component]
    ./app/layout.tsx [Server Component]

  #4 [Client Component SSR]:
    ./lib/apiClient.ts [Client Component SSR]
    ./components/header.tsx [Client Component SSR]
    ./components/header.tsx [Server Component]
    ./app/layout.tsx [Server Component]

https://nextjs.org/docs/messages/module-not-found



./app/admin/products/page.tsx:7:1
Error: Module not found: Can't resolve '@/lib/productCatalog'
  [90m 5 |[0m [36mimport[0m { [33mFaArrowLeft[0m, [33mFaPen[0m, [33mFaMagnifyingGlass[0m, [33mFaTrashCan[0m, [33mFaStar[0m, [33mFaPlus[0m, [33mFaXmark[0m, [33mFaFil...[0m
  [90m 6 |[0m [36mimport[0m { apiClient, formatINR } [36mfrom[0m [32m'@/lib/apiClient'[0m
[31m[1m>[0m [90m 7 |[0m [36mimport[0m { fetchCatalogClient, [36mtype[0m [33mCatalogProduct[0m } [36mfrom[0m [32m'@/lib/productCatalog'[0m
  [90m   |[0m [31m[1m^^^^^^^^^^^^^^^^^^^^^^^^^^^^^^^^^^^^^^^^^^^^^^^^^^^^^^^^^^^^^^^^^^^^^^^^^^^^^^[0m
  [90m 8 |[0m [36mimport[0m { [33mCompanyFilter[0m, [33mCompanyOption[0m } [36mfrom[0m [32m'@/components/admin/company-filter'[0m
  [90m 9 |[0m [36mimport[0m { getAllProductDrafts } [36mfrom[0m [32m'@/lib/draftService'[0m
  [90m10 |[0m

Import map: aliased to relative './lib/productCatalog' inside of [project]/


Import traces:
  Client Component Browser:
    ./app/admin/products/page.tsx [Client Component Browser]
    ./app/admin/products/page.tsx [Server Component]

  Client Component SSR:
    ./app/admin/products/page.tsx [Client Component SSR]
    ./app/admin/products/page.tsx [Server Component]

https://nextjs.org/docs/messages/module-not-found


 GET /admin/products 500 in 112ms (next.js: 44ms, application-code: 68ms)
⨯ ./lib/apiClient.ts:4:1
Error: Module not found: Can't resolve './productCatalogSync'
  [90m2 |[0m [36mimport[0m [33mCookies[0m [36mfrom[0m [32m'js-cookie'[0m
  [90m3 |[0m [36mimport[0m imageCompression [36mfrom[0m [32m'browser-image-compression'[0m
[31m[1m>[0m [90m4 |[0m [36mimport[0m { isProductMutation, notifyProductCatalogChanged } [36mfrom[0m [32m'./productCatalogSync'[0m
  [90m  |[0m [31m[1m^^^^^^^^^^^^^^^^^^^^^^^^^^^^^^^^^^^^^^^^^^^^^^^^^^^^^^^^^^^^^^^^^^^^^^^^^^^^^^^^^^^^^[0m
  [90m5 |[0m [36mimport[0m {
  [90m6 |[0m   [33mApiResponse[0m, [33mPageResponse[0m,
  [90m7 |[0m   [33mStaffLoginRequestDTO[0m, [33mAuthResponseDTO[0m, [33mRefreshTokenRequestDTO[0m,



Import traces:
  #1 [Client Component Browser]:
    ./lib/apiClient.ts [Client Component Browser]
    ./app/admin/products/page.tsx [Client Component Browser]
    ./app/admin/products/page.tsx [Server Component]

  #2 [Client Component SSR]:
    ./lib/apiClient.ts [Client Component SSR]
    ./app/admin/products/page.tsx [Client Component SSR]
    ./app/admin/products/page.tsx [Server Component]

  #3 [Client Component Browser]:
    ./lib/apiClient.ts [Client Component Browser]
    ./components/header.tsx [Client Component Browser]
    ./components/header.tsx [Server Component]
    ./app/layout.tsx [Server Component]

  #4 [Client Component SSR]:
    ./lib/apiClient.ts [Client Component SSR]
    ./components/header.tsx [Client Component SSR]
    ./components/header.tsx [Server Component]
    ./app/layout.tsx [Server Component]

https://nextjs.org/docs/messages/module-not-found



./app/admin/products/page.tsx:7:1
Error: Module not found: Can't resolve '@/lib/productCatalog'
  [90m 5 |[0m [36mimport[0m { [33mFaArrowLeft[0m, [33mFaPen[0m, [33mFaMagnifyingGlass[0m, [33mFaTrashCan[0m, [33mFaStar[0m, [33mFaPlus[0m, [33mFaXmark[0m, [33mFaFil...[0m
  [90m 6 |[0m [36mimport[0m { apiClient, formatINR } [36mfrom[0m [32m'@/lib/apiClient'[0m
[31m[1m>[0m [90m 7 |[0m [36mimport[0m { fetchCatalogClient, [36mtype[0m [33mCatalogProduct[0m } [36mfrom[0m [32m'@/lib/productCatalog'[0m
  [90m   |[0m [31m[1m^^^^^^^^^^^^^^^^^^^^^^^^^^^^^^^^^^^^^^^^^^^^^^^^^^^^^^^^^^^^^^^^^^^^^^^^^^^^^^[0m
  [90m 8 |[0m [36mimport[0m { [33mCompanyFilter[0m, [33mCompanyOption[0m } [36mfrom[0m [32m'@/components/admin/company-filter'[0m
  [90m 9 |[0m [36mimport[0m { getAllProductDrafts } [36mfrom[0m [32m'@/lib/draftService'[0m
  [90m10 |[0m

Import map: aliased to relative './lib/productCatalog' inside of [project]/


Import traces:
  Client Component Browser:
    ./app/admin/products/page.tsx [Client Component Browser]
    ./app/admin/products/page.tsx [Server Component]

  Client Component SSR:
    ./app/admin/products/page.tsx [Client Component SSR]
    ./app/admin/products/page.tsx [Server Component]

https://nextjs.org/docs/messages/module-not-found


 GET /admin/products 500 in 100ms (next.js: 50ms, application-code: 51ms)
⨯ ./lib/apiClient.ts:4:1
Error: Module not found: Can't resolve './productCatalogSync'
  [90m2 |[0m [36mimport[0m [33mCookies[0m [36mfrom[0m [32m'js-cookie'[0m
  [90m3 |[0m [36mimport[0m imageCompression [36mfrom[0m [32m'browser-image-compression'[0m
[31m[1m>[0m [90m4 |[0m [36mimport[0m { isProductMutation, notifyProductCatalogChanged } [36mfrom[0m [32m'./productCatalogSync'[0m
  [90m  |[0m [31m[1m^^^^^^^^^^^^^^^^^^^^^^^^^^^^^^^^^^^^^^^^^^^^^^^^^^^^^^^^^^^^^^^^^^^^^^^^^^^^^^^^^^^^^[0m
  [90m5 |[0m [36mimport[0m {
  [90m6 |[0m   [33mApiResponse[0m, [33mPageResponse[0m,
  [90m7 |[0m   [33mStaffLoginRequestDTO[0m, [33mAuthResponseDTO[0m, [33mRefreshTokenRequestDTO[0m,



Import traces:
  #1 [Client Component Browser]:
    ./lib/apiClient.ts [Client Component Browser]
    ./app/admin/products/page.tsx [Client Component Browser]
    ./app/admin/products/page.tsx [Server Component]

  #2 [Client Component SSR]:
    ./lib/apiClient.ts [Client Component SSR]
    ./app/admin/products/page.tsx [Client Component SSR]
    ./app/admin/products/page.tsx [Server Component]

  #3 [Client Component Browser]:
    ./lib/apiClient.ts [Client Component Browser]
    ./components/header.tsx [Client Component Browser]
    ./components/header.tsx [Server Component]
    ./app/layout.tsx [Server Component]

  #4 [Client Component SSR]:
    ./lib/apiClient.ts [Client Component SSR]
    ./components/header.tsx [Client Component SSR]
    ./components/header.tsx [Server Component]
    ./app/layout.tsx [Server Component]

https://nextjs.org/docs/messages/module-not-found



./app/admin/products/page.tsx:7:1
Error: Module not found: Can't resolve '@/lib/productCatalog'
  [90m 5 |[0m [36mimport[0m { [33mFaArrowLeft[0m, [33mFaPen[0m, [33mFaMagnifyingGlass[0m, [33mFaTrashCan[0m, [33mFaStar[0m, [33mFaPlus[0m, [33mFaXmark[0m, [33mFaFil...[0m
  [90m 6 |[0m [36mimport[0m { apiClient, formatINR } [36mfrom[0m [32m'@/lib/apiClient'[0m
[31m[1m>[0m [90m 7 |[0m [36mimport[0m { fetchCatalogClient, [36mtype[0m [33mCatalogProduct[0m } [36mfrom[0m [32m'@/lib/productCatalog'[0m
  [90m   |[0m [31m[1m^^^^^^^^^^^^^^^^^^^^^^^^^^^^^^^^^^^^^^^^^^^^^^^^^^^^^^^^^^^^^^^^^^^^^^^^^^^^^^[0m
  [90m 8 |[0m [36mimport[0m { [33mCompanyFilter[0m, [33mCompanyOption[0m } [36mfrom[0m [32m'@/components/admin/company-filter'[0m
  [90m 9 |[0m [36mimport[0m { getAllProductDrafts } [36mfrom[0m [32m'@/lib/draftService'[0m
  [90m10 |[0m

Import map: aliased to relative './lib/productCatalog' inside of [project]/


Import traces:
  Client Component Browser:
    ./app/admin/products/page.tsx [Client Component Browser]
    ./app/admin/products/page.tsx [Server Component]

  Client Component SSR:
    ./app/admin/products/page.tsx [Client Component SSR]
    ./app/admin/products/page.tsx [Server Component]

https://nextjs.org/docs/messages/module-not-found


 GET /admin/products 500 in 98ms (next.js: 48ms, application-code: 49ms)
⨯ ./lib/apiClient.ts:4:1
Error: Module not found: Can't resolve './productCatalogSync'
  [90m2 |[0m [36mimport[0m [33mCookies[0m [36mfrom[0m [32m'js-cookie'[0m
  [90m3 |[0m [36mimport[0m imageCompression [36mfrom[0m [32m'browser-image-compression'[0m
[31m[1m>[0m [90m4 |[0m [36mimport[0m { isProductMutation, notifyProductCatalogChanged } [36mfrom[0m [32m'./productCatalogSync'[0m
  [90m  |[0m [31m[1m^^^^^^^^^^^^^^^^^^^^^^^^^^^^^^^^^^^^^^^^^^^^^^^^^^^^^^^^^^^^^^^^^^^^^^^^^^^^^^^^^^^^^[0m
  [90m5 |[0m [36mimport[0m {
  [90m6 |[0m   [33mApiResponse[0m, [33mPageResponse[0m,
  [90m7 |[0m   [33mStaffLoginRequestDTO[0m, [33mAuthResponseDTO[0m, [33mRefreshTokenRequestDTO[0m,



Import traces:
  #1 [Client Component Browser]:
    ./lib/apiClient.ts [Client Component Browser]
    ./app/admin/products/page.tsx [Client Component Browser]
    ./app/admin/products/page.tsx [Server Component]

  #2 [Client Component SSR]:
    ./lib/apiClient.ts [Client Component SSR]
    ./app/admin/products/page.tsx [Client Component SSR]
    ./app/admin/products/page.tsx [Server Component]

  #3 [Client Component Browser]:
    ./lib/apiClient.ts [Client Component Browser]
    ./components/header.tsx [Client Component Browser]
    ./components/header.tsx [Server Component]
    ./app/layout.tsx [Server Component]

  #4 [Client Component SSR]:
    ./lib/apiClient.ts [Client Component SSR]
    ./components/header.tsx [Client Component SSR]
    ./components/header.tsx [Server Component]
    ./app/layout.tsx [Server Component]

https://nextjs.org/docs/messages/module-not-found



./app/admin/products/page.tsx:7:1
Error: Module not found: Can't resolve '@/lib/productCatalog'
  [90m 5 |[0m [36mimport[0m { [33mFaArrowLeft[0m, [33mFaPen[0m, [33mFaMagnifyingGlass[0m, [33mFaTrashCan[0m, [33mFaStar[0m, [33mFaPlus[0m, [33mFaXmark[0m, [33mFaFil...[0m
  [90m 6 |[0m [36mimport[0m { apiClient, formatINR } [36mfrom[0m [32m'@/lib/apiClient'[0m
[31m[1m>[0m [90m 7 |[0m [36mimport[0m { fetchCatalogClient, [36mtype[0m [33mCatalogProduct[0m } [36mfrom[0m [32m'@/lib/productCatalog'[0m
  [90m   |[0m [31m[1m^^^^^^^^^^^^^^^^^^^^^^^^^^^^^^^^^^^^^^^^^^^^^^^^^^^^^^^^^^^^^^^^^^^^^^^^^^^^^^[0m
  [90m 8 |[0m [36mimport[0m { [33mCompanyFilter[0m, [33mCompanyOption[0m } [36mfrom[0m [32m'@/components/admin/company-filter'[0m
  [90m 9 |[0m [36mimport[0m { getAllProductDrafts } [36mfrom[0m [32m'@/lib/draftService'[0m
  [90m10 |[0m

Import map: aliased to relative './lib/productCatalog' inside of [project]/


Import traces:
  Client Component Browser:
    ./app/admin/products/page.tsx [Client Component Browser]
    ./app/admin/products/page.tsx [Server Component]

  Client Component SSR:
    ./app/admin/products/page.tsx [Client Component SSR]
    ./app/admin/products/page.tsx [Server Component]

https://nextjs.org/docs/messages/module-not-found


 GET /admin/products 500 in 100ms (next.js: 48ms, application-code: 53ms)
⨯ ./lib/apiClient.ts:4:1
Error: Module not found: Can't resolve './productCatalogSync'
  [90m2 |[0m [36mimport[0m [33mCookies[0m [36mfrom[0m [32m'js-cookie'[0m
  [90m3 |[0m [36mimport[0m imageCompression [36mfrom[0m [32m'browser-image-compression'[0m
[31m[1m>[0m [90m4 |[0m [36mimport[0m { isProductMutation, notifyProductCatalogChanged } [36mfrom[0m [32m'./productCatalogSync'[0m
  [90m  |[0m [31m[1m^^^^^^^^^^^^^^^^^^^^^^^^^^^^^^^^^^^^^^^^^^^^^^^^^^^^^^^^^^^^^^^^^^^^^^^^^^^^^^^^^^^^^[0m
  [90m5 |[0m [36mimport[0m {
  [90m6 |[0m   [33mApiResponse[0m, [33mPageResponse[0m,
  [90m7 |[0m   [33mStaffLoginRequestDTO[0m, [33mAuthResponseDTO[0m, [33mRefreshTokenRequestDTO[0m,



Import traces:
  #1 [Client Component Browser]:
    ./lib/apiClient.ts [Client Component Browser]
    ./app/admin/products/page.tsx [Client Component Browser]
    ./app/admin/products/page.tsx [Server Component]

  #2 [Client Component SSR]:
    ./lib/apiClient.ts [Client Component SSR]
    ./app/admin/products/page.tsx [Client Component SSR]
    ./app/admin/products/page.tsx [Server Component]

  #3 [Client Component Browser]:
    ./lib/apiClient.ts [Client Component Browser]
    ./components/header.tsx [Client Component Browser]
    ./components/header.tsx [Server Component]
    ./app/layout.tsx [Server Component]

  #4 [Client Component SSR]:
    ./lib/apiClient.ts [Client Component SSR]
    ./components/header.tsx [Client Component SSR]
    ./components/header.tsx [Server Component]
    ./app/layout.tsx [Server Component]

https://nextjs.org/docs/messages/module-not-found



./app/admin/products/page.tsx:7:1
Error: Module not found: Can't resolve '@/lib/productCatalog'
  [90m 5 |[0m [36mimport[0m { [33mFaArrowLeft[0m, [33mFaPen[0m, [33mFaMagnifyingGlass[0m, [33mFaTrashCan[0m, [33mFaStar[0m, [33mFaPlus[0m, [33mFaXmark[0m, [33mFaFil...[0m
  [90m 6 |[0m [36mimport[0m { apiClient, formatINR } [36mfrom[0m [32m'@/lib/apiClient'[0m
[31m[1m>[0m [90m 7 |[0m [36mimport[0m { fetchCatalogClient, [36mtype[0m [33mCatalogProduct[0m } [36mfrom[0m [32m'@/lib/productCatalog'[0m
  [90m   |[0m [31m[1m^^^^^^^^^^^^^^^^^^^^^^^^^^^^^^^^^^^^^^^^^^^^^^^^^^^^^^^^^^^^^^^^^^^^^^^^^^^^^^[0m
  [90m 8 |[0m [36mimport[0m { [33mCompanyFilter[0m, [33mCompanyOption[0m } [36mfrom[0m [32m'@/components/admin/company-filter'[0m
  [90m 9 |[0m [36mimport[0m { getAllProductDrafts } [36mfrom[0m [32m'@/lib/draftService'[0m
  [90m10 |[0m

Import map: aliased to relative './lib/productCatalog' inside of [project]/


Import traces:
  Client Component Browser:
    ./app/admin/products/page.tsx [Client Component Browser]
    ./app/admin/products/page.tsx [Server Component]

  Client Component SSR:
    ./app/admin/products/page.tsx [Client Component SSR]
    ./app/admin/products/page.tsx [Server Component]

https://nextjs.org/docs/messages/module-not-found


 GET /admin/products 500 in 115ms (next.js: 63ms, application-code: 52ms)
⨯ ./lib/apiClient.ts:4:1
Error: Module not found: Can't resolve './productCatalogSync'
  [90m2 |[0m [36mimport[0m [33mCookies[0m [36mfrom[0m [32m'js-cookie'[0m
  [90m3 |[0m [36mimport[0m imageCompression [36mfrom[0m [32m'browser-image-compression'[0m
[31m[1m>[0m [90m4 |[0m [36mimport[0m { isProductMutation, notifyProductCatalogChanged } [36mfrom[0m [32m'./productCatalogSync'[0m
  [90m  |[0m [31m[1m^^^^^^^^^^^^^^^^^^^^^^^^^^^^^^^^^^^^^^^^^^^^^^^^^^^^^^^^^^^^^^^^^^^^^^^^^^^^^^^^^^^^^[0m
  [90m5 |[0m [36mimport[0m {
  [90m6 |[0m   [33mApiResponse[0m, [33mPageResponse[0m,
  [90m7 |[0m   [33mStaffLoginRequestDTO[0m, [33mAuthResponseDTO[0m, [33mRefreshTokenRequestDTO[0m,



Import traces:
  #1 [Client Component Browser]:
    ./lib/apiClient.ts [Client Component Browser]
    ./app/admin/products/page.tsx [Client Component Browser]
    ./app/admin/products/page.tsx [Server Component]

  #2 [Client Component SSR]:
    ./lib/apiClient.ts [Client Component SSR]
    ./app/admin/products/page.tsx [Client Component SSR]
    ./app/admin/products/page.tsx [Server Component]

  #3 [Client Component Browser]:
    ./lib/apiClient.ts [Client Component Browser]
    ./components/header.tsx [Client Component Browser]
    ./components/header.tsx [Server Component]
    ./app/layout.tsx [Server Component]

  #4 [Client Component SSR]:
    ./lib/apiClient.ts [Client Component SSR]
    ./components/header.tsx [Client Component SSR]
    ./components/header.tsx [Server Component]
    ./app/layout.tsx [Server Component]

https://nextjs.org/docs/messages/module-not-found



./app/admin/products/page.tsx:7:1
Error: Module not found: Can't resolve '@/lib/productCatalog'
  [90m 5 |[0m [36mimport[0m { [33mFaArrowLeft[0m, [33mFaPen[0m, [33mFaMagnifyingGlass[0m, [33mFaTrashCan[0m, [33mFaStar[0m, [33mFaPlus[0m, [33mFaXmark[0m, [33mFaFil...[0m
  [90m 6 |[0m [36mimport[0m { apiClient, formatINR } [36mfrom[0m [32m'@/lib/apiClient'[0m
[31m[1m>[0m [90m 7 |[0m [36mimport[0m { fetchCatalogClient, [36mtype[0m [33mCatalogProduct[0m } [36mfrom[0m [32m'@/lib/productCatalog'[0m
  [90m   |[0m [31m[1m^^^^^^^^^^^^^^^^^^^^^^^^^^^^^^^^^^^^^^^^^^^^^^^^^^^^^^^^^^^^^^^^^^^^^^^^^^^^^^[0m
  [90m 8 |[0m [36mimport[0m { [33mCompanyFilter[0m, [33mCompanyOption[0m } [36mfrom[0m [32m'@/components/admin/company-filter'[0m
  [90m 9 |[0m [36mimport[0m { getAllProductDrafts } [36mfrom[0m [32m'@/lib/draftService'[0m
  [90m10 |[0m

Import map: aliased to relative './lib/productCatalog' inside of [project]/


Import traces:
  Client Component Browser:
    ./app/admin/products/page.tsx [Client Component Browser]
    ./app/admin/products/page.tsx [Server Component]

  Client Component SSR:
    ./app/admin/products/page.tsx [Client Component SSR]
    ./app/admin/products/page.tsx [Server Component]

https://nextjs.org/docs/messages/module-not-found


 GET /admin/products 500 in 85ms (next.js: 45ms, application-code: 40ms)
⨯ ./lib/apiClient.ts:4:1
Error: Module not found: Can't resolve './productCatalogSync'
  [90m2 |[0m [36mimport[0m [33mCookies[0m [36mfrom[0m [32m'js-cookie'[0m
  [90m3 |[0m [36mimport[0m imageCompression [36mfrom[0m [32m'browser-image-compression'[0m
[31m[1m>[0m [90m4 |[0m [36mimport[0m { isProductMutation, notifyProductCatalogChanged } [36mfrom[0m [32m'./productCatalogSync'[0m
  [90m  |[0m [31m[1m^^^^^^^^^^^^^^^^^^^^^^^^^^^^^^^^^^^^^^^^^^^^^^^^^^^^^^^^^^^^^^^^^^^^^^^^^^^^^^^^^^^^^[0m
  [90m5 |[0m [36mimport[0m {
  [90m6 |[0m   [33mApiResponse[0m, [33mPageResponse[0m,
  [90m7 |[0m   [33mStaffLoginRequestDTO[0m, [33mAuthResponseDTO[0m, [33mRefreshTokenRequestDTO[0m,



Import traces:
  #1 [Client Component Browser]:
    ./lib/apiClient.ts [Client Component Browser]
    ./app/admin/products/page.tsx [Client Component Browser]
    ./app/admin/products/page.tsx [Server Component]

  #2 [Client Component SSR]:
    ./lib/apiClient.ts [Client Component SSR]
    ./app/admin/products/page.tsx [Client Component SSR]
    ./app/admin/products/page.tsx [Server Component]

  #3 [Client Component Browser]:
    ./lib/apiClient.ts [Client Component Browser]
    ./components/header.tsx [Client Component Browser]
    ./components/header.tsx [Server Component]
    ./app/layout.tsx [Server Component]

  #4 [Client Component SSR]:
    ./lib/apiClient.ts [Client Component SSR]
    ./components/header.tsx [Client Component SSR]
    ./components/header.tsx [Server Component]
    ./app/layout.tsx [Server Component]

https://nextjs.org/docs/messages/module-not-found



./app/admin/products/page.tsx:7:1
Error: Module not found: Can't resolve '@/lib/productCatalog'
  [90m 5 |[0m [36mimport[0m { [33mFaArrowLeft[0m, [33mFaPen[0m, [33mFaMagnifyingGlass[0m, [33mFaTrashCan[0m, [33mFaStar[0m, [33mFaPlus[0m, [33mFaXmark[0m, [33mFaFil...[0m
  [90m 6 |[0m [36mimport[0m { apiClient, formatINR } [36mfrom[0m [32m'@/lib/apiClient'[0m
[31m[1m>[0m [90m 7 |[0m [36mimport[0m { fetchCatalogClient, [36mtype[0m [33mCatalogProduct[0m } [36mfrom[0m [32m'@/lib/productCatalog'[0m
  [90m   |[0m [31m[1m^^^^^^^^^^^^^^^^^^^^^^^^^^^^^^^^^^^^^^^^^^^^^^^^^^^^^^^^^^^^^^^^^^^^^^^^^^^^^^[0m
  [90m 8 |[0m [36mimport[0m { [33mCompanyFilter[0m, [33mCompanyOption[0m } [36mfrom[0m [32m'@/components/admin/company-filter'[0m
  [90m 9 |[0m [36mimport[0m { getAllProductDrafts } [36mfrom[0m [32m'@/lib/draftService'[0m
  [90m10 |[0m

Import map: aliased to relative './lib/productCatalog' inside of [project]/


Import traces:
  Client Component Browser:
    ./app/admin/products/page.tsx [Client Component Browser]
    ./app/admin/products/page.tsx [Server Component]

  Client Component SSR:
    ./app/admin/products/page.tsx [Client Component SSR]
    ./app/admin/products/page.tsx [Server Component]

https://nextjs.org/docs/messages/module-not-found


 GET /admin/products 500 in 102ms (next.js: 44ms, application-code: 57ms)
⨯ ./lib/apiClient.ts:4:1
Error: Module not found: Can't resolve './productCatalogSync'
  [90m2 |[0m [36mimport[0m [33mCookies[0m [36mfrom[0m [32m'js-cookie'[0m
  [90m3 |[0m [36mimport[0m imageCompression [36mfrom[0m [32m'browser-image-compression'[0m
[31m[1m>[0m [90m4 |[0m [36mimport[0m { isProductMutation, notifyProductCatalogChanged } [36mfrom[0m [32m'./productCatalogSync'[0m
  [90m  |[0m [31m[1m^^^^^^^^^^^^^^^^^^^^^^^^^^^^^^^^^^^^^^^^^^^^^^^^^^^^^^^^^^^^^^^^^^^^^^^^^^^^^^^^^^^^^[0m
  [90m5 |[0m [36mimport[0m {
  [90m6 |[0m   [33mApiResponse[0m, [33mPageResponse[0m,
  [90m7 |[0m   [33mStaffLoginRequestDTO[0m, [33mAuthResponseDTO[0m, [33mRefreshTokenRequestDTO[0m,



Import traces:
  #1 [Client Component Browser]:
    ./lib/apiClient.ts [Client Component Browser]
    ./app/admin/products/page.tsx [Client Component Browser]
    ./app/admin/products/page.tsx [Server Component]

  #2 [Client Component SSR]:
    ./lib/apiClient.ts [Client Component SSR]
    ./app/admin/products/page.tsx [Client Component SSR]
    ./app/admin/products/page.tsx [Server Component]

  #3 [Client Component Browser]:
    ./lib/apiClient.ts [Client Component Browser]
    ./components/header.tsx [Client Component Browser]
    ./components/header.tsx [Server Component]
    ./app/layout.tsx [Server Component]

  #4 [Client Component SSR]:
    ./lib/apiClient.ts [Client Component SSR]
    ./components/header.tsx [Client Component SSR]
    ./components/header.tsx [Server Component]
    ./app/layout.tsx [Server Component]

https://nextjs.org/docs/messages/module-not-found



./app/admin/products/page.tsx:7:1
Error: Module not found: Can't resolve '@/lib/productCatalog'
  [90m 5 |[0m [36mimport[0m { [33mFaArrowLeft[0m, [33mFaPen[0m, [33mFaMagnifyingGlass[0m, [33mFaTrashCan[0m, [33mFaStar[0m, [33mFaPlus[0m, [33mFaXmark[0m, [33mFaFil...[0m
  [90m 6 |[0m [36mimport[0m { apiClient, formatINR } [36mfrom[0m [32m'@/lib/apiClient'[0m
[31m[1m>[0m [90m 7 |[0m [36mimport[0m { fetchCatalogClient, [36mtype[0m [33mCatalogProduct[0m } [36mfrom[0m [32m'@/lib/productCatalog'[0m
  [90m   |[0m [31m[1m^^^^^^^^^^^^^^^^^^^^^^^^^^^^^^^^^^^^^^^^^^^^^^^^^^^^^^^^^^^^^^^^^^^^^^^^^^^^^^[0m
  [90m 8 |[0m [36mimport[0m { [33mCompanyFilter[0m, [33mCompanyOption[0m } [36mfrom[0m [32m'@/components/admin/company-filter'[0m
  [90m 9 |[0m [36mimport[0m { getAllProductDrafts } [36mfrom[0m [32m'@/lib/draftService'[0m
  [90m10 |[0m

Import map: aliased to relative './lib/productCatalog' inside of [project]/


Import traces:
  Client Component Browser:
    ./app/admin/products/page.tsx [Client Component Browser]
    ./app/admin/products/page.tsx [Server Component]

  Client Component SSR:
    ./app/admin/products/page.tsx [Client Component SSR]
    ./app/admin/products/page.tsx [Server Component]

https://nextjs.org/docs/messages/module-not-found


 GET /admin/products 500 in 100ms (next.js: 50ms, application-code: 50ms)
⨯ ./lib/apiClient.ts:4:1
Error: Module not found: Can't resolve './productCatalogSync'
  [90m2 |[0m [36mimport[0m [33mCookies[0m [36mfrom[0m [32m'js-cookie'[0m
  [90m3 |[0m [36mimport[0m imageCompression [36mfrom[0m [32m'browser-image-compression'[0m
[31m[1m>[0m [90m4 |[0m [36mimport[0m { isProductMutation, notifyProductCatalogChanged } [36mfrom[0m [32m'./productCatalogSync'[0m
  [90m  |[0m [31m[1m^^^^^^^^^^^^^^^^^^^^^^^^^^^^^^^^^^^^^^^^^^^^^^^^^^^^^^^^^^^^^^^^^^^^^^^^^^^^^^^^^^^^^[0m
  [90m5 |[0m [36mimport[0m {
  [90m6 |[0m   [33mApiResponse[0m, [33mPageResponse[0m,
  [90m7 |[0m   [33mStaffLoginRequestDTO[0m, [33mAuthResponseDTO[0m, [33mRefreshTokenRequestDTO[0m,



Import traces:
  #1 [Client Component Browser]:
    ./lib/apiClient.ts [Client Component Browser]
    ./app/admin/products/page.tsx [Client Component Browser]
    ./app/admin/products/page.tsx [Server Component]

  #2 [Client Component SSR]:
    ./lib/apiClient.ts [Client Component SSR]
    ./app/admin/products/page.tsx [Client Component SSR]
    ./app/admin/products/page.tsx [Server Component]

  #3 [Client Component Browser]:
    ./lib/apiClient.ts [Client Component Browser]
    ./components/header.tsx [Client Component Browser]
    ./components/header.tsx [Server Component]
    ./app/layout.tsx [Server Component]

  #4 [Client Component SSR]:
    ./lib/apiClient.ts [Client Component SSR]
    ./components/header.tsx [Client Component SSR]
    ./components/header.tsx [Server Component]
    ./app/layout.tsx [Server Component]

https://nextjs.org/docs/messages/module-not-found



./app/admin/products/page.tsx:7:1
Error: Module not found: Can't resolve '@/lib/productCatalog'
  [90m 5 |[0m [36mimport[0m { [33mFaArrowLeft[0m, [33mFaPen[0m, [33mFaMagnifyingGlass[0m, [33mFaTrashCan[0m, [33mFaStar[0m, [33mFaPlus[0m, [33mFaXmark[0m, [33mFaFil...[0m
  [90m 6 |[0m [36mimport[0m { apiClient, formatINR } [36mfrom[0m [32m'@/lib/apiClient'[0m
[31m[1m>[0m [90m 7 |[0m [36mimport[0m { fetchCatalogClient, [36mtype[0m [33mCatalogProduct[0m } [36mfrom[0m [32m'@/lib/productCatalog'[0m
  [90m   |[0m [31m[1m^^^^^^^^^^^^^^^^^^^^^^^^^^^^^^^^^^^^^^^^^^^^^^^^^^^^^^^^^^^^^^^^^^^^^^^^^^^^^^[0m
  [90m 8 |[0m [36mimport[0m { [33mCompanyFilter[0m, [33mCompanyOption[0m } [36mfrom[0m [32m'@/components/admin/company-filter'[0m
  [90m 9 |[0m [36mimport[0m { getAllProductDrafts } [36mfrom[0m [32m'@/lib/draftService'[0m
  [90m10 |[0m

Import map: aliased to relative './lib/productCatalog' inside of [project]/


Import traces:
  Client Component Browser:
    ./app/admin/products/page.tsx [Client Component Browser]
    ./app/admin/products/page.tsx [Server Component]

  Client Component SSR:
    ./app/admin/products/page.tsx [Client Component SSR]
    ./app/admin/products/page.tsx [Server Component]

https://nextjs.org/docs/messages/module-not-found


 GET /admin/products 500 in 141ms (next.js: 52ms, application-code: 89ms)
⨯ ./lib/apiClient.ts:4:1
Error: Module not found: Can't resolve './productCatalogSync'
  [90m2 |[0m [36mimport[0m [33mCookies[0m [36mfrom[0m [32m'js-cookie'[0m
  [90m3 |[0m [36mimport[0m imageCompression [36mfrom[0m [32m'browser-image-compression'[0m
[31m[1m>[0m [90m4 |[0m [36mimport[0m { isProductMutation, notifyProductCatalogChanged } [36mfrom[0m [32m'./productCatalogSync'[0m
  [90m  |[0m [31m[1m^^^^^^^^^^^^^^^^^^^^^^^^^^^^^^^^^^^^^^^^^^^^^^^^^^^^^^^^^^^^^^^^^^^^^^^^^^^^^^^^^^^^^[0m
  [90m5 |[0m [36mimport[0m {
  [90m6 |[0m   [33mApiResponse[0m, [33mPageResponse[0m,
  [90m7 |[0m   [33mStaffLoginRequestDTO[0m, [33mAuthResponseDTO[0m, [33mRefreshTokenRequestDTO[0m,



Import traces:
  #1 [Client Component Browser]:
    ./lib/apiClient.ts [Client Component Browser]
    ./app/admin/products/page.tsx [Client Component Browser]
    ./app/admin/products/page.tsx [Server Component]

  #2 [Client Component SSR]:
    ./lib/apiClient.ts [Client Component SSR]
    ./app/admin/products/page.tsx [Client Component SSR]
    ./app/admin/products/page.tsx [Server Component]

  #3 [Client Component Browser]:
    ./lib/apiClient.ts [Client Component Browser]
    ./components/header.tsx [Client Component Browser]
    ./components/header.tsx [Server Component]
    ./app/layout.tsx [Server Component]

  #4 [Client Component SSR]:
    ./lib/apiClient.ts [Client Component SSR]
    ./components/header.tsx [Client Component SSR]
    ./components/header.tsx [Server Component]
    ./app/layout.tsx [Server Component]

https://nextjs.org/docs/messages/module-not-found



./app/admin/products/page.tsx:7:1
Error: Module not found: Can't resolve '@/lib/productCatalog'
  [90m 5 |[0m [36mimport[0m { [33mFaArrowLeft[0m, [33mFaPen[0m, [33mFaMagnifyingGlass[0m, [33mFaTrashCan[0m, [33mFaStar[0m, [33mFaPlus[0m, [33mFaXmark[0m, [33mFaFil...[0m
  [90m 6 |[0m [36mimport[0m { apiClient, formatINR } [36mfrom[0m [32m'@/lib/apiClient'[0m
[31m[1m>[0m [90m 7 |[0m [36mimport[0m { fetchCatalogClient, [36mtype[0m [33mCatalogProduct[0m } [36mfrom[0m [32m'@/lib/productCatalog'[0m
  [90m   |[0m [31m[1m^^^^^^^^^^^^^^^^^^^^^^^^^^^^^^^^^^^^^^^^^^^^^^^^^^^^^^^^^^^^^^^^^^^^^^^^^^^^^^[0m
  [90m 8 |[0m [36mimport[0m { [33mCompanyFilter[0m, [33mCompanyOption[0m } [36mfrom[0m [32m'@/components/admin/company-filter'[0m
  [90m 9 |[0m [36mimport[0m { getAllProductDrafts } [36mfrom[0m [32m'@/lib/draftService'[0m
  [90m10 |[0m

Import map: aliased to relative './lib/productCatalog' inside of [project]/


Import traces:
  Client Component Browser:
    ./app/admin/products/page.tsx [Client Component Browser]
    ./app/admin/products/page.tsx [Server Component]

  Client Component SSR:
    ./app/admin/products/page.tsx [Client Component SSR]
    ./app/admin/products/page.tsx [Server Component]

https://nextjs.org/docs/messages/module-not-found


 GET /admin/products 500 in 141ms (next.js: 68ms, application-code: 73ms)
⨯ ./lib/apiClient.ts:4:1
Error: Module not found: Can't resolve './productCatalogSync'
  [90m2 |[0m [36mimport[0m [33mCookies[0m [36mfrom[0m [32m'js-cookie'[0m
  [90m3 |[0m [36mimport[0m imageCompression [36mfrom[0m [32m'browser-image-compression'[0m
[31m[1m>[0m [90m4 |[0m [36mimport[0m { isProductMutation, notifyProductCatalogChanged } [36mfrom[0m [32m'./productCatalogSync'[0m
  [90m  |[0m [31m[1m^^^^^^^^^^^^^^^^^^^^^^^^^^^^^^^^^^^^^^^^^^^^^^^^^^^^^^^^^^^^^^^^^^^^^^^^^^^^^^^^^^^^^[0m
  [90m5 |[0m [36mimport[0m {
  [90m6 |[0m   [33mApiResponse[0m, [33mPageResponse[0m,
  [90m7 |[0m   [33mStaffLoginRequestDTO[0m, [33mAuthResponseDTO[0m, [33mRefreshTokenRequestDTO[0m,



Import traces:
  #1 [Client Component Browser]:
    ./lib/apiClient.ts [Client Component Browser]
    ./app/admin/products/page.tsx [Client Component Browser]
    ./app/admin/products/page.tsx [Server Component]

  #2 [Client Component SSR]:
    ./lib/apiClient.ts [Client Component SSR]
    ./app/admin/products/page.tsx [Client Component SSR]
    ./app/admin/products/page.tsx [Server Component]

  #3 [Client Component Browser]:
    ./lib/apiClient.ts [Client Component Browser]
    ./components/header.tsx [Client Component Browser]
    ./components/header.tsx [Server Component]
    ./app/layout.tsx [Server Component]

  #4 [Client Component SSR]:
    ./lib/apiClient.ts [Client Component SSR]
    ./components/header.tsx [Client Component SSR]
    ./components/header.tsx [Server Component]
    ./app/layout.tsx [Server Component]

https://nextjs.org/docs/messages/module-not-found



./app/admin/products/page.tsx:7:1
Error: Module not found: Can't resolve '@/lib/productCatalog'
  [90m 5 |[0m [36mimport[0m { [33mFaArrowLeft[0m, [33mFaPen[0m, [33mFaMagnifyingGlass[0m, [33mFaTrashCan[0m, [33mFaStar[0m, [33mFaPlus[0m, [33mFaXmark[0m, [33mFaFil...[0m
  [90m 6 |[0m [36mimport[0m { apiClient, formatINR } [36mfrom[0m [32m'@/lib/apiClient'[0m
[31m[1m>[0m [90m 7 |[0m [36mimport[0m { fetchCatalogClient, [36mtype[0m [33mCatalogProduct[0m } [36mfrom[0m [32m'@/lib/productCatalog'[0m
  [90m   |[0m [31m[1m^^^^^^^^^^^^^^^^^^^^^^^^^^^^^^^^^^^^^^^^^^^^^^^^^^^^^^^^^^^^^^^^^^^^^^^^^^^^^^[0m
  [90m 8 |[0m [36mimport[0m { [33mCompanyFilter[0m, [33mCompanyOption[0m } [36mfrom[0m [32m'@/components/admin/company-filter'[0m
  [90m 9 |[0m [36mimport[0m { getAllProductDrafts } [36mfrom[0m [32m'@/lib/draftService'[0m
  [90m10 |[0m

Import map: aliased to relative './lib/productCatalog' inside of [project]/


Import traces:
  Client Component Browser:
    ./app/admin/products/page.tsx [Client Component Browser]
    ./app/admin/products/page.tsx [Server Component]

  Client Component SSR:
    ./app/admin/products/page.tsx [Client Component SSR]
    ./app/admin/products/page.tsx [Server Component]

https://nextjs.org/docs/messages/module-not-found


 GET /admin/products 500 in 169ms (next.js: 71ms, application-code: 98ms)
⨯ ./lib/apiClient.ts:4:1
Error: Module not found: Can't resolve './productCatalogSync'
  [90m2 |[0m [36mimport[0m [33mCookies[0m [36mfrom[0m [32m'js-cookie'[0m
  [90m3 |[0m [36mimport[0m imageCompression [36mfrom[0m [32m'browser-image-compression'[0m
[31m[1m>[0m [90m4 |[0m [36mimport[0m { isProductMutation, notifyProductCatalogChanged } [36mfrom[0m [32m'./productCatalogSync'[0m
  [90m  |[0m [31m[1m^^^^^^^^^^^^^^^^^^^^^^^^^^^^^^^^^^^^^^^^^^^^^^^^^^^^^^^^^^^^^^^^^^^^^^^^^^^^^^^^^^^^^[0m
  [90m5 |[0m [36mimport[0m {
  [90m6 |[0m   [33mApiResponse[0m, [33mPageResponse[0m,
  [90m7 |[0m   [33mStaffLoginRequestDTO[0m, [33mAuthResponseDTO[0m, [33mRefreshTokenRequestDTO[0m,



Import traces:
  #1 [Client Component Browser]:
    ./lib/apiClient.ts [Client Component Browser]
    ./app/admin/products/page.tsx [Client Component Browser]
    ./app/admin/products/page.tsx [Server Component]

  #2 [Client Component SSR]:
    ./lib/apiClient.ts [Client Component SSR]
    ./app/admin/products/page.tsx [Client Component SSR]
    ./app/admin/products/page.tsx [Server Component]

  #3 [Client Component Browser]:
    ./lib/apiClient.ts [Client Component Browser]
    ./components/header.tsx [Client Component Browser]
    ./components/header.tsx [Server Component]
    ./app/layout.tsx [Server Component]

  #4 [Client Component SSR]:
    ./lib/apiClient.ts [Client Component SSR]
    ./components/header.tsx [Client Component SSR]
    ./components/header.tsx [Server Component]
    ./app/layout.tsx [Server Component]

https://nextjs.org/docs/messages/module-not-found



./app/admin/products/page.tsx:7:1
Error: Module not found: Can't resolve '@/lib/productCatalog'
  [90m 5 |[0m [36mimport[0m { [33mFaArrowLeft[0m, [33mFaPen[0m, [33mFaMagnifyingGlass[0m, [33mFaTrashCan[0m, [33mFaStar[0m, [33mFaPlus[0m, [33mFaXmark[0m, [33mFaFil...[0m
  [90m 6 |[0m [36mimport[0m { apiClient, formatINR } [36mfrom[0m [32m'@/lib/apiClient'[0m
[31m[1m>[0m [90m 7 |[0m [36mimport[0m { fetchCatalogClient, [36mtype[0m [33mCatalogProduct[0m } [36mfrom[0m [32m'@/lib/productCatalog'[0m
  [90m   |[0m [31m[1m^^^^^^^^^^^^^^^^^^^^^^^^^^^^^^^^^^^^^^^^^^^^^^^^^^^^^^^^^^^^^^^^^^^^^^^^^^^^^^[0m
  [90m 8 |[0m [36mimport[0m { [33mCompanyFilter[0m, [33mCompanyOption[0m } [36mfrom[0m [32m'@/components/admin/company-filter'[0m
  [90m 9 |[0m [36mimport[0m { getAllProductDrafts } [36mfrom[0m [32m'@/lib/draftService'[0m
  [90m10 |[0m

Import map: aliased to relative './lib/productCatalog' inside of [project]/


Import traces:
  Client Component Browser:
    ./app/admin/products/page.tsx [Client Component Browser]
    ./app/admin/products/page.tsx [Server Component]

  Client Component SSR:
    ./app/admin/products/page.tsx [Client Component SSR]
    ./app/admin/products/page.tsx [Server Component]

https://nextjs.org/docs/messages/module-not-found


 GET /admin/products 500 in 180ms (next.js: 82ms, application-code: 97ms)
⨯ ./lib/apiClient.ts:4:1
Error: Module not found: Can't resolve './productCatalogSync'
  [90m2 |[0m [36mimport[0m [33mCookies[0m [36mfrom[0m [32m'js-cookie'[0m
  [90m3 |[0m [36mimport[0m imageCompression [36mfrom[0m [32m'browser-image-compression'[0m
[31m[1m>[0m [90m4 |[0m [36mimport[0m { isProductMutation, notifyProductCatalogChanged } [36mfrom[0m [32m'./productCatalogSync'[0m
  [90m  |[0m [31m[1m^^^^^^^^^^^^^^^^^^^^^^^^^^^^^^^^^^^^^^^^^^^^^^^^^^^^^^^^^^^^^^^^^^^^^^^^^^^^^^^^^^^^^[0m
  [90m5 |[0m [36mimport[0m {
  [90m6 |[0m   [33mApiResponse[0m, [33mPageResponse[0m,
  [90m7 |[0m   [33mStaffLoginRequestDTO[0m, [33mAuthResponseDTO[0m, [33mRefreshTokenRequestDTO[0m,



Import traces:
  #1 [Client Component Browser]:
    ./lib/apiClient.ts [Client Component Browser]
    ./app/admin/products/page.tsx [Client Component Browser]
    ./app/admin/products/page.tsx [Server Component]

  #2 [Client Component SSR]:
    ./lib/apiClient.ts [Client Component SSR]
    ./app/admin/products/page.tsx [Client Component SSR]
    ./app/admin/products/page.tsx [Server Component]

  #3 [Client Component Browser]:
    ./lib/apiClient.ts [Client Component Browser]
    ./components/header.tsx [Client Component Browser]
    ./components/header.tsx [Server Component]
    ./app/layout.tsx [Server Component]

  #4 [Client Component SSR]:
    ./lib/apiClient.ts [Client Component SSR]
    ./components/header.tsx [Client Component SSR]
    ./components/header.tsx [Server Component]
    ./app/layout.tsx [Server Component]

https://nextjs.org/docs/messages/module-not-found



./app/admin/products/page.tsx:7:1
Error: Module not found: Can't resolve '@/lib/productCatalog'
  [90m 5 |[0m [36mimport[0m { [33mFaArrowLeft[0m, [33mFaPen[0m, [33mFaMagnifyingGlass[0m, [33mFaTrashCan[0m, [33mFaStar[0m, [33mFaPlus[0m, [33mFaXmark[0m, [33mFaFil...[0m
  [90m 6 |[0m [36mimport[0m { apiClient, formatINR } [36mfrom[0m [32m'@/lib/apiClient'[0m
[31m[1m>[0m [90m 7 |[0m [36mimport[0m { fetchCatalogClient, [36mtype[0m [33mCatalogProduct[0m } [36mfrom[0m [32m'@/lib/productCatalog'[0m
  [90m   |[0m [31m[1m^^^^^^^^^^^^^^^^^^^^^^^^^^^^^^^^^^^^^^^^^^^^^^^^^^^^^^^^^^^^^^^^^^^^^^^^^^^^^^[0m
  [90m 8 |[0m [36mimport[0m { [33mCompanyFilter[0m, [33mCompanyOption[0m } [36mfrom[0m [32m'@/components/admin/company-filter'[0m
  [90m 9 |[0m [36mimport[0m { getAllProductDrafts } [36mfrom[0m [32m'@/lib/draftService'[0m
  [90m10 |[0m

Import map: aliased to relative './lib/productCatalog' inside of [project]/


Import traces:
  Client Component Browser:
    ./app/admin/products/page.tsx [Client Component Browser]
    ./app/admin/products/page.tsx [Server Component]

  Client Component SSR:
    ./app/admin/products/page.tsx [Client Component SSR]
    ./app/admin/products/page.tsx [Server Component]

https://nextjs.org/docs/messages/module-not-found


 GET /admin/products 500 in 96ms (next.js: 52ms, application-code: 44ms)
⨯ ./lib/apiClient.ts:4:1
Error: Module not found: Can't resolve './productCatalogSync'
  [90m2 |[0m [36mimport[0m [33mCookies[0m [36mfrom[0m [32m'js-cookie'[0m
  [90m3 |[0m [36mimport[0m imageCompression [36mfrom[0m [32m'browser-image-compression'[0m
[31m[1m>[0m [90m4 |[0m [36mimport[0m { isProductMutation, notifyProductCatalogChanged } [36mfrom[0m [32m'./productCatalogSync'[0m
  [90m  |[0m [31m[1m^^^^^^^^^^^^^^^^^^^^^^^^^^^^^^^^^^^^^^^^^^^^^^^^^^^^^^^^^^^^^^^^^^^^^^^^^^^^^^^^^^^^^[0m
  [90m5 |[0m [36mimport[0m {
  [90m6 |[0m   [33mApiResponse[0m, [33mPageResponse[0m,
  [90m7 |[0m   [33mStaffLoginRequestDTO[0m, [33mAuthResponseDTO[0m, [33mRefreshTokenRequestDTO[0m,



Import traces:
  #1 [Client Component Browser]:
    ./lib/apiClient.ts [Client Component Browser]
    ./app/admin/products/page.tsx [Client Component Browser]
    ./app/admin/products/page.tsx [Server Component]

  #2 [Client Component SSR]:
    ./lib/apiClient.ts [Client Component SSR]
    ./app/admin/products/page.tsx [Client Component SSR]
    ./app/admin/products/page.tsx [Server Component]

  #3 [Client Component Browser]:
    ./lib/apiClient.ts [Client Component Browser]
    ./components/header.tsx [Client Component Browser]
    ./components/header.tsx [Server Component]
    ./app/layout.tsx [Server Component]

  #4 [Client Component SSR]:
    ./lib/apiClient.ts [Client Component SSR]
    ./components/header.tsx [Client Component SSR]
    ./components/header.tsx [Server Component]
    ./app/layout.tsx [Server Component]

https://nextjs.org/docs/messages/module-not-found



./app/admin/products/page.tsx:7:1
Error: Module not found: Can't resolve '@/lib/productCatalog'
  [90m 5 |[0m [36mimport[0m { [33mFaArrowLeft[0m, [33mFaPen[0m, [33mFaMagnifyingGlass[0m, [33mFaTrashCan[0m, [33mFaStar[0m, [33mFaPlus[0m, [33mFaXmark[0m, [33mFaFil...[0m
  [90m 6 |[0m [36mimport[0m { apiClient, formatINR } [36mfrom[0m [32m'@/lib/apiClient'[0m
[31m[1m>[0m [90m 7 |[0m [36mimport[0m { fetchCatalogClient, [36mtype[0m [33mCatalogProduct[0m } [36mfrom[0m [32m'@/lib/productCatalog'[0m
  [90m   |[0m [31m[1m^^^^^^^^^^^^^^^^^^^^^^^^^^^^^^^^^^^^^^^^^^^^^^^^^^^^^^^^^^^^^^^^^^^^^^^^^^^^^^[0m
  [90m 8 |[0m [36mimport[0m { [33mCompanyFilter[0m, [33mCompanyOption[0m } [36mfrom[0m [32m'@/components/admin/company-filter'[0m
  [90m 9 |[0m [36mimport[0m { getAllProductDrafts } [36mfrom[0m [32m'@/lib/draftService'[0m
  [90m10 |[0m

Import map: aliased to relative './lib/productCatalog' inside of [project]/


Import traces:
  Client Component Browser:
    ./app/admin/products/page.tsx [Client Component Browser]
    ./app/admin/products/page.tsx [Server Component]

  Client Component SSR:
    ./app/admin/products/page.tsx [Client Component SSR]
    ./app/admin/products/page.tsx [Server Component]

https://nextjs.org/docs/messages/module-not-found


 GET /admin/products 500 in 109ms (next.js: 49ms, application-code: 60ms)
⨯ ./lib/apiClient.ts:4:1
Error: Module not found: Can't resolve './productCatalogSync'
  [90m2 |[0m [36mimport[0m [33mCookies[0m [36mfrom[0m [32m'js-cookie'[0m
  [90m3 |[0m [36mimport[0m imageCompression [36mfrom[0m [32m'browser-image-compression'[0m
[31m[1m>[0m [90m4 |[0m [36mimport[0m { isProductMutation, notifyProductCatalogChanged } [36mfrom[0m [32m'./productCatalogSync'[0m
  [90m  |[0m [31m[1m^^^^^^^^^^^^^^^^^^^^^^^^^^^^^^^^^^^^^^^^^^^^^^^^^^^^^^^^^^^^^^^^^^^^^^^^^^^^^^^^^^^^^[0m
  [90m5 |[0m [36mimport[0m {
  [90m6 |[0m   [33mApiResponse[0m, [33mPageResponse[0m,
  [90m7 |[0m   [33mStaffLoginRequestDTO[0m, [33mAuthResponseDTO[0m, [33mRefreshTokenRequestDTO[0m,



Import traces:
  #1 [Client Component Browser]:
    ./lib/apiClient.ts [Client Component Browser]
    ./app/admin/products/page.tsx [Client Component Browser]
    ./app/admin/products/page.tsx [Server Component]

  #2 [Client Component SSR]:
    ./lib/apiClient.ts [Client Component SSR]
    ./app/admin/products/page.tsx [Client Component SSR]
    ./app/admin/products/page.tsx [Server Component]

  #3 [Client Component Browser]:
    ./lib/apiClient.ts [Client Component Browser]
    ./components/header.tsx [Client Component Browser]
    ./components/header.tsx [Server Component]
    ./app/layout.tsx [Server Component]

  #4 [Client Component SSR]:
    ./lib/apiClient.ts [Client Component SSR]
    ./components/header.tsx [Client Component SSR]
    ./components/header.tsx [Server Component]
    ./app/layout.tsx [Server Component]

https://nextjs.org/docs/messages/module-not-found



./app/admin/products/page.tsx:7:1
Error: Module not found: Can't resolve '@/lib/productCatalog'
  [90m 5 |[0m [36mimport[0m { [33mFaArrowLeft[0m, [33mFaPen[0m, [33mFaMagnifyingGlass[0m, [33mFaTrashCan[0m, [33mFaStar[0m, [33mFaPlus[0m, [33mFaXmark[0m, [33mFaFil...[0m
  [90m 6 |[0m [36mimport[0m { apiClient, formatINR } [36mfrom[0m [32m'@/lib/apiClient'[0m
[31m[1m>[0m [90m 7 |[0m [36mimport[0m { fetchCatalogClient, [36mtype[0m [33mCatalogProduct[0m } [36mfrom[0m [32m'@/lib/productCatalog'[0m
  [90m   |[0m [31m[1m^^^^^^^^^^^^^^^^^^^^^^^^^^^^^^^^^^^^^^^^^^^^^^^^^^^^^^^^^^^^^^^^^^^^^^^^^^^^^^[0m
  [90m 8 |[0m [36mimport[0m { [33mCompanyFilter[0m, [33mCompanyOption[0m } [36mfrom[0m [32m'@/components/admin/company-filter'[0m
  [90m 9 |[0m [36mimport[0m { getAllProductDrafts } [36mfrom[0m [32m'@/lib/draftService'[0m
  [90m10 |[0m

Import map: aliased to relative './lib/productCatalog' inside of [project]/


Import traces:
  Client Component Browser:
    ./app/admin/products/page.tsx [Client Component Browser]
    ./app/admin/products/page.tsx [Server Component]

  Client Component SSR:
    ./app/admin/products/page.tsx [Client Component SSR]
    ./app/admin/products/page.tsx [Server Component]

https://nextjs.org/docs/messages/module-not-found


 GET /admin/products 500 in 90ms (next.js: 47ms, application-code: 43ms)
⨯ ./lib/apiClient.ts:4:1
Error: Module not found: Can't resolve './productCatalogSync'
  [90m2 |[0m [36mimport[0m [33mCookies[0m [36mfrom[0m [32m'js-cookie'[0m
  [90m3 |[0m [36mimport[0m imageCompression [36mfrom[0m [32m'browser-image-compression'[0m
[31m[1m>[0m [90m4 |[0m [36mimport[0m { isProductMutation, notifyProductCatalogChanged } [36mfrom[0m [32m'./productCatalogSync'[0m
  [90m  |[0m [31m[1m^^^^^^^^^^^^^^^^^^^^^^^^^^^^^^^^^^^^^^^^^^^^^^^^^^^^^^^^^^^^^^^^^^^^^^^^^^^^^^^^^^^^^[0m
  [90m5 |[0m [36mimport[0m {
  [90m6 |[0m   [33mApiResponse[0m, [33mPageResponse[0m,
  [90m7 |[0m   [33mStaffLoginRequestDTO[0m, [33mAuthResponseDTO[0m, [33mRefreshTokenRequestDTO[0m,



Import traces:
  #1 [Client Component Browser]:
    ./lib/apiClient.ts [Client Component Browser]
    ./app/admin/products/page.tsx [Client Component Browser]
    ./app/admin/products/page.tsx [Server Component]

  #2 [Client Component SSR]:
    ./lib/apiClient.ts [Client Component SSR]
    ./app/admin/products/page.tsx [Client Component SSR]
    ./app/admin/products/page.tsx [Server Component]

  #3 [Client Component Browser]:
    ./lib/apiClient.ts [Client Component Browser]
    ./components/header.tsx [Client Component Browser]
    ./components/header.tsx [Server Component]
    ./app/layout.tsx [Server Component]

  #4 [Client Component SSR]:
    ./lib/apiClient.ts [Client Component SSR]
    ./components/header.tsx [Client Component SSR]
    ./components/header.tsx [Server Component]
    ./app/layout.tsx [Server Component]

https://nextjs.org/docs/messages/module-not-found



./app/admin/products/page.tsx:7:1
Error: Module not found: Can't resolve '@/lib/productCatalog'
  [90m 5 |[0m [36mimport[0m { [33mFaArrowLeft[0m, [33mFaPen[0m, [33mFaMagnifyingGlass[0m, [33mFaTrashCan[0m, [33mFaStar[0m, [33mFaPlus[0m, [33mFaXmark[0m, [33mFaFil...[0m
  [90m 6 |[0m [36mimport[0m { apiClient, formatINR } [36mfrom[0m [32m'@/lib/apiClient'[0m
[31m[1m>[0m [90m 7 |[0m [36mimport[0m { fetchCatalogClient, [36mtype[0m [33mCatalogProduct[0m } [36mfrom[0m [32m'@/lib/productCatalog'[0m
  [90m   |[0m [31m[1m^^^^^^^^^^^^^^^^^^^^^^^^^^^^^^^^^^^^^^^^^^^^^^^^^^^^^^^^^^^^^^^^^^^^^^^^^^^^^^[0m
  [90m 8 |[0m [36mimport[0m { [33mCompanyFilter[0m, [33mCompanyOption[0m } [36mfrom[0m [32m'@/components/admin/company-filter'[0m
  [90m 9 |[0m [36mimport[0m { getAllProductDrafts } [36mfrom[0m [32m'@/lib/draftService'[0m
  [90m10 |[0m

Import map: aliased to relative './lib/productCatalog' inside of [project]/


Import traces:
  Client Component Browser:
    ./app/admin/products/page.tsx [Client Component Browser]
    ./app/admin/products/page.tsx [Server Component]

  Client Component SSR:
    ./app/admin/products/page.tsx [Client Component SSR]
    ./app/admin/products/page.tsx [Server Component]

https://nextjs.org/docs/messages/module-not-found


 GET /admin/products 500 in 110ms (next.js: 66ms, application-code: 43ms)
⨯ ./lib/apiClient.ts:4:1
Error: Module not found: Can't resolve './productCatalogSync'
  [90m2 |[0m [36mimport[0m [33mCookies[0m [36mfrom[0m [32m'js-cookie'[0m
  [90m3 |[0m [36mimport[0m imageCompression [36mfrom[0m [32m'browser-image-compression'[0m
[31m[1m>[0m [90m4 |[0m [36mimport[0m { isProductMutation, notifyProductCatalogChanged } [36mfrom[0m [32m'./productCatalogSync'[0m
  [90m  |[0m [31m[1m^^^^^^^^^^^^^^^^^^^^^^^^^^^^^^^^^^^^^^^^^^^^^^^^^^^^^^^^^^^^^^^^^^^^^^^^^^^^^^^^^^^^^[0m
  [90m5 |[0m [36mimport[0m {
  [90m6 |[0m   [33mApiResponse[0m, [33mPageResponse[0m,
  [90m7 |[0m   [33mStaffLoginRequestDTO[0m, [33mAuthResponseDTO[0m, [33mRefreshTokenRequestDTO[0m,



Import traces:
  #1 [Client Component Browser]:
    ./lib/apiClient.ts [Client Component Browser]
    ./app/admin/products/page.tsx [Client Component Browser]
    ./app/admin/products/page.tsx [Server Component]

  #2 [Client Component SSR]:
    ./lib/apiClient.ts [Client Component SSR]
    ./app/admin/products/page.tsx [Client Component SSR]
    ./app/admin/products/page.tsx [Server Component]

  #3 [Client Component Browser]:
    ./lib/apiClient.ts [Client Component Browser]
    ./components/header.tsx [Client Component Browser]
    ./components/header.tsx [Server Component]
    ./app/layout.tsx [Server Component]

  #4 [Client Component SSR]:
    ./lib/apiClient.ts [Client Component SSR]
    ./components/header.tsx [Client Component SSR]
    ./components/header.tsx [Server Component]
    ./app/layout.tsx [Server Component]

https://nextjs.org/docs/messages/module-not-found



./app/admin/products/page.tsx:7:1
Error: Module not found: Can't resolve '@/lib/productCatalog'
  [90m 5 |[0m [36mimport[0m { [33mFaArrowLeft[0m, [33mFaPen[0m, [33mFaMagnifyingGlass[0m, [33mFaTrashCan[0m, [33mFaStar[0m, [33mFaPlus[0m, [33mFaXmark[0m, [33mFaFil...[0m
  [90m 6 |[0m [36mimport[0m { apiClient, formatINR } [36mfrom[0m [32m'@/lib/apiClient'[0m
[31m[1m>[0m [90m 7 |[0m [36mimport[0m { fetchCatalogClient, [36mtype[0m [33mCatalogProduct[0m } [36mfrom[0m [32m'@/lib/productCatalog'[0m
  [90m   |[0m [31m[1m^^^^^^^^^^^^^^^^^^^^^^^^^^^^^^^^^^^^^^^^^^^^^^^^^^^^^^^^^^^^^^^^^^^^^^^^^^^^^^[0m
  [90m 8 |[0m [36mimport[0m { [33mCompanyFilter[0m, [33mCompanyOption[0m } [36mfrom[0m [32m'@/components/admin/company-filter'[0m
  [90m 9 |[0m [36mimport[0m { getAllProductDrafts } [36mfrom[0m [32m'@/lib/draftService'[0m
  [90m10 |[0m

Import map: aliased to relative './lib/productCatalog' inside of [project]/


Import traces:
  Client Component Browser:
    ./app/admin/products/page.tsx [Client Component Browser]
    ./app/admin/products/page.tsx [Server Component]

  Client Component SSR:
    ./app/admin/products/page.tsx [Client Component SSR]
    ./app/admin/products/page.tsx [Server Component]

https://nextjs.org/docs/messages/module-not-found


 GET /admin/products 500 in 101ms (next.js: 52ms, application-code: 48ms)
⨯ ./lib/apiClient.ts:4:1
Error: Module not found: Can't resolve './productCatalogSync'
  [90m2 |[0m [36mimport[0m [33mCookies[0m [36mfrom[0m [32m'js-cookie'[0m
  [90m3 |[0m [36mimport[0m imageCompression [36mfrom[0m [32m'browser-image-compression'[0m
[31m[1m>[0m [90m4 |[0m [36mimport[0m { isProductMutation, notifyProductCatalogChanged } [36mfrom[0m [32m'./productCatalogSync'[0m
  [90m  |[0m [31m[1m^^^^^^^^^^^^^^^^^^^^^^^^^^^^^^^^^^^^^^^^^^^^^^^^^^^^^^^^^^^^^^^^^^^^^^^^^^^^^^^^^^^^^[0m
  [90m5 |[0m [36mimport[0m {
  [90m6 |[0m   [33mApiResponse[0m, [33mPageResponse[0m,
  [90m7 |[0m   [33mStaffLoginRequestDTO[0m, [33mAuthResponseDTO[0m, [33mRefreshTokenRequestDTO[0m,



Import traces:
  #1 [Client Component Browser]:
    ./lib/apiClient.ts [Client Component Browser]
    ./app/admin/products/page.tsx [Client Component Browser]
    ./app/admin/products/page.tsx [Server Component]

  #2 [Client Component SSR]:
    ./lib/apiClient.ts [Client Component SSR]
    ./app/admin/products/page.tsx [Client Component SSR]
    ./app/admin/products/page.tsx [Server Component]

  #3 [Client Component Browser]:
    ./lib/apiClient.ts [Client Component Browser]
    ./components/header.tsx [Client Component Browser]
    ./components/header.tsx [Server Component]
    ./app/layout.tsx [Server Component]

  #4 [Client Component SSR]:
    ./lib/apiClient.ts [Client Component SSR]
    ./components/header.tsx [Client Component SSR]
    ./components/header.tsx [Server Component]
    ./app/layout.tsx [Server Component]

https://nextjs.org/docs/messages/module-not-found



./app/admin/products/page.tsx:7:1
Error: Module not found: Can't resolve '@/lib/productCatalog'
  [90m 5 |[0m [36mimport[0m { [33mFaArrowLeft[0m, [33mFaPen[0m, [33mFaMagnifyingGlass[0m, [33mFaTrashCan[0m, [33mFaStar[0m, [33mFaPlus[0m, [33mFaXmark[0m, [33mFaFil...[0m
  [90m 6 |[0m [36mimport[0m { apiClient, formatINR } [36mfrom[0m [32m'@/lib/apiClient'[0m
[31m[1m>[0m [90m 7 |[0m [36mimport[0m { fetchCatalogClient, [36mtype[0m [33mCatalogProduct[0m } [36mfrom[0m [32m'@/lib/productCatalog'[0m
  [90m   |[0m [31m[1m^^^^^^^^^^^^^^^^^^^^^^^^^^^^^^^^^^^^^^^^^^^^^^^^^^^^^^^^^^^^^^^^^^^^^^^^^^^^^^[0m
  [90m 8 |[0m [36mimport[0m { [33mCompanyFilter[0m, [33mCompanyOption[0m } [36mfrom[0m [32m'@/components/admin/company-filter'[0m
  [90m 9 |[0m [36mimport[0m { getAllProductDrafts } [36mfrom[0m [32m'@/lib/draftService'[0m
  [90m10 |[0m

Import map: aliased to relative './lib/productCatalog' inside of [project]/


Import traces:
  Client Component Browser:
    ./app/admin/products/page.tsx [Client Component Browser]
    ./app/admin/products/page.tsx [Server Component]

  Client Component SSR:
    ./app/admin/products/page.tsx [Client Component SSR]
    ./app/admin/products/page.tsx [Server Component]

https://nextjs.org/docs/messages/module-not-found


 GET /admin/products 500 in 109ms (next.js: 52ms, application-code: 58ms)
⨯ ./lib/apiClient.ts:4:1
Error: Module not found: Can't resolve './productCatalogSync'
  [90m2 |[0m [36mimport[0m [33mCookies[0m [36mfrom[0m [32m'js-cookie'[0m
  [90m3 |[0m [36mimport[0m imageCompression [36mfrom[0m [32m'browser-image-compression'[0m
[31m[1m>[0m [90m4 |[0m [36mimport[0m { isProductMutation, notifyProductCatalogChanged } [36mfrom[0m [32m'./productCatalogSync'[0m
  [90m  |[0m [31m[1m^^^^^^^^^^^^^^^^^^^^^^^^^^^^^^^^^^^^^^^^^^^^^^^^^^^^^^^^^^^^^^^^^^^^^^^^^^^^^^^^^^^^^[0m
  [90m5 |[0m [36mimport[0m {
  [90m6 |[0m   [33mApiResponse[0m, [33mPageResponse[0m,
  [90m7 |[0m   [33mStaffLoginRequestDTO[0m, [33mAuthResponseDTO[0m, [33mRefreshTokenRequestDTO[0m,



Import traces:
  #1 [Client Component Browser]:
    ./lib/apiClient.ts [Client Component Browser]
    ./app/admin/products/page.tsx [Client Component Browser]
    ./app/admin/products/page.tsx [Server Component]

  #2 [Client Component SSR]:
    ./lib/apiClient.ts [Client Component SSR]
    ./app/admin/products/page.tsx [Client Component SSR]
    ./app/admin/products/page.tsx [Server Component]

  #3 [Client Component Browser]:
    ./lib/apiClient.ts [Client Component Browser]
    ./components/header.tsx [Client Component Browser]
    ./components/header.tsx [Server Component]
    ./app/layout.tsx [Server Component]

  #4 [Client Component SSR]:
    ./lib/apiClient.ts [Client Component SSR]
    ./components/header.tsx [Client Component SSR]
    ./components/header.tsx [Server Component]
    ./app/layout.tsx [Server Component]

https://nextjs.org/docs/messages/module-not-found



./app/admin/products/page.tsx:7:1
Error: Module not found: Can't resolve '@/lib/productCatalog'
  [90m 5 |[0m [36mimport[0m { [33mFaArrowLeft[0m, [33mFaPen[0m, [33mFaMagnifyingGlass[0m, [33mFaTrashCan[0m, [33mFaStar[0m, [33mFaPlus[0m, [33mFaXmark[0m, [33mFaFil...[0m
  [90m 6 |[0m [36mimport[0m { apiClient, formatINR } [36mfrom[0m [32m'@/lib/apiClient'[0m
[31m[1m>[0m [90m 7 |[0m [36mimport[0m { fetchCatalogClient, [36mtype[0m [33mCatalogProduct[0m } [36mfrom[0m [32m'@/lib/productCatalog'[0m
  [90m   |[0m [31m[1m^^^^^^^^^^^^^^^^^^^^^^^^^^^^^^^^^^^^^^^^^^^^^^^^^^^^^^^^^^^^^^^^^^^^^^^^^^^^^^[0m
  [90m 8 |[0m [36mimport[0m { [33mCompanyFilter[0m, [33mCompanyOption[0m } [36mfrom[0m [32m'@/components/admin/company-filter'[0m
  [90m 9 |[0m [36mimport[0m { getAllProductDrafts } [36mfrom[0m [32m'@/lib/draftService'[0m
  [90m10 |[0m

Import map: aliased to relative './lib/productCatalog' inside of [project]/


Import traces:
  Client Component Browser:
    ./app/admin/products/page.tsx [Client Component Browser]
    ./app/admin/products/page.tsx [Server Component]

  Client Component SSR:
    ./app/admin/products/page.tsx [Client Component SSR]
    ./app/admin/products/page.tsx [Server Component]

https://nextjs.org/docs/messages/module-not-found


 GET /admin/products 500 in 216ms (next.js: 161ms, application-code: 55ms)
⨯ ./lib/apiClient.ts:4:1
Error: Module not found: Can't resolve './productCatalogSync'
  [90m2 |[0m [36mimport[0m [33mCookies[0m [36mfrom[0m [32m'js-cookie'[0m
  [90m3 |[0m [36mimport[0m imageCompression [36mfrom[0m [32m'browser-image-compression'[0m
[31m[1m>[0m [90m4 |[0m [36mimport[0m { isProductMutation, notifyProductCatalogChanged } [36mfrom[0m [32m'./productCatalogSync'[0m
  [90m  |[0m [31m[1m^^^^^^^^^^^^^^^^^^^^^^^^^^^^^^^^^^^^^^^^^^^^^^^^^^^^^^^^^^^^^^^^^^^^^^^^^^^^^^^^^^^^^[0m
  [90m5 |[0m [36mimport[0m {
  [90m6 |[0m   [33mApiResponse[0m, [33mPageResponse[0m,
  [90m7 |[0m   [33mStaffLoginRequestDTO[0m, [33mAuthResponseDTO[0m, [33mRefreshTokenRequestDTO[0m,



Import traces:
  #1 [Client Component Browser]:
    ./lib/apiClient.ts [Client Component Browser]
    ./app/admin/products/page.tsx [Client Component Browser]
    ./app/admin/products/page.tsx [Server Component]

  #2 [Client Component SSR]:
    ./lib/apiClient.ts [Client Component SSR]
    ./app/admin/products/page.tsx [Client Component SSR]
    ./app/admin/products/page.tsx [Server Component]

  #3 [Client Component Browser]:
    ./lib/apiClient.ts [Client Component Browser]
    ./components/header.tsx [Client Component Browser]
    ./components/header.tsx [Server Component]
    ./app/layout.tsx [Server Component]

  #4 [Client Component SSR]:
    ./lib/apiClient.ts [Client Component SSR]
    ./components/header.tsx [Client Component SSR]
    ./components/header.tsx [Server Component]
    ./app/layout.tsx [Server Component]

https://nextjs.org/docs/messages/module-not-found



./app/admin/products/page.tsx:7:1
Error: Module not found: Can't resolve '@/lib/productCatalog'
  [90m 5 |[0m [36mimport[0m { [33mFaArrowLeft[0m, [33mFaPen[0m, [33mFaMagnifyingGlass[0m, [33mFaTrashCan[0m, [33mFaStar[0m, [33mFaPlus[0m, [33mFaXmark[0m, [33mFaFil...[0m
  [90m 6 |[0m [36mimport[0m { apiClient, formatINR } [36mfrom[0m [32m'@/lib/apiClient'[0m
[31m[1m>[0m [90m 7 |[0m [36mimport[0m { fetchCatalogClient, [36mtype[0m [33mCatalogProduct[0m } [36mfrom[0m [32m'@/lib/productCatalog'[0m
  [90m   |[0m [31m[1m^^^^^^^^^^^^^^^^^^^^^^^^^^^^^^^^^^^^^^^^^^^^^^^^^^^^^^^^^^^^^^^^^^^^^^^^^^^^^^[0m
  [90m 8 |[0m [36mimport[0m { [33mCompanyFilter[0m, [33mCompanyOption[0m } [36mfrom[0m [32m'@/components/admin/company-filter'[0m
  [90m 9 |[0m [36mimport[0m { getAllProductDrafts } [36mfrom[0m [32m'@/lib/draftService'[0m
  [90m10 |[0m

Import map: aliased to relative './lib/productCatalog' inside of [project]/


Import traces:
  Client Component Browser:
    ./app/admin/products/page.tsx [Client Component Browser]
    ./app/admin/products/page.tsx [Server Component]

  Client Component SSR:
    ./app/admin/products/page.tsx [Client Component SSR]
    ./app/admin/products/page.tsx [Server Component]

https://nextjs.org/docs/messages/module-not-found


 GET /admin/products 500 in 183ms (next.js: 101ms, application-code: 82ms)
⨯ ./lib/apiClient.ts:4:1
Error: Module not found: Can't resolve './productCatalogSync'
  [90m2 |[0m [36mimport[0m [33mCookies[0m [36mfrom[0m [32m'js-cookie'[0m
  [90m3 |[0m [36mimport[0m imageCompression [36mfrom[0m [32m'browser-image-compression'[0m
[31m[1m>[0m [90m4 |[0m [36mimport[0m { isProductMutation, notifyProductCatalogChanged } [36mfrom[0m [32m'./productCatalogSync'[0m
  [90m  |[0m [31m[1m^^^^^^^^^^^^^^^^^^^^^^^^^^^^^^^^^^^^^^^^^^^^^^^^^^^^^^^^^^^^^^^^^^^^^^^^^^^^^^^^^^^^^[0m
  [90m5 |[0m [36mimport[0m {
  [90m6 |[0m   [33mApiResponse[0m, [33mPageResponse[0m,
  [90m7 |[0m   [33mStaffLoginRequestDTO[0m, [33mAuthResponseDTO[0m, [33mRefreshTokenRequestDTO[0m,



Import traces:
  #1 [Client Component Browser]:
    ./lib/apiClient.ts [Client Component Browser]
    ./app/admin/products/page.tsx [Client Component Browser]
    ./app/admin/products/page.tsx [Server Component]

  #2 [Client Component SSR]:
    ./lib/apiClient.ts [Client Component SSR]
    ./app/admin/products/page.tsx [Client Component SSR]
    ./app/admin/products/page.tsx [Server Component]

  #3 [Client Component Browser]:
    ./lib/apiClient.ts [Client Component Browser]
    ./components/header.tsx [Client Component Browser]
    ./components/header.tsx [Server Component]
    ./app/layout.tsx [Server Component]

  #4 [Client Component SSR]:
    ./lib/apiClient.ts [Client Component SSR]
    ./components/header.tsx [Client Component SSR]
    ./components/header.tsx [Server Component]
    ./app/layout.tsx [Server Component]

https://nextjs.org/docs/messages/module-not-found



./app/admin/products/page.tsx:7:1
Error: Module not found: Can't resolve '@/lib/productCatalog'
  [90m 5 |[0m [36mimport[0m { [33mFaArrowLeft[0m, [33mFaPen[0m, [33mFaMagnifyingGlass[0m, [33mFaTrashCan[0m, [33mFaStar[0m, [33mFaPlus[0m, [33mFaXmark[0m, [33mFaFil...[0m
  [90m 6 |[0m [36mimport[0m { apiClient, formatINR } [36mfrom[0m [32m'@/lib/apiClient'[0m
[31m[1m>[0m [90m 7 |[0m [36mimport[0m { fetchCatalogClient, [36mtype[0m [33mCatalogProduct[0m } [36mfrom[0m [32m'@/lib/productCatalog'[0m
  [90m   |[0m [31m[1m^^^^^^^^^^^^^^^^^^^^^^^^^^^^^^^^^^^^^^^^^^^^^^^^^^^^^^^^^^^^^^^^^^^^^^^^^^^^^^[0m
  [90m 8 |[0m [36mimport[0m { [33mCompanyFilter[0m, [33mCompanyOption[0m } [36mfrom[0m [32m'@/components/admin/company-filter'[0m
  [90m 9 |[0m [36mimport[0m { getAllProductDrafts } [36mfrom[0m [32m'@/lib/draftService'[0m
  [90m10 |[0m

Import map: aliased to relative './lib/productCatalog' inside of [project]/


Import traces:
  Client Component Browser:
    ./app/admin/products/page.tsx [Client Component Browser]
    ./app/admin/products/page.tsx [Server Component]

  Client Component SSR:
    ./app/admin/products/page.tsx [Client Component SSR]
    ./app/admin/products/page.tsx [Server Component]

https://nextjs.org/docs/messages/module-not-found


 GET /admin/products 500 in 83ms (next.js: 48ms, application-code: 35ms)
⨯ ./lib/apiClient.ts:4:1
Error: Module not found: Can't resolve './productCatalogSync'
  [90m2 |[0m [36mimport[0m [33mCookies[0m [36mfrom[0m [32m'js-cookie'[0m
  [90m3 |[0m [36mimport[0m imageCompression [36mfrom[0m [32m'browser-image-compression'[0m
[31m[1m>[0m [90m4 |[0m [36mimport[0m { isProductMutation, notifyProductCatalogChanged } [36mfrom[0m [32m'./productCatalogSync'[0m
  [90m  |[0m [31m[1m^^^^^^^^^^^^^^^^^^^^^^^^^^^^^^^^^^^^^^^^^^^^^^^^^^^^^^^^^^^^^^^^^^^^^^^^^^^^^^^^^^^^^[0m
  [90m5 |[0m [36mimport[0m {
  [90m6 |[0m   [33mApiResponse[0m, [33mPageResponse[0m,
  [90m7 |[0m   [33mStaffLoginRequestDTO[0m, [33mAuthResponseDTO[0m, [33mRefreshTokenRequestDTO[0m,



Import traces:
  #1 [Client Component Browser]:
    ./lib/apiClient.ts [Client Component Browser]
    ./app/admin/products/page.tsx [Client Component Browser]
    ./app/admin/products/page.tsx [Server Component]

  #2 [Client Component SSR]:
    ./lib/apiClient.ts [Client Component SSR]
    ./app/admin/products/page.tsx [Client Component SSR]
    ./app/admin/products/page.tsx [Server Component]

  #3 [Client Component Browser]:
    ./lib/apiClient.ts [Client Component Browser]
    ./components/header.tsx [Client Component Browser]
    ./components/header.tsx [Server Component]
    ./app/layout.tsx [Server Component]

  #4 [Client Component SSR]:
    ./lib/apiClient.ts [Client Component SSR]
    ./components/header.tsx [Client Component SSR]
    ./components/header.tsx [Server Component]
    ./app/layout.tsx [Server Component]

https://nextjs.org/docs/messages/module-not-found



./app/admin/products/page.tsx:7:1
Error: Module not found: Can't resolve '@/lib/productCatalog'
  [90m 5 |[0m [36mimport[0m { [33mFaArrowLeft[0m, [33mFaPen[0m, [33mFaMagnifyingGlass[0m, [33mFaTrashCan[0m, [33mFaStar[0m, [33mFaPlus[0m, [33mFaXmark[0m, [33mFaFil...[0m
  [90m 6 |[0m [36mimport[0m { apiClient, formatINR } [36mfrom[0m [32m'@/lib/apiClient'[0m
[31m[1m>[0m [90m 7 |[0m [36mimport[0m { fetchCatalogClient, [36mtype[0m [33mCatalogProduct[0m } [36mfrom[0m [32m'@/lib/productCatalog'[0m
  [90m   |[0m [31m[1m^^^^^^^^^^^^^^^^^^^^^^^^^^^^^^^^^^^^^^^^^^^^^^^^^^^^^^^^^^^^^^^^^^^^^^^^^^^^^^[0m
  [90m 8 |[0m [36mimport[0m { [33mCompanyFilter[0m, [33mCompanyOption[0m } [36mfrom[0m [32m'@/components/admin/company-filter'[0m
  [90m 9 |[0m [36mimport[0m { getAllProductDrafts } [36mfrom[0m [32m'@/lib/draftService'[0m
  [90m10 |[0m

Import map: aliased to relative './lib/productCatalog' inside of [project]/


Import traces:
  Client Component Browser:
    ./app/admin/products/page.tsx [Client Component Browser]
    ./app/admin/products/page.tsx [Server Component]

  Client Component SSR:
    ./app/admin/products/page.tsx [Client Component SSR]
    ./app/admin/products/page.tsx [Server Component]

https://nextjs.org/docs/messages/module-not-found


 GET /admin/products 500 in 128ms (next.js: 57ms, application-code: 71ms)
⨯ ./lib/apiClient.ts:4:1
Error: Module not found: Can't resolve './productCatalogSync'
  [90m2 |[0m [36mimport[0m [33mCookies[0m [36mfrom[0m [32m'js-cookie'[0m
  [90m3 |[0m [36mimport[0m imageCompression [36mfrom[0m [32m'browser-image-compression'[0m
[31m[1m>[0m [90m4 |[0m [36mimport[0m { isProductMutation, notifyProductCatalogChanged } [36mfrom[0m [32m'./productCatalogSync'[0m
  [90m  |[0m [31m[1m^^^^^^^^^^^^^^^^^^^^^^^^^^^^^^^^^^^^^^^^^^^^^^^^^^^^^^^^^^^^^^^^^^^^^^^^^^^^^^^^^^^^^[0m
  [90m5 |[0m [36mimport[0m {
  [90m6 |[0m   [33mApiResponse[0m, [33mPageResponse[0m,
  [90m7 |[0m   [33mStaffLoginRequestDTO[0m, [33mAuthResponseDTO[0m, [33mRefreshTokenRequestDTO[0m,



Import traces:
  #1 [Client Component Browser]:
    ./lib/apiClient.ts [Client Component Browser]
    ./app/admin/products/page.tsx [Client Component Browser]
    ./app/admin/products/page.tsx [Server Component]

  #2 [Client Component SSR]:
    ./lib/apiClient.ts [Client Component SSR]
    ./app/admin/products/page.tsx [Client Component SSR]
    ./app/admin/products/page.tsx [Server Component]

  #3 [Client Component Browser]:
    ./lib/apiClient.ts [Client Component Browser]
    ./components/header.tsx [Client Component Browser]
    ./components/header.tsx [Server Component]
    ./app/layout.tsx [Server Component]

  #4 [Client Component SSR]:
    ./lib/apiClient.ts [Client Component SSR]
    ./components/header.tsx [Client Component SSR]
    ./components/header.tsx [Server Component]
    ./app/layout.tsx [Server Component]

https://nextjs.org/docs/messages/module-not-found



./app/admin/products/page.tsx:7:1
Error: Module not found: Can't resolve '@/lib/productCatalog'
  [90m 5 |[0m [36mimport[0m { [33mFaArrowLeft[0m, [33mFaPen[0m, [33mFaMagnifyingGlass[0m, [33mFaTrashCan[0m, [33mFaStar[0m, [33mFaPlus[0m, [33mFaXmark[0m, [33mFaFil...[0m
  [90m 6 |[0m [36mimport[0m { apiClient, formatINR } [36mfrom[0m [32m'@/lib/apiClient'[0m
[31m[1m>[0m [90m 7 |[0m [36mimport[0m { fetchCatalogClient, [36mtype[0m [33mCatalogProduct[0m } [36mfrom[0m [32m'@/lib/productCatalog'[0m
  [90m   |[0m [31m[1m^^^^^^^^^^^^^^^^^^^^^^^^^^^^^^^^^^^^^^^^^^^^^^^^^^^^^^^^^^^^^^^^^^^^^^^^^^^^^^[0m
  [90m 8 |[0m [36mimport[0m { [33mCompanyFilter[0m, [33mCompanyOption[0m } [36mfrom[0m [32m'@/components/admin/company-filter'[0m
  [90m 9 |[0m [36mimport[0m { getAllProductDrafts } [36mfrom[0m [32m'@/lib/draftService'[0m
  [90m10 |[0m

Import map: aliased to relative './lib/productCatalog' inside of [project]/


Import traces:
  Client Component Browser:
    ./app/admin/products/page.tsx [Client Component Browser]
    ./app/admin/products/page.tsx [Server Component]

  Client Component SSR:
    ./app/admin/products/page.tsx [Client Component SSR]
    ./app/admin/products/page.tsx [Server Component]

https://nextjs.org/docs/messages/module-not-found


 GET /admin/products 500 in 95ms (next.js: 54ms, application-code: 42ms)
⨯ ./lib/apiClient.ts:4:1
Error: Module not found: Can't resolve './productCatalogSync'
  [90m2 |[0m [36mimport[0m [33mCookies[0m [36mfrom[0m [32m'js-cookie'[0m
  [90m3 |[0m [36mimport[0m imageCompression [36mfrom[0m [32m'browser-image-compression'[0m
[31m[1m>[0m [90m4 |[0m [36mimport[0m { isProductMutation, notifyProductCatalogChanged } [36mfrom[0m [32m'./productCatalogSync'[0m
  [90m  |[0m [31m[1m^^^^^^^^^^^^^^^^^^^^^^^^^^^^^^^^^^^^^^^^^^^^^^^^^^^^^^^^^^^^^^^^^^^^^^^^^^^^^^^^^^^^^[0m
  [90m5 |[0m [36mimport[0m {
  [90m6 |[0m   [33mApiResponse[0m, [33mPageResponse[0m,
  [90m7 |[0m   [33mStaffLoginRequestDTO[0m, [33mAuthResponseDTO[0m, [33mRefreshTokenRequestDTO[0m,



Import traces:
  #1 [Client Component Browser]:
    ./lib/apiClient.ts [Client Component Browser]
    ./app/admin/products/page.tsx [Client Component Browser]
    ./app/admin/products/page.tsx [Server Component]

  #2 [Client Component SSR]:
    ./lib/apiClient.ts [Client Component SSR]
    ./app/admin/products/page.tsx [Client Component SSR]
    ./app/admin/products/page.tsx [Server Component]

  #3 [Client Component Browser]:
    ./lib/apiClient.ts [Client Component Browser]
    ./components/header.tsx [Client Component Browser]
    ./components/header.tsx [Server Component]
    ./app/layout.tsx [Server Component]

  #4 [Client Component SSR]:
    ./lib/apiClient.ts [Client Component SSR]
    ./components/header.tsx [Client Component SSR]
    ./components/header.tsx [Server Component]
    ./app/layout.tsx [Server Component]

https://nextjs.org/docs/messages/module-not-found



./app/admin/products/page.tsx:7:1
Error: Module not found: Can't resolve '@/lib/productCatalog'
  [90m 5 |[0m [36mimport[0m { [33mFaArrowLeft[0m, [33mFaPen[0m, [33mFaMagnifyingGlass[0m, [33mFaTrashCan[0m, [33mFaStar[0m, [33mFaPlus[0m, [33mFaXmark[0m, [33mFaFil...[0m
  [90m 6 |[0m [36mimport[0m { apiClient, formatINR } [36mfrom[0m [32m'@/lib/apiClient'[0m
[31m[1m>[0m [90m 7 |[0m [36mimport[0m { fetchCatalogClient, [36mtype[0m [33mCatalogProduct[0m } [36mfrom[0m [32m'@/lib/productCatalog'[0m
  [90m   |[0m [31m[1m^^^^^^^^^^^^^^^^^^^^^^^^^^^^^^^^^^^^^^^^^^^^^^^^^^^^^^^^^^^^^^^^^^^^^^^^^^^^^^[0m
  [90m 8 |[0m [36mimport[0m { [33mCompanyFilter[0m, [33mCompanyOption[0m } [36mfrom[0m [32m'@/components/admin/company-filter'[0m
  [90m 9 |[0m [36mimport[0m { getAllProductDrafts } [36mfrom[0m [32m'@/lib/draftService'[0m
  [90m10 |[0m

Import map: aliased to relative './lib/productCatalog' inside of [project]/


Import traces:
  Client Component Browser:
    ./app/admin/products/page.tsx [Client Component Browser]
    ./app/admin/products/page.tsx [Server Component]

  Client Component SSR:
    ./app/admin/products/page.tsx [Client Component SSR]
    ./app/admin/products/page.tsx [Server Component]

https://nextjs.org/docs/messages/module-not-found


 GET /admin/products 500 in 137ms (next.js: 52ms, application-code: 85ms)
⨯ ./lib/apiClient.ts:4:1
Error: Module not found: Can't resolve './productCatalogSync'
  [90m2 |[0m [36mimport[0m [33mCookies[0m [36mfrom[0m [32m'js-cookie'[0m
  [90m3 |[0m [36mimport[0m imageCompression [36mfrom[0m [32m'browser-image-compression'[0m
[31m[1m>[0m [90m4 |[0m [36mimport[0m { isProductMutation, notifyProductCatalogChanged } [36mfrom[0m [32m'./productCatalogSync'[0m
  [90m  |[0m [31m[1m^^^^^^^^^^^^^^^^^^^^^^^^^^^^^^^^^^^^^^^^^^^^^^^^^^^^^^^^^^^^^^^^^^^^^^^^^^^^^^^^^^^^^[0m
  [90m5 |[0m [36mimport[0m {
  [90m6 |[0m   [33mApiResponse[0m, [33mPageResponse[0m,
  [90m7 |[0m   [33mStaffLoginRequestDTO[0m, [33mAuthResponseDTO[0m, [33mRefreshTokenRequestDTO[0m,



Import traces:
  #1 [Client Component Browser]:
    ./lib/apiClient.ts [Client Component Browser]
    ./app/admin/products/page.tsx [Client Component Browser]
    ./app/admin/products/page.tsx [Server Component]

  #2 [Client Component SSR]:
    ./lib/apiClient.ts [Client Component SSR]
    ./app/admin/products/page.tsx [Client Component SSR]
    ./app/admin/products/page.tsx [Server Component]

  #3 [Client Component Browser]:
    ./lib/apiClient.ts [Client Component Browser]
    ./components/header.tsx [Client Component Browser]
    ./components/header.tsx [Server Component]
    ./app/layout.tsx [Server Component]

  #4 [Client Component SSR]:
    ./lib/apiClient.ts [Client Component SSR]
    ./components/header.tsx [Client Component SSR]
    ./components/header.tsx [Server Component]
    ./app/layout.tsx [Server Component]

https://nextjs.org/docs/messages/module-not-found



./app/admin/products/page.tsx:7:1
Error: Module not found: Can't resolve '@/lib/productCatalog'
  [90m 5 |[0m [36mimport[0m { [33mFaArrowLeft[0m, [33mFaPen[0m, [33mFaMagnifyingGlass[0m, [33mFaTrashCan[0m, [33mFaStar[0m, [33mFaPlus[0m, [33mFaXmark[0m, [33mFaFil...[0m
  [90m 6 |[0m [36mimport[0m { apiClient, formatINR } [36mfrom[0m [32m'@/lib/apiClient'[0m
[31m[1m>[0m [90m 7 |[0m [36mimport[0m { fetchCatalogClient, [36mtype[0m [33mCatalogProduct[0m } [36mfrom[0m [32m'@/lib/productCatalog'[0m
  [90m   |[0m [31m[1m^^^^^^^^^^^^^^^^^^^^^^^^^^^^^^^^^^^^^^^^^^^^^^^^^^^^^^^^^^^^^^^^^^^^^^^^^^^^^^[0m
  [90m 8 |[0m [36mimport[0m { [33mCompanyFilter[0m, [33mCompanyOption[0m } [36mfrom[0m [32m'@/components/admin/company-filter'[0m
  [90m 9 |[0m [36mimport[0m { getAllProductDrafts } [36mfrom[0m [32m'@/lib/draftService'[0m
  [90m10 |[0m

Import map: aliased to relative './lib/productCatalog' inside of [project]/


Import traces:
  Client Component Browser:
    ./app/admin/products/page.tsx [Client Component Browser]
    ./app/admin/products/page.tsx [Server Component]

  Client Component SSR:
    ./app/admin/products/page.tsx [Client Component SSR]
    ./app/admin/products/page.tsx [Server Component]

https://nextjs.org/docs/messages/module-not-found


 GET /admin/products 500 in 134ms (next.js: 68ms, application-code: 66ms)
⨯ ./lib/apiClient.ts:4:1
Error: Module not found: Can't resolve './productCatalogSync'
  [90m2 |[0m [36mimport[0m [33mCookies[0m [36mfrom[0m [32m'js-cookie'[0m
  [90m3 |[0m [36mimport[0m imageCompression [36mfrom[0m [32m'browser-image-compression'[0m
[31m[1m>[0m [90m4 |[0m [36mimport[0m { isProductMutation, notifyProductCatalogChanged } [36mfrom[0m [32m'./productCatalogSync'[0m
  [90m  |[0m [31m[1m^^^^^^^^^^^^^^^^^^^^^^^^^^^^^^^^^^^^^^^^^^^^^^^^^^^^^^^^^^^^^^^^^^^^^^^^^^^^^^^^^^^^^[0m
  [90m5 |[0m [36mimport[0m {
  [90m6 |[0m   [33mApiResponse[0m, [33mPageResponse[0m,
  [90m7 |[0m   [33mStaffLoginRequestDTO[0m, [33mAuthResponseDTO[0m, [33mRefreshTokenRequestDTO[0m,



Import traces:
  #1 [Client Component Browser]:
    ./lib/apiClient.ts [Client Component Browser]
    ./app/admin/products/page.tsx [Client Component Browser]
    ./app/admin/products/page.tsx [Server Component]

  #2 [Client Component SSR]:
    ./lib/apiClient.ts [Client Component SSR]
    ./app/admin/products/page.tsx [Client Component SSR]
    ./app/admin/products/page.tsx [Server Component]

  #3 [Client Component Browser]:
    ./lib/apiClient.ts [Client Component Browser]
    ./components/header.tsx [Client Component Browser]
    ./components/header.tsx [Server Component]
    ./app/layout.tsx [Server Component]

  #4 [Client Component SSR]:
    ./lib/apiClient.ts [Client Component SSR]
    ./components/header.tsx [Client Component SSR]
    ./components/header.tsx [Server Component]
    ./app/layout.tsx [Server Component]

https://nextjs.org/docs/messages/module-not-found



./app/admin/products/page.tsx:7:1
Error: Module not found: Can't resolve '@/lib/productCatalog'
  [90m 5 |[0m [36mimport[0m { [33mFaArrowLeft[0m, [33mFaPen[0m, [33mFaMagnifyingGlass[0m, [33mFaTrashCan[0m, [33mFaStar[0m, [33mFaPlus[0m, [33mFaXmark[0m, [33mFaFil...[0m
  [90m 6 |[0m [36mimport[0m { apiClient, formatINR } [36mfrom[0m [32m'@/lib/apiClient'[0m
[31m[1m>[0m [90m 7 |[0m [36mimport[0m { fetchCatalogClient, [36mtype[0m [33mCatalogProduct[0m } [36mfrom[0m [32m'@/lib/productCatalog'[0m
  [90m   |[0m [31m[1m^^^^^^^^^^^^^^^^^^^^^^^^^^^^^^^^^^^^^^^^^^^^^^^^^^^^^^^^^^^^^^^^^^^^^^^^^^^^^^[0m
  [90m 8 |[0m [36mimport[0m { [33mCompanyFilter[0m, [33mCompanyOption[0m } [36mfrom[0m [32m'@/components/admin/company-filter'[0m
  [90m 9 |[0m [36mimport[0m { getAllProductDrafts } [36mfrom[0m [32m'@/lib/draftService'[0m
  [90m10 |[0m

Import map: aliased to relative './lib/productCatalog' inside of [project]/


Import traces:
  Client Component Browser:
    ./app/admin/products/page.tsx [Client Component Browser]
    ./app/admin/products/page.tsx [Server Component]

  Client Component SSR:
    ./app/admin/products/page.tsx [Client Component SSR]
    ./app/admin/products/page.tsx [Server Component]

https://nextjs.org/docs/messages/module-not-found


 GET /admin/products 500 in 161ms (next.js: 77ms, application-code: 84ms)
⨯ ./lib/apiClient.ts:4:1
Error: Module not found: Can't resolve './productCatalogSync'
  [90m2 |[0m [36mimport[0m [33mCookies[0m [36mfrom[0m [32m'js-cookie'[0m
  [90m3 |[0m [36mimport[0m imageCompression [36mfrom[0m [32m'browser-image-compression'[0m
[31m[1m>[0m [90m4 |[0m [36mimport[0m { isProductMutation, notifyProductCatalogChanged } [36mfrom[0m [32m'./productCatalogSync'[0m
  [90m  |[0m [31m[1m^^^^^^^^^^^^^^^^^^^^^^^^^^^^^^^^^^^^^^^^^^^^^^^^^^^^^^^^^^^^^^^^^^^^^^^^^^^^^^^^^^^^^[0m
  [90m5 |[0m [36mimport[0m {
  [90m6 |[0m   [33mApiResponse[0m, [33mPageResponse[0m,
  [90m7 |[0m   [33mStaffLoginRequestDTO[0m, [33mAuthResponseDTO[0m, [33mRefreshTokenRequestDTO[0m,



Import traces:
  #1 [Client Component Browser]:
    ./lib/apiClient.ts [Client Component Browser]
    ./app/admin/products/page.tsx [Client Component Browser]
    ./app/admin/products/page.tsx [Server Component]

  #2 [Client Component SSR]:
    ./lib/apiClient.ts [Client Component SSR]
    ./app/admin/products/page.tsx [Client Component SSR]
    ./app/admin/products/page.tsx [Server Component]

  #3 [Client Component Browser]:
    ./lib/apiClient.ts [Client Component Browser]
    ./components/header.tsx [Client Component Browser]
    ./components/header.tsx [Server Component]
    ./app/layout.tsx [Server Component]

  #4 [Client Component SSR]:
    ./lib/apiClient.ts [Client Component SSR]
    ./components/header.tsx [Client Component SSR]
    ./components/header.tsx [Server Component]
    ./app/layout.tsx [Server Component]

https://nextjs.org/docs/messages/module-not-found



./app/admin/products/page.tsx:7:1
Error: Module not found: Can't resolve '@/lib/productCatalog'
  [90m 5 |[0m [36mimport[0m { [33mFaArrowLeft[0m, [33mFaPen[0m, [33mFaMagnifyingGlass[0m, [33mFaTrashCan[0m, [33mFaStar[0m, [33mFaPlus[0m, [33mFaXmark[0m, [33mFaFil...[0m
  [90m 6 |[0m [36mimport[0m { apiClient, formatINR } [36mfrom[0m [32m'@/lib/apiClient'[0m
[31m[1m>[0m [90m 7 |[0m [36mimport[0m { fetchCatalogClient, [36mtype[0m [33mCatalogProduct[0m } [36mfrom[0m [32m'@/lib/productCatalog'[0m
  [90m   |[0m [31m[1m^^^^^^^^^^^^^^^^^^^^^^^^^^^^^^^^^^^^^^^^^^^^^^^^^^^^^^^^^^^^^^^^^^^^^^^^^^^^^^[0m
  [90m 8 |[0m [36mimport[0m { [33mCompanyFilter[0m, [33mCompanyOption[0m } [36mfrom[0m [32m'@/components/admin/company-filter'[0m
  [90m 9 |[0m [36mimport[0m { getAllProductDrafts } [36mfrom[0m [32m'@/lib/draftService'[0m
  [90m10 |[0m

Import map: aliased to relative './lib/productCatalog' inside of [project]/


Import traces:
  Client Component Browser:
    ./app/admin/products/page.tsx [Client Component Browser]
    ./app/admin/products/page.tsx [Server Component]

  Client Component SSR:
    ./app/admin/products/page.tsx [Client Component SSR]
    ./app/admin/products/page.tsx [Server Component]

https://nextjs.org/docs/messages/module-not-found


 GET /admin/products 500 in 226ms (next.js: 99ms, application-code: 127ms)
⨯ ./lib/apiClient.ts:4:1
Error: Module not found: Can't resolve './productCatalogSync'
  [90m2 |[0m [36mimport[0m [33mCookies[0m [36mfrom[0m [32m'js-cookie'[0m
  [90m3 |[0m [36mimport[0m imageCompression [36mfrom[0m [32m'browser-image-compression'[0m
[31m[1m>[0m [90m4 |[0m [36mimport[0m { isProductMutation, notifyProductCatalogChanged } [36mfrom[0m [32m'./productCatalogSync'[0m
  [90m  |[0m [31m[1m^^^^^^^^^^^^^^^^^^^^^^^^^^^^^^^^^^^^^^^^^^^^^^^^^^^^^^^^^^^^^^^^^^^^^^^^^^^^^^^^^^^^^[0m
  [90m5 |[0m [36mimport[0m {
  [90m6 |[0m   [33mApiResponse[0m, [33mPageResponse[0m,
  [90m7 |[0m   [33mStaffLoginRequestDTO[0m, [33mAuthResponseDTO[0m, [33mRefreshTokenRequestDTO[0m,



Import traces:
  #1 [Client Component Browser]:
    ./lib/apiClient.ts [Client Component Browser]
    ./app/admin/products/page.tsx [Client Component Browser]
    ./app/admin/products/page.tsx [Server Component]

  #2 [Client Component SSR]:
    ./lib/apiClient.ts [Client Component SSR]
    ./app/admin/products/page.tsx [Client Component SSR]
    ./app/admin/products/page.tsx [Server Component]

  #3 [Client Component Browser]:
    ./lib/apiClient.ts [Client Component Browser]
    ./components/header.tsx [Client Component Browser]
    ./components/header.tsx [Server Component]
    ./app/layout.tsx [Server Component]

  #4 [Client Component SSR]:
    ./lib/apiClient.ts [Client Component SSR]
    ./components/header.tsx [Client Component SSR]
    ./components/header.tsx [Server Component]
    ./app/layout.tsx [Server Component]

https://nextjs.org/docs/messages/module-not-found



./app/admin/products/page.tsx:7:1
Error: Module not found: Can't resolve '@/lib/productCatalog'
  [90m 5 |[0m [36mimport[0m { [33mFaArrowLeft[0m, [33mFaPen[0m, [33mFaMagnifyingGlass[0m, [33mFaTrashCan[0m, [33mFaStar[0m, [33mFaPlus[0m, [33mFaXmark[0m, [33mFaFil...[0m
  [90m 6 |[0m [36mimport[0m { apiClient, formatINR } [36mfrom[0m [32m'@/lib/apiClient'[0m
[31m[1m>[0m [90m 7 |[0m [36mimport[0m { fetchCatalogClient, [36mtype[0m [33mCatalogProduct[0m } [36mfrom[0m [32m'@/lib/productCatalog'[0m
  [90m   |[0m [31m[1m^^^^^^^^^^^^^^^^^^^^^^^^^^^^^^^^^^^^^^^^^^^^^^^^^^^^^^^^^^^^^^^^^^^^^^^^^^^^^^[0m
  [90m 8 |[0m [36mimport[0m { [33mCompanyFilter[0m, [33mCompanyOption[0m } [36mfrom[0m [32m'@/components/admin/company-filter'[0m
  [90m 9 |[0m [36mimport[0m { getAllProductDrafts } [36mfrom[0m [32m'@/lib/draftService'[0m
  [90m10 |[0m

Import map: aliased to relative './lib/productCatalog' inside of [project]/


Import traces:
  Client Component Browser:
    ./app/admin/products/page.tsx [Client Component Browser]
    ./app/admin/products/page.tsx [Server Component]

  Client Component SSR:
    ./app/admin/products/page.tsx [Client Component SSR]
    ./app/admin/products/page.tsx [Server Component]

https://nextjs.org/docs/messages/module-not-found


 GET /admin/products 500 in 108ms (next.js: 57ms, application-code: 50ms)
⨯ ./lib/apiClient.ts:4:1
Error: Module not found: Can't resolve './productCatalogSync'
  [90m2 |[0m [36mimport[0m [33mCookies[0m [36mfrom[0m [32m'js-cookie'[0m
  [90m3 |[0m [36mimport[0m imageCompression [36mfrom[0m [32m'browser-image-compression'[0m
[31m[1m>[0m [90m4 |[0m [36mimport[0m { isProductMutation, notifyProductCatalogChanged } [36mfrom[0m [32m'./productCatalogSync'[0m
  [90m  |[0m [31m[1m^^^^^^^^^^^^^^^^^^^^^^^^^^^^^^^^^^^^^^^^^^^^^^^^^^^^^^^^^^^^^^^^^^^^^^^^^^^^^^^^^^^^^[0m
  [90m5 |[0m [36mimport[0m {
  [90m6 |[0m   [33mApiResponse[0m, [33mPageResponse[0m,
  [90m7 |[0m   [33mStaffLoginRequestDTO[0m, [33mAuthResponseDTO[0m, [33mRefreshTokenRequestDTO[0m,



Import traces:
  #1 [Client Component Browser]:
    ./lib/apiClient.ts [Client Component Browser]
    ./app/admin/products/page.tsx [Client Component Browser]
    ./app/admin/products/page.tsx [Server Component]

  #2 [Client Component SSR]:
    ./lib/apiClient.ts [Client Component SSR]
    ./app/admin/products/page.tsx [Client Component SSR]
    ./app/admin/products/page.tsx [Server Component]

  #3 [Client Component Browser]:
    ./lib/apiClient.ts [Client Component Browser]
    ./components/header.tsx [Client Component Browser]
    ./components/header.tsx [Server Component]
    ./app/layout.tsx [Server Component]

  #4 [Client Component SSR]:
    ./lib/apiClient.ts [Client Component SSR]
    ./components/header.tsx [Client Component SSR]
    ./components/header.tsx [Server Component]
    ./app/layout.tsx [Server Component]

https://nextjs.org/docs/messages/module-not-found



./app/admin/products/page.tsx:7:1
Error: Module not found: Can't resolve '@/lib/productCatalog'
  [90m 5 |[0m [36mimport[0m { [33mFaArrowLeft[0m, [33mFaPen[0m, [33mFaMagnifyingGlass[0m, [33mFaTrashCan[0m, [33mFaStar[0m, [33mFaPlus[0m, [33mFaXmark[0m, [33mFaFil...[0m
  [90m 6 |[0m [36mimport[0m { apiClient, formatINR } [36mfrom[0m [32m'@/lib/apiClient'[0m
[31m[1m>[0m [90m 7 |[0m [36mimport[0m { fetchCatalogClient, [36mtype[0m [33mCatalogProduct[0m } [36mfrom[0m [32m'@/lib/productCatalog'[0m
  [90m   |[0m [31m[1m^^^^^^^^^^^^^^^^^^^^^^^^^^^^^^^^^^^^^^^^^^^^^^^^^^^^^^^^^^^^^^^^^^^^^^^^^^^^^^[0m
  [90m 8 |[0m [36mimport[0m { [33mCompanyFilter[0m, [33mCompanyOption[0m } [36mfrom[0m [32m'@/components/admin/company-filter'[0m
  [90m 9 |[0m [36mimport[0m { getAllProductDrafts } [36mfrom[0m [32m'@/lib/draftService'[0m
  [90m10 |[0m

Import map: aliased to relative './lib/productCatalog' inside of [project]/


Import traces:
  Client Component Browser:
    ./app/admin/products/page.tsx [Client Component Browser]
    ./app/admin/products/page.tsx [Server Component]

  Client Component SSR:
    ./app/admin/products/page.tsx [Client Component SSR]
    ./app/admin/products/page.tsx [Server Component]

https://nextjs.org/docs/messages/module-not-found


 GET /admin/products 500 in 102ms (next.js: 59ms, application-code: 44ms)
⨯ ./lib/apiClient.ts:4:1
Error: Module not found: Can't resolve './productCatalogSync'
  [90m2 |[0m [36mimport[0m [33mCookies[0m [36mfrom[0m [32m'js-cookie'[0m
  [90m3 |[0m [36mimport[0m imageCompression [36mfrom[0m [32m'browser-image-compression'[0m
[31m[1m>[0m [90m4 |[0m [36mimport[0m { isProductMutation, notifyProductCatalogChanged } [36mfrom[0m [32m'./productCatalogSync'[0m
  [90m  |[0m [31m[1m^^^^^^^^^^^^^^^^^^^^^^^^^^^^^^^^^^^^^^^^^^^^^^^^^^^^^^^^^^^^^^^^^^^^^^^^^^^^^^^^^^^^^[0m
  [90m5 |[0m [36mimport[0m {
  [90m6 |[0m   [33mApiResponse[0m, [33mPageResponse[0m,
  [90m7 |[0m   [33mStaffLoginRequestDTO[0m, [33mAuthResponseDTO[0m, [33mRefreshTokenRequestDTO[0m,



Import traces:
  #1 [Client Component Browser]:
    ./lib/apiClient.ts [Client Component Browser]
    ./app/admin/products/page.tsx [Client Component Browser]
    ./app/admin/products/page.tsx [Server Component]

  #2 [Client Component SSR]:
    ./lib/apiClient.ts [Client Component SSR]
    ./app/admin/products/page.tsx [Client Component SSR]
    ./app/admin/products/page.tsx [Server Component]

  #3 [Client Component Browser]:
    ./lib/apiClient.ts [Client Component Browser]
    ./components/header.tsx [Client Component Browser]
    ./components/header.tsx [Server Component]
    ./app/layout.tsx [Server Component]

  #4 [Client Component SSR]:
    ./lib/apiClient.ts [Client Component SSR]
    ./components/header.tsx [Client Component SSR]
    ./components/header.tsx [Server Component]
    ./app/layout.tsx [Server Component]

https://nextjs.org/docs/messages/module-not-found



./app/admin/products/page.tsx:7:1
Error: Module not found: Can't resolve '@/lib/productCatalog'
  [90m 5 |[0m [36mimport[0m { [33mFaArrowLeft[0m, [33mFaPen[0m, [33mFaMagnifyingGlass[0m, [33mFaTrashCan[0m, [33mFaStar[0m, [33mFaPlus[0m, [33mFaXmark[0m, [33mFaFil...[0m
  [90m 6 |[0m [36mimport[0m { apiClient, formatINR } [36mfrom[0m [32m'@/lib/apiClient'[0m
[31m[1m>[0m [90m 7 |[0m [36mimport[0m { fetchCatalogClient, [36mtype[0m [33mCatalogProduct[0m } [36mfrom[0m [32m'@/lib/productCatalog'[0m
  [90m   |[0m [31m[1m^^^^^^^^^^^^^^^^^^^^^^^^^^^^^^^^^^^^^^^^^^^^^^^^^^^^^^^^^^^^^^^^^^^^^^^^^^^^^^[0m
  [90m 8 |[0m [36mimport[0m { [33mCompanyFilter[0m, [33mCompanyOption[0m } [36mfrom[0m [32m'@/components/admin/company-filter'[0m
  [90m 9 |[0m [36mimport[0m { getAllProductDrafts } [36mfrom[0m [32m'@/lib/draftService'[0m
  [90m10 |[0m

Import map: aliased to relative './lib/productCatalog' inside of [project]/


Import traces:
  Client Component Browser:
    ./app/admin/products/page.tsx [Client Component Browser]
    ./app/admin/products/page.tsx [Server Component]

  Client Component SSR:
    ./app/admin/products/page.tsx [Client Component SSR]
    ./app/admin/products/page.tsx [Server Component]

https://nextjs.org/docs/messages/module-not-found


 GET /admin/products 500 in 92ms (next.js: 49ms, application-code: 43ms)
⨯ ./lib/apiClient.ts:4:1
Error: Module not found: Can't resolve './productCatalogSync'
  [90m2 |[0m [36mimport[0m [33mCookies[0m [36mfrom[0m [32m'js-cookie'[0m
  [90m3 |[0m [36mimport[0m imageCompression [36mfrom[0m [32m'browser-image-compression'[0m
[31m[1m>[0m [90m4 |[0m [36mimport[0m { isProductMutation, notifyProductCatalogChanged } [36mfrom[0m [32m'./productCatalogSync'[0m
  [90m  |[0m [31m[1m^^^^^^^^^^^^^^^^^^^^^^^^^^^^^^^^^^^^^^^^^^^^^^^^^^^^^^^^^^^^^^^^^^^^^^^^^^^^^^^^^^^^^[0m
  [90m5 |[0m [36mimport[0m {
  [90m6 |[0m   [33mApiResponse[0m, [33mPageResponse[0m,
  [90m7 |[0m   [33mStaffLoginRequestDTO[0m, [33mAuthResponseDTO[0m, [33mRefreshTokenRequestDTO[0m,



Import traces:
  #1 [Client Component Browser]:
    ./lib/apiClient.ts [Client Component Browser]
    ./app/admin/products/page.tsx [Client Component Browser]
    ./app/admin/products/page.tsx [Server Component]

  #2 [Client Component SSR]:
    ./lib/apiClient.ts [Client Component SSR]
    ./app/admin/products/page.tsx [Client Component SSR]
    ./app/admin/products/page.tsx [Server Component]

  #3 [Client Component Browser]:
    ./lib/apiClient.ts [Client Component Browser]
    ./components/header.tsx [Client Component Browser]
    ./components/header.tsx [Server Component]
    ./app/layout.tsx [Server Component]

  #4 [Client Component SSR]:
    ./lib/apiClient.ts [Client Component SSR]
    ./components/header.tsx [Client Component SSR]
    ./components/header.tsx [Server Component]
    ./app/layout.tsx [Server Component]

https://nextjs.org/docs/messages/module-not-found



./app/admin/products/page.tsx:7:1
Error: Module not found: Can't resolve '@/lib/productCatalog'
  [90m 5 |[0m [36mimport[0m { [33mFaArrowLeft[0m, [33mFaPen[0m, [33mFaMagnifyingGlass[0m, [33mFaTrashCan[0m, [33mFaStar[0m, [33mFaPlus[0m, [33mFaXmark[0m, [33mFaFil...[0m
  [90m 6 |[0m [36mimport[0m { apiClient, formatINR } [36mfrom[0m [32m'@/lib/apiClient'[0m
[31m[1m>[0m [90m 7 |[0m [36mimport[0m { fetchCatalogClient, [36mtype[0m [33mCatalogProduct[0m } [36mfrom[0m [32m'@/lib/productCatalog'[0m
  [90m   |[0m [31m[1m^^^^^^^^^^^^^^^^^^^^^^^^^^^^^^^^^^^^^^^^^^^^^^^^^^^^^^^^^^^^^^^^^^^^^^^^^^^^^^[0m
  [90m 8 |[0m [36mimport[0m { [33mCompanyFilter[0m, [33mCompanyOption[0m } [36mfrom[0m [32m'@/components/admin/company-filter'[0m
  [90m 9 |[0m [36mimport[0m { getAllProductDrafts } [36mfrom[0m [32m'@/lib/draftService'[0m
  [90m10 |[0m

Import map: aliased to relative './lib/productCatalog' inside of [project]/


Import traces:
  Client Component Browser:
    ./app/admin/products/page.tsx [Client Component Browser]
    ./app/admin/products/page.tsx [Server Component]

  Client Component SSR:
    ./app/admin/products/page.tsx [Client Component SSR]
    ./app/admin/products/page.tsx [Server Component]

https://nextjs.org/docs/messages/module-not-found


 GET /admin/products 500 in 84ms (next.js: 45ms, application-code: 39ms)
⨯ ./lib/apiClient.ts:4:1
Error: Module not found: Can't resolve './productCatalogSync'
  [90m2 |[0m [36mimport[0m [33mCookies[0m [36mfrom[0m [32m'js-cookie'[0m
  [90m3 |[0m [36mimport[0m imageCompression [36mfrom[0m [32m'browser-image-compression'[0m
[31m[1m>[0m [90m4 |[0m [36mimport[0m { isProductMutation, notifyProductCatalogChanged } [36mfrom[0m [32m'./productCatalogSync'[0m
  [90m  |[0m [31m[1m^^^^^^^^^^^^^^^^^^^^^^^^^^^^^^^^^^^^^^^^^^^^^^^^^^^^^^^^^^^^^^^^^^^^^^^^^^^^^^^^^^^^^[0m
  [90m5 |[0m [36mimport[0m {
  [90m6 |[0m   [33mApiResponse[0m, [33mPageResponse[0m,
  [90m7 |[0m   [33mStaffLoginRequestDTO[0m, [33mAuthResponseDTO[0m, [33mRefreshTokenRequestDTO[0m,



Import traces:
  #1 [Client Component Browser]:
    ./lib/apiClient.ts [Client Component Browser]
    ./app/admin/products/page.tsx [Client Component Browser]
    ./app/admin/products/page.tsx [Server Component]

  #2 [Client Component SSR]:
    ./lib/apiClient.ts [Client Component SSR]
    ./app/admin/products/page.tsx [Client Component SSR]
    ./app/admin/products/page.tsx [Server Component]

  #3 [Client Component Browser]:
    ./lib/apiClient.ts [Client Component Browser]
    ./components/header.tsx [Client Component Browser]
    ./components/header.tsx [Server Component]
    ./app/layout.tsx [Server Component]

  #4 [Client Component SSR]:
    ./lib/apiClient.ts [Client Component SSR]
    ./components/header.tsx [Client Component SSR]
    ./components/header.tsx [Server Component]
    ./app/layout.tsx [Server Component]

https://nextjs.org/docs/messages/module-not-found



./app/admin/products/page.tsx:7:1
Error: Module not found: Can't resolve '@/lib/productCatalog'
  [90m 5 |[0m [36mimport[0m { [33mFaArrowLeft[0m, [33mFaPen[0m, [33mFaMagnifyingGlass[0m, [33mFaTrashCan[0m, [33mFaStar[0m, [33mFaPlus[0m, [33mFaXmark[0m, [33mFaFil...[0m
  [90m 6 |[0m [36mimport[0m { apiClient, formatINR } [36mfrom[0m [32m'@/lib/apiClient'[0m
[31m[1m>[0m [90m 7 |[0m [36mimport[0m { fetchCatalogClient, [36mtype[0m [33mCatalogProduct[0m } [36mfrom[0m [32m'@/lib/productCatalog'[0m
  [90m   |[0m [31m[1m^^^^^^^^^^^^^^^^^^^^^^^^^^^^^^^^^^^^^^^^^^^^^^^^^^^^^^^^^^^^^^^^^^^^^^^^^^^^^^[0m
  [90m 8 |[0m [36mimport[0m { [33mCompanyFilter[0m, [33mCompanyOption[0m } [36mfrom[0m [32m'@/components/admin/company-filter'[0m
  [90m 9 |[0m [36mimport[0m { getAllProductDrafts } [36mfrom[0m [32m'@/lib/draftService'[0m
  [90m10 |[0m

Import map: aliased to relative './lib/productCatalog' inside of [project]/


Import traces:
  Client Component Browser:
    ./app/admin/products/page.tsx [Client Component Browser]
    ./app/admin/products/page.tsx [Server Component]

  Client Component SSR:
    ./app/admin/products/page.tsx [Client Component SSR]
    ./app/admin/products/page.tsx [Server Component]

https://nextjs.org/docs/messages/module-not-found


 GET /admin/products 500 in 99ms (next.js: 55ms, application-code: 44ms)
⨯ ./lib/apiClient.ts:4:1
Error: Module not found: Can't resolve './productCatalogSync'
  [90m2 |[0m [36mimport[0m [33mCookies[0m [36mfrom[0m [32m'js-cookie'[0m
  [90m3 |[0m [36mimport[0m imageCompression [36mfrom[0m [32m'browser-image-compression'[0m
[31m[1m>[0m [90m4 |[0m [36mimport[0m { isProductMutation, notifyProductCatalogChanged } [36mfrom[0m [32m'./productCatalogSync'[0m
  [90m  |[0m [31m[1m^^^^^^^^^^^^^^^^^^^^^^^^^^^^^^^^^^^^^^^^^^^^^^^^^^^^^^^^^^^^^^^^^^^^^^^^^^^^^^^^^^^^^[0m
  [90m5 |[0m [36mimport[0m {
  [90m6 |[0m   [33mApiResponse[0m, [33mPageResponse[0m,
  [90m7 |[0m   [33mStaffLoginRequestDTO[0m, [33mAuthResponseDTO[0m, [33mRefreshTokenRequestDTO[0m,



Import traces:
  #1 [Client Component Browser]:
    ./lib/apiClient.ts [Client Component Browser]
    ./app/admin/products/page.tsx [Client Component Browser]
    ./app/admin/products/page.tsx [Server Component]

  #2 [Client Component SSR]:
    ./lib/apiClient.ts [Client Component SSR]
    ./app/admin/products/page.tsx [Client Component SSR]
    ./app/admin/products/page.tsx [Server Component]

  #3 [Client Component Browser]:
    ./lib/apiClient.ts [Client Component Browser]
    ./components/header.tsx [Client Component Browser]
    ./components/header.tsx [Server Component]
    ./app/layout.tsx [Server Component]

  #4 [Client Component SSR]:
    ./lib/apiClient.ts [Client Component SSR]
    ./components/header.tsx [Client Component SSR]
    ./components/header.tsx [Server Component]
    ./app/layout.tsx [Server Component]

https://nextjs.org/docs/messages/module-not-found



./app/admin/products/page.tsx:7:1
Error: Module not found: Can't resolve '@/lib/productCatalog'
  [90m 5 |[0m [36mimport[0m { [33mFaArrowLeft[0m, [33mFaPen[0m, [33mFaMagnifyingGlass[0m, [33mFaTrashCan[0m, [33mFaStar[0m, [33mFaPlus[0m, [33mFaXmark[0m, [33mFaFil...[0m
  [90m 6 |[0m [36mimport[0m { apiClient, formatINR } [36mfrom[0m [32m'@/lib/apiClient'[0m
[31m[1m>[0m [90m 7 |[0m [36mimport[0m { fetchCatalogClient, [36mtype[0m [33mCatalogProduct[0m } [36mfrom[0m [32m'@/lib/productCatalog'[0m
  [90m   |[0m [31m[1m^^^^^^^^^^^^^^^^^^^^^^^^^^^^^^^^^^^^^^^^^^^^^^^^^^^^^^^^^^^^^^^^^^^^^^^^^^^^^^[0m
  [90m 8 |[0m [36mimport[0m { [33mCompanyFilter[0m, [33mCompanyOption[0m } [36mfrom[0m [32m'@/components/admin/company-filter'[0m
  [90m 9 |[0m [36mimport[0m { getAllProductDrafts } [36mfrom[0m [32m'@/lib/draftService'[0m
  [90m10 |[0m

Import map: aliased to relative './lib/productCatalog' inside of [project]/


Import traces:
  Client Component Browser:
    ./app/admin/products/page.tsx [Client Component Browser]
    ./app/admin/products/page.tsx [Server Component]

  Client Component SSR:
    ./app/admin/products/page.tsx [Client Component SSR]
    ./app/admin/products/page.tsx [Server Component]

https://nextjs.org/docs/messages/module-not-found


 GET /admin/products 500 in 87ms (next.js: 45ms, application-code: 42ms)
⨯ ./lib/apiClient.ts:4:1
Error: Module not found: Can't resolve './productCatalogSync'
  [90m2 |[0m [36mimport[0m [33mCookies[0m [36mfrom[0m [32m'js-cookie'[0m
  [90m3 |[0m [36mimport[0m imageCompression [36mfrom[0m [32m'browser-image-compression'[0m
[31m[1m>[0m [90m4 |[0m [36mimport[0m { isProductMutation, notifyProductCatalogChanged } [36mfrom[0m [32m'./productCatalogSync'[0m
  [90m  |[0m [31m[1m^^^^^^^^^^^^^^^^^^^^^^^^^^^^^^^^^^^^^^^^^^^^^^^^^^^^^^^^^^^^^^^^^^^^^^^^^^^^^^^^^^^^^[0m
  [90m5 |[0m [36mimport[0m {
  [90m6 |[0m   [33mApiResponse[0m, [33mPageResponse[0m,
  [90m7 |[0m   [33mStaffLoginRequestDTO[0m, [33mAuthResponseDTO[0m, [33mRefreshTokenRequestDTO[0m,



Import traces:
  #1 [Client Component Browser]:
    ./lib/apiClient.ts [Client Component Browser]
    ./app/admin/products/page.tsx [Client Component Browser]
    ./app/admin/products/page.tsx [Server Component]

  #2 [Client Component SSR]:
    ./lib/apiClient.ts [Client Component SSR]
    ./app/admin/products/page.tsx [Client Component SSR]
    ./app/admin/products/page.tsx [Server Component]

  #3 [Client Component Browser]:
    ./lib/apiClient.ts [Client Component Browser]
    ./components/header.tsx [Client Component Browser]
    ./components/header.tsx [Server Component]
    ./app/layout.tsx [Server Component]

  #4 [Client Component SSR]:
    ./lib/apiClient.ts [Client Component SSR]
    ./components/header.tsx [Client Component SSR]
    ./components/header.tsx [Server Component]
    ./app/layout.tsx [Server Component]

https://nextjs.org/docs/messages/module-not-found



./app/admin/products/page.tsx:7:1
Error: Module not found: Can't resolve '@/lib/productCatalog'
  [90m 5 |[0m [36mimport[0m { [33mFaArrowLeft[0m, [33mFaPen[0m, [33mFaMagnifyingGlass[0m, [33mFaTrashCan[0m, [33mFaStar[0m, [33mFaPlus[0m, [33mFaXmark[0m, [33mFaFil...[0m
  [90m 6 |[0m [36mimport[0m { apiClient, formatINR } [36mfrom[0m [32m'@/lib/apiClient'[0m
[31m[1m>[0m [90m 7 |[0m [36mimport[0m { fetchCatalogClient, [36mtype[0m [33mCatalogProduct[0m } [36mfrom[0m [32m'@/lib/productCatalog'[0m
  [90m   |[0m [31m[1m^^^^^^^^^^^^^^^^^^^^^^^^^^^^^^^^^^^^^^^^^^^^^^^^^^^^^^^^^^^^^^^^^^^^^^^^^^^^^^[0m
  [90m 8 |[0m [36mimport[0m { [33mCompanyFilter[0m, [33mCompanyOption[0m } [36mfrom[0m [32m'@/components/admin/company-filter'[0m
  [90m 9 |[0m [36mimport[0m { getAllProductDrafts } [36mfrom[0m [32m'@/lib/draftService'[0m
  [90m10 |[0m

Import map: aliased to relative './lib/productCatalog' inside of [project]/


Import traces:
  Client Component Browser:
    ./app/admin/products/page.tsx [Client Component Browser]
    ./app/admin/products/page.tsx [Server Component]

  Client Component SSR:
    ./app/admin/products/page.tsx [Client Component SSR]
    ./app/admin/products/page.tsx [Server Component]

https://nextjs.org/docs/messages/module-not-found


 GET /admin/products 500 in 82ms (next.js: 44ms, application-code: 38ms)
⨯ ./lib/apiClient.ts:4:1
Error: Module not found: Can't resolve './productCatalogSync'
  [90m2 |[0m [36mimport[0m [33mCookies[0m [36mfrom[0m [32m'js-cookie'[0m
  [90m3 |[0m [36mimport[0m imageCompression [36mfrom[0m [32m'browser-image-compression'[0m
[31m[1m>[0m [90m4 |[0m [36mimport[0m { isProductMutation, notifyProductCatalogChanged } [36mfrom[0m [32m'./productCatalogSync'[0m
  [90m  |[0m [31m[1m^^^^^^^^^^^^^^^^^^^^^^^^^^^^^^^^^^^^^^^^^^^^^^^^^^^^^^^^^^^^^^^^^^^^^^^^^^^^^^^^^^^^^[0m
  [90m5 |[0m [36mimport[0m {
  [90m6 |[0m   [33mApiResponse[0m, [33mPageResponse[0m,
  [90m7 |[0m   [33mStaffLoginRequestDTO[0m, [33mAuthResponseDTO[0m, [33mRefreshTokenRequestDTO[0m,



Import traces:
  #1 [Client Component Browser]:
    ./lib/apiClient.ts [Client Component Browser]
    ./app/admin/products/page.tsx [Client Component Browser]
    ./app/admin/products/page.tsx [Server Component]

  #2 [Client Component SSR]:
    ./lib/apiClient.ts [Client Component SSR]
    ./app/admin/products/page.tsx [Client Component SSR]
    ./app/admin/products/page.tsx [Server Component]

  #3 [Client Component Browser]:
    ./lib/apiClient.ts [Client Component Browser]
    ./components/header.tsx [Client Component Browser]
    ./components/header.tsx [Server Component]
    ./app/layout.tsx [Server Component]

  #4 [Client Component SSR]:
    ./lib/apiClient.ts [Client Component SSR]
    ./components/header.tsx [Client Component SSR]
    ./components/header.tsx [Server Component]
    ./app/layout.tsx [Server Component]

https://nextjs.org/docs/messages/module-not-found



./app/admin/products/page.tsx:7:1
Error: Module not found: Can't resolve '@/lib/productCatalog'
  [90m 5 |[0m [36mimport[0m { [33mFaArrowLeft[0m, [33mFaPen[0m, [33mFaMagnifyingGlass[0m, [33mFaTrashCan[0m, [33mFaStar[0m, [33mFaPlus[0m, [33mFaXmark[0m, [33mFaFil...[0m
  [90m 6 |[0m [36mimport[0m { apiClient, formatINR } [36mfrom[0m [32m'@/lib/apiClient'[0m
[31m[1m>[0m [90m 7 |[0m [36mimport[0m { fetchCatalogClient, [36mtype[0m [33mCatalogProduct[0m } [36mfrom[0m [32m'@/lib/productCatalog'[0m
  [90m   |[0m [31m[1m^^^^^^^^^^^^^^^^^^^^^^^^^^^^^^^^^^^^^^^^^^^^^^^^^^^^^^^^^^^^^^^^^^^^^^^^^^^^^^[0m
  [90m 8 |[0m [36mimport[0m { [33mCompanyFilter[0m, [33mCompanyOption[0m } [36mfrom[0m [32m'@/components/admin/company-filter'[0m
  [90m 9 |[0m [36mimport[0m { getAllProductDrafts } [36mfrom[0m [32m'@/lib/draftService'[0m
  [90m10 |[0m

Import map: aliased to relative './lib/productCatalog' inside of [project]/


Import traces:
  Client Component Browser:
    ./app/admin/products/page.tsx [Client Component Browser]
    ./app/admin/products/page.tsx [Server Component]

  Client Component SSR:
    ./app/admin/products/page.tsx [Client Component SSR]
    ./app/admin/products/page.tsx [Server Component]

https://nextjs.org/docs/messages/module-not-found


 GET /admin/products 500 in 83ms (next.js: 44ms, application-code: 39ms)
⨯ ./lib/apiClient.ts:4:1
Error: Module not found: Can't resolve './productCatalogSync'
  [90m2 |[0m [36mimport[0m [33mCookies[0m [36mfrom[0m [32m'js-cookie'[0m
  [90m3 |[0m [36mimport[0m imageCompression [36mfrom[0m [32m'browser-image-compression'[0m
[31m[1m>[0m [90m4 |[0m [36mimport[0m { isProductMutation, notifyProductCatalogChanged } [36mfrom[0m [32m'./productCatalogSync'[0m
  [90m  |[0m [31m[1m^^^^^^^^^^^^^^^^^^^^^^^^^^^^^^^^^^^^^^^^^^^^^^^^^^^^^^^^^^^^^^^^^^^^^^^^^^^^^^^^^^^^^[0m
  [90m5 |[0m [36mimport[0m {
  [90m6 |[0m   [33mApiResponse[0m, [33mPageResponse[0m,
  [90m7 |[0m   [33mStaffLoginRequestDTO[0m, [33mAuthResponseDTO[0m, [33mRefreshTokenRequestDTO[0m,



Import traces:
  #1 [Client Component Browser]:
    ./lib/apiClient.ts [Client Component Browser]
    ./app/admin/products/page.tsx [Client Component Browser]
    ./app/admin/products/page.tsx [Server Component]

  #2 [Client Component SSR]:
    ./lib/apiClient.ts [Client Component SSR]
    ./app/admin/products/page.tsx [Client Component SSR]
    ./app/admin/products/page.tsx [Server Component]

  #3 [Client Component Browser]:
    ./lib/apiClient.ts [Client Component Browser]
    ./components/header.tsx [Client Component Browser]
    ./components/header.tsx [Server Component]
    ./app/layout.tsx [Server Component]

  #4 [Client Component SSR]:
    ./lib/apiClient.ts [Client Component SSR]
    ./components/header.tsx [Client Component SSR]
    ./components/header.tsx [Server Component]
    ./app/layout.tsx [Server Component]

https://nextjs.org/docs/messages/module-not-found



./app/admin/products/page.tsx:7:1
Error: Module not found: Can't resolve '@/lib/productCatalog'
  [90m 5 |[0m [36mimport[0m { [33mFaArrowLeft[0m, [33mFaPen[0m, [33mFaMagnifyingGlass[0m, [33mFaTrashCan[0m, [33mFaStar[0m, [33mFaPlus[0m, [33mFaXmark[0m, [33mFaFil...[0m
  [90m 6 |[0m [36mimport[0m { apiClient, formatINR } [36mfrom[0m [32m'@/lib/apiClient'[0m
[31m[1m>[0m [90m 7 |[0m [36mimport[0m { fetchCatalogClient, [36mtype[0m [33mCatalogProduct[0m } [36mfrom[0m [32m'@/lib/productCatalog'[0m
  [90m   |[0m [31m[1m^^^^^^^^^^^^^^^^^^^^^^^^^^^^^^^^^^^^^^^^^^^^^^^^^^^^^^^^^^^^^^^^^^^^^^^^^^^^^^[0m
  [90m 8 |[0m [36mimport[0m { [33mCompanyFilter[0m, [33mCompanyOption[0m } [36mfrom[0m [32m'@/components/admin/company-filter'[0m
  [90m 9 |[0m [36mimport[0m { getAllProductDrafts } [36mfrom[0m [32m'@/lib/draftService'[0m
  [90m10 |[0m

Import map: aliased to relative './lib/productCatalog' inside of [project]/


Import traces:
  Client Component Browser:
    ./app/admin/products/page.tsx [Client Component Browser]
    ./app/admin/products/page.tsx [Server Component]

  Client Component SSR:
    ./app/admin/products/page.tsx [Client Component SSR]
    ./app/admin/products/page.tsx [Server Component]

https://nextjs.org/docs/messages/module-not-found


 GET /admin/products 500 in 84ms (next.js: 46ms, application-code: 38ms)
⨯ ./lib/apiClient.ts:4:1
Error: Module not found: Can't resolve './productCatalogSync'
  [90m2 |[0m [36mimport[0m [33mCookies[0m [36mfrom[0m [32m'js-cookie'[0m
  [90m3 |[0m [36mimport[0m imageCompression [36mfrom[0m [32m'browser-image-compression'[0m
[31m[1m>[0m [90m4 |[0m [36mimport[0m { isProductMutation, notifyProductCatalogChanged } [36mfrom[0m [32m'./productCatalogSync'[0m
  [90m  |[0m [31m[1m^^^^^^^^^^^^^^^^^^^^^^^^^^^^^^^^^^^^^^^^^^^^^^^^^^^^^^^^^^^^^^^^^^^^^^^^^^^^^^^^^^^^^[0m
  [90m5 |[0m [36mimport[0m {
  [90m6 |[0m   [33mApiResponse[0m, [33mPageResponse[0m,
  [90m7 |[0m   [33mStaffLoginRequestDTO[0m, [33mAuthResponseDTO[0m, [33mRefreshTokenRequestDTO[0m,



Import traces:
  #1 [Client Component Browser]:
    ./lib/apiClient.ts [Client Component Browser]
    ./app/admin/products/page.tsx [Client Component Browser]
    ./app/admin/products/page.tsx [Server Component]

  #2 [Client Component SSR]:
    ./lib/apiClient.ts [Client Component SSR]
    ./app/admin/products/page.tsx [Client Component SSR]
    ./app/admin/products/page.tsx [Server Component]

  #3 [Client Component Browser]:
    ./lib/apiClient.ts [Client Component Browser]
    ./components/header.tsx [Client Component Browser]
    ./components/header.tsx [Server Component]
    ./app/layout.tsx [Server Component]

  #4 [Client Component SSR]:
    ./lib/apiClient.ts [Client Component SSR]
    ./components/header.tsx [Client Component SSR]
    ./components/header.tsx [Server Component]
    ./app/layout.tsx [Server Component]

https://nextjs.org/docs/messages/module-not-found



./app/admin/products/page.tsx:7:1
Error: Module not found: Can't resolve '@/lib/productCatalog'
  [90m 5 |[0m [36mimport[0m { [33mFaArrowLeft[0m, [33mFaPen[0m, [33mFaMagnifyingGlass[0m, [33mFaTrashCan[0m, [33mFaStar[0m, [33mFaPlus[0m, [33mFaXmark[0m, [33mFaFil...[0m
  [90m 6 |[0m [36mimport[0m { apiClient, formatINR } [36mfrom[0m [32m'@/lib/apiClient'[0m
[31m[1m>[0m [90m 7 |[0m [36mimport[0m { fetchCatalogClient, [36mtype[0m [33mCatalogProduct[0m } [36mfrom[0m [32m'@/lib/productCatalog'[0m
  [90m   |[0m [31m[1m^^^^^^^^^^^^^^^^^^^^^^^^^^^^^^^^^^^^^^^^^^^^^^^^^^^^^^^^^^^^^^^^^^^^^^^^^^^^^^[0m
  [90m 8 |[0m [36mimport[0m { [33mCompanyFilter[0m, [33mCompanyOption[0m } [36mfrom[0m [32m'@/components/admin/company-filter'[0m
  [90m 9 |[0m [36mimport[0m { getAllProductDrafts } [36mfrom[0m [32m'@/lib/draftService'[0m
  [90m10 |[0m

Import map: aliased to relative './lib/productCatalog' inside of [project]/


Import traces:
  Client Component Browser:
    ./app/admin/products/page.tsx [Client Component Browser]
    ./app/admin/products/page.tsx [Server Component]

  Client Component SSR:
    ./app/admin/products/page.tsx [Client Component SSR]
    ./app/admin/products/page.tsx [Server Component]

https://nextjs.org/docs/messages/module-not-found


 GET /admin/products 500 in 117ms (next.js: 74ms, application-code: 42ms)
⨯ ./lib/apiClient.ts:4:1
Error: Module not found: Can't resolve './productCatalogSync'
  [90m2 |[0m [36mimport[0m [33mCookies[0m [36mfrom[0m [32m'js-cookie'[0m
  [90m3 |[0m [36mimport[0m imageCompression [36mfrom[0m [32m'browser-image-compression'[0m
[31m[1m>[0m [90m4 |[0m [36mimport[0m { isProductMutation, notifyProductCatalogChanged } [36mfrom[0m [32m'./productCatalogSync'[0m
  [90m  |[0m [31m[1m^^^^^^^^^^^^^^^^^^^^^^^^^^^^^^^^^^^^^^^^^^^^^^^^^^^^^^^^^^^^^^^^^^^^^^^^^^^^^^^^^^^^^[0m
  [90m5 |[0m [36mimport[0m {
  [90m6 |[0m   [33mApiResponse[0m, [33mPageResponse[0m,
  [90m7 |[0m   [33mStaffLoginRequestDTO[0m, [33mAuthResponseDTO[0m, [33mRefreshTokenRequestDTO[0m,



Import traces:
  #1 [Client Component Browser]:
    ./lib/apiClient.ts [Client Component Browser]
    ./app/admin/products/page.tsx [Client Component Browser]
    ./app/admin/products/page.tsx [Server Component]

  #2 [Client Component SSR]:
    ./lib/apiClient.ts [Client Component SSR]
    ./app/admin/products/page.tsx [Client Component SSR]
    ./app/admin/products/page.tsx [Server Component]

  #3 [Client Component Browser]:
    ./lib/apiClient.ts [Client Component Browser]
    ./components/header.tsx [Client Component Browser]
    ./components/header.tsx [Server Component]
    ./app/layout.tsx [Server Component]

  #4 [Client Component SSR]:
    ./lib/apiClient.ts [Client Component SSR]
    ./components/header.tsx [Client Component SSR]
    ./components/header.tsx [Server Component]
    ./app/layout.tsx [Server Component]

https://nextjs.org/docs/messages/module-not-found



./app/admin/products/page.tsx:7:1
Error: Module not found: Can't resolve '@/lib/productCatalog'
  [90m 5 |[0m [36mimport[0m { [33mFaArrowLeft[0m, [33mFaPen[0m, [33mFaMagnifyingGlass[0m, [33mFaTrashCan[0m, [33mFaStar[0m, [33mFaPlus[0m, [33mFaXmark[0m, [33mFaFil...[0m
  [90m 6 |[0m [36mimport[0m { apiClient, formatINR } [36mfrom[0m [32m'@/lib/apiClient'[0m
[31m[1m>[0m [90m 7 |[0m [36mimport[0m { fetchCatalogClient, [36mtype[0m [33mCatalogProduct[0m } [36mfrom[0m [32m'@/lib/productCatalog'[0m
  [90m   |[0m [31m[1m^^^^^^^^^^^^^^^^^^^^^^^^^^^^^^^^^^^^^^^^^^^^^^^^^^^^^^^^^^^^^^^^^^^^^^^^^^^^^^[0m
  [90m 8 |[0m [36mimport[0m { [33mCompanyFilter[0m, [33mCompanyOption[0m } [36mfrom[0m [32m'@/components/admin/company-filter'[0m
  [90m 9 |[0m [36mimport[0m { getAllProductDrafts } [36mfrom[0m [32m'@/lib/draftService'[0m
  [90m10 |[0m

Import map: aliased to relative './lib/productCatalog' inside of [project]/


Import traces:
  Client Component Browser:
    ./app/admin/products/page.tsx [Client Component Browser]
    ./app/admin/products/page.tsx [Server Component]

  Client Component SSR:
    ./app/admin/products/page.tsx [Client Component SSR]
    ./app/admin/products/page.tsx [Server Component]

https://nextjs.org/docs/messages/module-not-found


 GET /admin/products 500 in 94ms (next.js: 47ms, application-code: 47ms)
⨯ ./lib/apiClient.ts:4:1
Error: Module not found: Can't resolve './productCatalogSync'
  [90m2 |[0m [36mimport[0m [33mCookies[0m [36mfrom[0m [32m'js-cookie'[0m
  [90m3 |[0m [36mimport[0m imageCompression [36mfrom[0m [32m'browser-image-compression'[0m
[31m[1m>[0m [90m4 |[0m [36mimport[0m { isProductMutation, notifyProductCatalogChanged } [36mfrom[0m [32m'./productCatalogSync'[0m
  [90m  |[0m [31m[1m^^^^^^^^^^^^^^^^^^^^^^^^^^^^^^^^^^^^^^^^^^^^^^^^^^^^^^^^^^^^^^^^^^^^^^^^^^^^^^^^^^^^^[0m
  [90m5 |[0m [36mimport[0m {
  [90m6 |[0m   [33mApiResponse[0m, [33mPageResponse[0m,
  [90m7 |[0m   [33mStaffLoginRequestDTO[0m, [33mAuthResponseDTO[0m, [33mRefreshTokenRequestDTO[0m,



Import traces:
  #1 [Client Component Browser]:
    ./lib/apiClient.ts [Client Component Browser]
    ./app/admin/products/page.tsx [Client Component Browser]
    ./app/admin/products/page.tsx [Server Component]

  #2 [Client Component SSR]:
    ./lib/apiClient.ts [Client Component SSR]
    ./app/admin/products/page.tsx [Client Component SSR]
    ./app/admin/products/page.tsx [Server Component]

  #3 [Client Component Browser]:
    ./lib/apiClient.ts [Client Component Browser]
    ./components/header.tsx [Client Component Browser]
    ./components/header.tsx [Server Component]
    ./app/layout.tsx [Server Component]

  #4 [Client Component SSR]:
    ./lib/apiClient.ts [Client Component SSR]
    ./components/header.tsx [Client Component SSR]
    ./components/header.tsx [Server Component]
    ./app/layout.tsx [Server Component]

https://nextjs.org/docs/messages/module-not-found



./app/admin/products/page.tsx:7:1
Error: Module not found: Can't resolve '@/lib/productCatalog'
  [90m 5 |[0m [36mimport[0m { [33mFaArrowLeft[0m, [33mFaPen[0m, [33mFaMagnifyingGlass[0m, [33mFaTrashCan[0m, [33mFaStar[0m, [33mFaPlus[0m, [33mFaXmark[0m, [33mFaFil...[0m
  [90m 6 |[0m [36mimport[0m { apiClient, formatINR } [36mfrom[0m [32m'@/lib/apiClient'[0m
[31m[1m>[0m [90m 7 |[0m [36mimport[0m { fetchCatalogClient, [36mtype[0m [33mCatalogProduct[0m } [36mfrom[0m [32m'@/lib/productCatalog'[0m
  [90m   |[0m [31m[1m^^^^^^^^^^^^^^^^^^^^^^^^^^^^^^^^^^^^^^^^^^^^^^^^^^^^^^^^^^^^^^^^^^^^^^^^^^^^^^[0m
  [90m 8 |[0m [36mimport[0m { [33mCompanyFilter[0m, [33mCompanyOption[0m } [36mfrom[0m [32m'@/components/admin/company-filter'[0m
  [90m 9 |[0m [36mimport[0m { getAllProductDrafts } [36mfrom[0m [32m'@/lib/draftService'[0m
  [90m10 |[0m

Import map: aliased to relative './lib/productCatalog' inside of [project]/


Import traces:
  Client Component Browser:
    ./app/admin/products/page.tsx [Client Component Browser]
    ./app/admin/products/page.tsx [Server Component]

  Client Component SSR:
    ./app/admin/products/page.tsx [Client Component SSR]
    ./app/admin/products/page.tsx [Server Component]

https://nextjs.org/docs/messages/module-not-found


 GET /admin/products 500 in 87ms (next.js: 44ms, application-code: 43ms)
⨯ ./lib/apiClient.ts:4:1
Error: Module not found: Can't resolve './productCatalogSync'
  [90m2 |[0m [36mimport[0m [33mCookies[0m [36mfrom[0m [32m'js-cookie'[0m
  [90m3 |[0m [36mimport[0m imageCompression [36mfrom[0m [32m'browser-image-compression'[0m
[31m[1m>[0m [90m4 |[0m [36mimport[0m { isProductMutation, notifyProductCatalogChanged } [36mfrom[0m [32m'./productCatalogSync'[0m
  [90m  |[0m [31m[1m^^^^^^^^^^^^^^^^^^^^^^^^^^^^^^^^^^^^^^^^^^^^^^^^^^^^^^^^^^^^^^^^^^^^^^^^^^^^^^^^^^^^^[0m
  [90m5 |[0m [36mimport[0m {
  [90m6 |[0m   [33mApiResponse[0m, [33mPageResponse[0m,
  [90m7 |[0m   [33mStaffLoginRequestDTO[0m, [33mAuthResponseDTO[0m, [33mRefreshTokenRequestDTO[0m,



Import traces:
  #1 [Client Component Browser]:
    ./lib/apiClient.ts [Client Component Browser]
    ./app/admin/products/page.tsx [Client Component Browser]
    ./app/admin/products/page.tsx [Server Component]

  #2 [Client Component SSR]:
    ./lib/apiClient.ts [Client Component SSR]
    ./app/admin/products/page.tsx [Client Component SSR]
    ./app/admin/products/page.tsx [Server Component]

  #3 [Client Component Browser]:
    ./lib/apiClient.ts [Client Component Browser]
    ./components/header.tsx [Client Component Browser]
    ./components/header.tsx [Server Component]
    ./app/layout.tsx [Server Component]

  #4 [Client Component SSR]:
    ./lib/apiClient.ts [Client Component SSR]
    ./components/header.tsx [Client Component SSR]
    ./components/header.tsx [Server Component]
    ./app/layout.tsx [Server Component]

https://nextjs.org/docs/messages/module-not-found



./app/admin/products/page.tsx:7:1
Error: Module not found: Can't resolve '@/lib/productCatalog'
  [90m 5 |[0m [36mimport[0m { [33mFaArrowLeft[0m, [33mFaPen[0m, [33mFaMagnifyingGlass[0m, [33mFaTrashCan[0m, [33mFaStar[0m, [33mFaPlus[0m, [33mFaXmark[0m, [33mFaFil...[0m
  [90m 6 |[0m [36mimport[0m { apiClient, formatINR } [36mfrom[0m [32m'@/lib/apiClient'[0m
[31m[1m>[0m [90m 7 |[0m [36mimport[0m { fetchCatalogClient, [36mtype[0m [33mCatalogProduct[0m } [36mfrom[0m [32m'@/lib/productCatalog'[0m
  [90m   |[0m [31m[1m^^^^^^^^^^^^^^^^^^^^^^^^^^^^^^^^^^^^^^^^^^^^^^^^^^^^^^^^^^^^^^^^^^^^^^^^^^^^^^[0m
  [90m 8 |[0m [36mimport[0m { [33mCompanyFilter[0m, [33mCompanyOption[0m } [36mfrom[0m [32m'@/components/admin/company-filter'[0m
  [90m 9 |[0m [36mimport[0m { getAllProductDrafts } [36mfrom[0m [32m'@/lib/draftService'[0m
  [90m10 |[0m

Import map: aliased to relative './lib/productCatalog' inside of [project]/


Import traces:
  Client Component Browser:
    ./app/admin/products/page.tsx [Client Component Browser]
    ./app/admin/products/page.tsx [Server Component]

  Client Component SSR:
    ./app/admin/products/page.tsx [Client Component SSR]
    ./app/admin/products/page.tsx [Server Component]

https://nextjs.org/docs/messages/module-not-found


 GET /admin/products 500 in 91ms (next.js: 51ms, application-code: 40ms)
⨯ ./lib/apiClient.ts:4:1
Error: Module not found: Can't resolve './productCatalogSync'
  [90m2 |[0m [36mimport[0m [33mCookies[0m [36mfrom[0m [32m'js-cookie'[0m
  [90m3 |[0m [36mimport[0m imageCompression [36mfrom[0m [32m'browser-image-compression'[0m
[31m[1m>[0m [90m4 |[0m [36mimport[0m { isProductMutation, notifyProductCatalogChanged } [36mfrom[0m [32m'./productCatalogSync'[0m
  [90m  |[0m [31m[1m^^^^^^^^^^^^^^^^^^^^^^^^^^^^^^^^^^^^^^^^^^^^^^^^^^^^^^^^^^^^^^^^^^^^^^^^^^^^^^^^^^^^^[0m
  [90m5 |[0m [36mimport[0m {
  [90m6 |[0m   [33mApiResponse[0m, [33mPageResponse[0m,
  [90m7 |[0m   [33mStaffLoginRequestDTO[0m, [33mAuthResponseDTO[0m, [33mRefreshTokenRequestDTO[0m,



Import traces:
  #1 [Client Component Browser]:
    ./lib/apiClient.ts [Client Component Browser]
    ./app/admin/products/page.tsx [Client Component Browser]
    ./app/admin/products/page.tsx [Server Component]

  #2 [Client Component SSR]:
    ./lib/apiClient.ts [Client Component SSR]
    ./app/admin/products/page.tsx [Client Component SSR]
    ./app/admin/products/page.tsx [Server Component]

  #3 [Client Component Browser]:
    ./lib/apiClient.ts [Client Component Browser]
    ./components/header.tsx [Client Component Browser]
    ./components/header.tsx [Server Component]
    ./app/layout.tsx [Server Component]

  #4 [Client Component SSR]:
    ./lib/apiClient.ts [Client Component SSR]
    ./components/header.tsx [Client Component SSR]
    ./components/header.tsx [Server Component]
    ./app/layout.tsx [Server Component]

https://nextjs.org/docs/messages/module-not-found



./app/admin/products/page.tsx:7:1
Error: Module not found: Can't resolve '@/lib/productCatalog'
  [90m 5 |[0m [36mimport[0m { [33mFaArrowLeft[0m, [33mFaPen[0m, [33mFaMagnifyingGlass[0m, [33mFaTrashCan[0m, [33mFaStar[0m, [33mFaPlus[0m, [33mFaXmark[0m, [33mFaFil...[0m
  [90m 6 |[0m [36mimport[0m { apiClient, formatINR } [36mfrom[0m [32m'@/lib/apiClient'[0m
[31m[1m>[0m [90m 7 |[0m [36mimport[0m { fetchCatalogClient, [36mtype[0m [33mCatalogProduct[0m } [36mfrom[0m [32m'@/lib/productCatalog'[0m
  [90m   |[0m [31m[1m^^^^^^^^^^^^^^^^^^^^^^^^^^^^^^^^^^^^^^^^^^^^^^^^^^^^^^^^^^^^^^^^^^^^^^^^^^^^^^[0m
  [90m 8 |[0m [36mimport[0m { [33mCompanyFilter[0m, [33mCompanyOption[0m } [36mfrom[0m [32m'@/components/admin/company-filter'[0m
  [90m 9 |[0m [36mimport[0m { getAllProductDrafts } [36mfrom[0m [32m'@/lib/draftService'[0m
  [90m10 |[0m

Import map: aliased to relative './lib/productCatalog' inside of [project]/


Import traces:
  Client Component Browser:
    ./app/admin/products/page.tsx [Client Component Browser]
    ./app/admin/products/page.tsx [Server Component]

  Client Component SSR:
    ./app/admin/products/page.tsx [Client Component SSR]
    ./app/admin/products/page.tsx [Server Component]

https://nextjs.org/docs/messages/module-not-found


 GET /admin/products 500 in 528ms (next.js: 369ms, application-code: 159ms)
⨯ ./lib/apiClient.ts:4:1
Error: Module not found: Can't resolve './productCatalogSync'
  [90m2 |[0m [36mimport[0m [33mCookies[0m [36mfrom[0m [32m'js-cookie'[0m
  [90m3 |[0m [36mimport[0m imageCompression [36mfrom[0m [32m'browser-image-compression'[0m
[31m[1m>[0m [90m4 |[0m [36mimport[0m { isProductMutation, notifyProductCatalogChanged } [36mfrom[0m [32m'./productCatalogSync'[0m
  [90m  |[0m [31m[1m^^^^^^^^^^^^^^^^^^^^^^^^^^^^^^^^^^^^^^^^^^^^^^^^^^^^^^^^^^^^^^^^^^^^^^^^^^^^^^^^^^^^^[0m
  [90m5 |[0m [36mimport[0m {
  [90m6 |[0m   [33mApiResponse[0m, [33mPageResponse[0m,
  [90m7 |[0m   [33mStaffLoginRequestDTO[0m, [33mAuthResponseDTO[0m, [33mRefreshTokenRequestDTO[0m,



Import traces:
  #1 [Client Component Browser]:
    ./lib/apiClient.ts [Client Component Browser]
    ./app/admin/products/page.tsx [Client Component Browser]
    ./app/admin/products/page.tsx [Server Component]

  #2 [Client Component SSR]:
    ./lib/apiClient.ts [Client Component SSR]
    ./app/admin/products/page.tsx [Client Component SSR]
    ./app/admin/products/page.tsx [Server Component]

  #3 [Client Component Browser]:
    ./lib/apiClient.ts [Client Component Browser]
    ./components/header.tsx [Client Component Browser]
    ./components/header.tsx [Server Component]
    ./app/layout.tsx [Server Component]

  #4 [Client Component SSR]:
    ./lib/apiClient.ts [Client Component SSR]
    ./components/header.tsx [Client Component SSR]
    ./components/header.tsx [Server Component]
    ./app/layout.tsx [Server Component]

https://nextjs.org/docs/messages/module-not-found



./app/admin/products/page.tsx:7:1
Error: Module not found: Can't resolve '@/lib/productCatalog'
  [90m 5 |[0m [36mimport[0m { [33mFaArrowLeft[0m, [33mFaPen[0m, [33mFaMagnifyingGlass[0m, [33mFaTrashCan[0m, [33mFaStar[0m, [33mFaPlus[0m, [33mFaXmark[0m, [33mFaFil...[0m
  [90m 6 |[0m [36mimport[0m { apiClient, formatINR } [36mfrom[0m [32m'@/lib/apiClient'[0m
[31m[1m>[0m [90m 7 |[0m [36mimport[0m { fetchCatalogClient, [36mtype[0m [33mCatalogProduct[0m } [36mfrom[0m [32m'@/lib/productCatalog'[0m
  [90m   |[0m [31m[1m^^^^^^^^^^^^^^^^^^^^^^^^^^^^^^^^^^^^^^^^^^^^^^^^^^^^^^^^^^^^^^^^^^^^^^^^^^^^^^[0m
  [90m 8 |[0m [36mimport[0m { [33mCompanyFilter[0m, [33mCompanyOption[0m } [36mfrom[0m [32m'@/components/admin/company-filter'[0m
  [90m 9 |[0m [36mimport[0m { getAllProductDrafts } [36mfrom[0m [32m'@/lib/draftService'[0m
  [90m10 |[0m

Import map: aliased to relative './lib/productCatalog' inside of [project]/


Import traces:
  Client Component Browser:
    ./app/admin/products/page.tsx [Client Component Browser]
    ./app/admin/products/page.tsx [Server Component]

  Client Component SSR:
    ./app/admin/products/page.tsx [Client Component SSR]
    ./app/admin/products/page.tsx [Server Component]

https://nextjs.org/docs/messages/module-not-found


 GET /admin/products 500 in 110ms (next.js: 54ms, application-code: 56ms)
⨯ ./lib/apiClient.ts:4:1
Error: Module not found: Can't resolve './productCatalogSync'
  [90m2 |[0m [36mimport[0m [33mCookies[0m [36mfrom[0m [32m'js-cookie'[0m
  [90m3 |[0m [36mimport[0m imageCompression [36mfrom[0m [32m'browser-image-compression'[0m
[31m[1m>[0m [90m4 |[0m [36mimport[0m { isProductMutation, notifyProductCatalogChanged } [36mfrom[0m [32m'./productCatalogSync'[0m
  [90m  |[0m [31m[1m^^^^^^^^^^^^^^^^^^^^^^^^^^^^^^^^^^^^^^^^^^^^^^^^^^^^^^^^^^^^^^^^^^^^^^^^^^^^^^^^^^^^^[0m
  [90m5 |[0m [36mimport[0m {
  [90m6 |[0m   [33mApiResponse[0m, [33mPageResponse[0m,
  [90m7 |[0m   [33mStaffLoginRequestDTO[0m, [33mAuthResponseDTO[0m, [33mRefreshTokenRequestDTO[0m,



Import traces:
  #1 [Client Component Browser]:
    ./lib/apiClient.ts [Client Component Browser]
    ./app/admin/products/page.tsx [Client Component Browser]
    ./app/admin/products/page.tsx [Server Component]

  #2 [Client Component SSR]:
    ./lib/apiClient.ts [Client Component SSR]
    ./app/admin/products/page.tsx [Client Component SSR]
    ./app/admin/products/page.tsx [Server Component]

  #3 [Client Component Browser]:
    ./lib/apiClient.ts [Client Component Browser]
    ./components/header.tsx [Client Component Browser]
    ./components/header.tsx [Server Component]
    ./app/layout.tsx [Server Component]

  #4 [Client Component SSR]:
    ./lib/apiClient.ts [Client Component SSR]
    ./components/header.tsx [Client Component SSR]
    ./components/header.tsx [Server Component]
    ./app/layout.tsx [Server Component]

https://nextjs.org/docs/messages/module-not-found



./app/admin/products/page.tsx:7:1
Error: Module not found: Can't resolve '@/lib/productCatalog'
  [90m 5 |[0m [36mimport[0m { [33mFaArrowLeft[0m, [33mFaPen[0m, [33mFaMagnifyingGlass[0m, [33mFaTrashCan[0m, [33mFaStar[0m, [33mFaPlus[0m, [33mFaXmark[0m, [33mFaFil...[0m
  [90m 6 |[0m [36mimport[0m { apiClient, formatINR } [36mfrom[0m [32m'@/lib/apiClient'[0m
[31m[1m>[0m [90m 7 |[0m [36mimport[0m { fetchCatalogClient, [36mtype[0m [33mCatalogProduct[0m } [36mfrom[0m [32m'@/lib/productCatalog'[0m
  [90m   |[0m [31m[1m^^^^^^^^^^^^^^^^^^^^^^^^^^^^^^^^^^^^^^^^^^^^^^^^^^^^^^^^^^^^^^^^^^^^^^^^^^^^^^[0m
  [90m 8 |[0m [36mimport[0m { [33mCompanyFilter[0m, [33mCompanyOption[0m } [36mfrom[0m [32m'@/components/admin/company-filter'[0m
  [90m 9 |[0m [36mimport[0m { getAllProductDrafts } [36mfrom[0m [32m'@/lib/draftService'[0m
  [90m10 |[0m

Import map: aliased to relative './lib/productCatalog' inside of [project]/


Import traces:
  Client Component Browser:
    ./app/admin/products/page.tsx [Client Component Browser]
    ./app/admin/products/page.tsx [Server Component]

  Client Component SSR:
    ./app/admin/products/page.tsx [Client Component SSR]
    ./app/admin/products/page.tsx [Server Component]

https://nextjs.org/docs/messages/module-not-found


 GET /admin/products 500 in 96ms (next.js: 46ms, application-code: 50ms)
⨯ ./lib/apiClient.ts:4:1
Error: Module not found: Can't resolve './productCatalogSync'
  [90m2 |[0m [36mimport[0m [33mCookies[0m [36mfrom[0m [32m'js-cookie'[0m
  [90m3 |[0m [36mimport[0m imageCompression [36mfrom[0m [32m'browser-image-compression'[0m
[31m[1m>[0m [90m4 |[0m [36mimport[0m { isProductMutation, notifyProductCatalogChanged } [36mfrom[0m [32m'./productCatalogSync'[0m
  [90m  |[0m [31m[1m^^^^^^^^^^^^^^^^^^^^^^^^^^^^^^^^^^^^^^^^^^^^^^^^^^^^^^^^^^^^^^^^^^^^^^^^^^^^^^^^^^^^^[0m
  [90m5 |[0m [36mimport[0m {
  [90m6 |[0m   [33mApiResponse[0m, [33mPageResponse[0m,
  [90m7 |[0m   [33mStaffLoginRequestDTO[0m, [33mAuthResponseDTO[0m, [33mRefreshTokenRequestDTO[0m,



Import traces:
  #1 [Client Component Browser]:
    ./lib/apiClient.ts [Client Component Browser]
    ./app/admin/products/page.tsx [Client Component Browser]
    ./app/admin/products/page.tsx [Server Component]

  #2 [Client Component SSR]:
    ./lib/apiClient.ts [Client Component SSR]
    ./app/admin/products/page.tsx [Client Component SSR]
    ./app/admin/products/page.tsx [Server Component]

  #3 [Client Component Browser]:
    ./lib/apiClient.ts [Client Component Browser]
    ./components/header.tsx [Client Component Browser]
    ./components/header.tsx [Server Component]
    ./app/layout.tsx [Server Component]

  #4 [Client Component SSR]:
    ./lib/apiClient.ts [Client Component SSR]
    ./components/header.tsx [Client Component SSR]
    ./components/header.tsx [Server Component]
    ./app/layout.tsx [Server Component]

https://nextjs.org/docs/messages/module-not-found



./app/admin/products/page.tsx:7:1
Error: Module not found: Can't resolve '@/lib/productCatalog'
  [90m 5 |[0m [36mimport[0m { [33mFaArrowLeft[0m, [33mFaPen[0m, [33mFaMagnifyingGlass[0m, [33mFaTrashCan[0m, [33mFaStar[0m, [33mFaPlus[0m, [33mFaXmark[0m, [33mFaFil...[0m
  [90m 6 |[0m [36mimport[0m { apiClient, formatINR } [36mfrom[0m [32m'@/lib/apiClient'[0m
[31m[1m>[0m [90m 7 |[0m [36mimport[0m { fetchCatalogClient, [36mtype[0m [33mCatalogProduct[0m } [36mfrom[0m [32m'@/lib/productCatalog'[0m
  [90m   |[0m [31m[1m^^^^^^^^^^^^^^^^^^^^^^^^^^^^^^^^^^^^^^^^^^^^^^^^^^^^^^^^^^^^^^^^^^^^^^^^^^^^^^[0m
  [90m 8 |[0m [36mimport[0m { [33mCompanyFilter[0m, [33mCompanyOption[0m } [36mfrom[0m [32m'@/components/admin/company-filter'[0m
  [90m 9 |[0m [36mimport[0m { getAllProductDrafts } [36mfrom[0m [32m'@/lib/draftService'[0m
  [90m10 |[0m

Import map: aliased to relative './lib/productCatalog' inside of [project]/


Import traces:
  Client Component Browser:
    ./app/admin/products/page.tsx [Client Component Browser]
    ./app/admin/products/page.tsx [Server Component]

  Client Component SSR:
    ./app/admin/products/page.tsx [Client Component SSR]
    ./app/admin/products/page.tsx [Server Component]

https://nextjs.org/docs/messages/module-not-found


 GET /admin/products 500 in 107ms (next.js: 45ms, application-code: 62ms)
⨯ ./lib/apiClient.ts:4:1
Error: Module not found: Can't resolve './productCatalogSync'
  [90m2 |[0m [36mimport[0m [33mCookies[0m [36mfrom[0m [32m'js-cookie'[0m
  [90m3 |[0m [36mimport[0m imageCompression [36mfrom[0m [32m'browser-image-compression'[0m
[31m[1m>[0m [90m4 |[0m [36mimport[0m { isProductMutation, notifyProductCatalogChanged } [36mfrom[0m [32m'./productCatalogSync'[0m
  [90m  |[0m [31m[1m^^^^^^^^^^^^^^^^^^^^^^^^^^^^^^^^^^^^^^^^^^^^^^^^^^^^^^^^^^^^^^^^^^^^^^^^^^^^^^^^^^^^^[0m
  [90m5 |[0m [36mimport[0m {
  [90m6 |[0m   [33mApiResponse[0m, [33mPageResponse[0m,
  [90m7 |[0m   [33mStaffLoginRequestDTO[0m, [33mAuthResponseDTO[0m, [33mRefreshTokenRequestDTO[0m,



Import traces:
  #1 [Client Component Browser]:
    ./lib/apiClient.ts [Client Component Browser]
    ./app/admin/products/page.tsx [Client Component Browser]
    ./app/admin/products/page.tsx [Server Component]

  #2 [Client Component SSR]:
    ./lib/apiClient.ts [Client Component SSR]
    ./app/admin/products/page.tsx [Client Component SSR]
    ./app/admin/products/page.tsx [Server Component]

  #3 [Client Component Browser]:
    ./lib/apiClient.ts [Client Component Browser]
    ./components/header.tsx [Client Component Browser]
    ./components/header.tsx [Server Component]
    ./app/layout.tsx [Server Component]

  #4 [Client Component SSR]:
    ./lib/apiClient.ts [Client Component SSR]
    ./components/header.tsx [Client Component SSR]
    ./components/header.tsx [Server Component]
    ./app/layout.tsx [Server Component]

https://nextjs.org/docs/messages/module-not-found



./app/admin/products/page.tsx:7:1
Error: Module not found: Can't resolve '@/lib/productCatalog'
  [90m 5 |[0m [36mimport[0m { [33mFaArrowLeft[0m, [33mFaPen[0m, [33mFaMagnifyingGlass[0m, [33mFaTrashCan[0m, [33mFaStar[0m, [33mFaPlus[0m, [33mFaXmark[0m, [33mFaFil...[0m
  [90m 6 |[0m [36mimport[0m { apiClient, formatINR } [36mfrom[0m [32m'@/lib/apiClient'[0m
[31m[1m>[0m [90m 7 |[0m [36mimport[0m { fetchCatalogClient, [36mtype[0m [33mCatalogProduct[0m } [36mfrom[0m [32m'@/lib/productCatalog'[0m
  [90m   |[0m [31m[1m^^^^^^^^^^^^^^^^^^^^^^^^^^^^^^^^^^^^^^^^^^^^^^^^^^^^^^^^^^^^^^^^^^^^^^^^^^^^^^[0m
  [90m 8 |[0m [36mimport[0m { [33mCompanyFilter[0m, [33mCompanyOption[0m } [36mfrom[0m [32m'@/components/admin/company-filter'[0m
  [90m 9 |[0m [36mimport[0m { getAllProductDrafts } [36mfrom[0m [32m'@/lib/draftService'[0m
  [90m10 |[0m

Import map: aliased to relative './lib/productCatalog' inside of [project]/


Import traces:
  Client Component Browser:
    ./app/admin/products/page.tsx [Client Component Browser]
    ./app/admin/products/page.tsx [Server Component]

  Client Component SSR:
    ./app/admin/products/page.tsx [Client Component SSR]
    ./app/admin/products/page.tsx [Server Component]

https://nextjs.org/docs/messages/module-not-found


 GET /admin/products 500 in 95ms (next.js: 47ms, application-code: 48ms)
⨯ ./lib/apiClient.ts:4:1
Error: Module not found: Can't resolve './productCatalogSync'
  [90m2 |[0m [36mimport[0m [33mCookies[0m [36mfrom[0m [32m'js-cookie'[0m
  [90m3 |[0m [36mimport[0m imageCompression [36mfrom[0m [32m'browser-image-compression'[0m
[31m[1m>[0m [90m4 |[0m [36mimport[0m { isProductMutation, notifyProductCatalogChanged } [36mfrom[0m [32m'./productCatalogSync'[0m
  [90m  |[0m [31m[1m^^^^^^^^^^^^^^^^^^^^^^^^^^^^^^^^^^^^^^^^^^^^^^^^^^^^^^^^^^^^^^^^^^^^^^^^^^^^^^^^^^^^^[0m
  [90m5 |[0m [36mimport[0m {
  [90m6 |[0m   [33mApiResponse[0m, [33mPageResponse[0m,
  [90m7 |[0m   [33mStaffLoginRequestDTO[0m, [33mAuthResponseDTO[0m, [33mRefreshTokenRequestDTO[0m,



Import traces:
  #1 [Client Component Browser]:
    ./lib/apiClient.ts [Client Component Browser]
    ./app/admin/products/page.tsx [Client Component Browser]
    ./app/admin/products/page.tsx [Server Component]

  #2 [Client Component SSR]:
    ./lib/apiClient.ts [Client Component SSR]
    ./app/admin/products/page.tsx [Client Component SSR]
    ./app/admin/products/page.tsx [Server Component]

  #3 [Client Component Browser]:
    ./lib/apiClient.ts [Client Component Browser]
    ./components/header.tsx [Client Component Browser]
    ./components/header.tsx [Server Component]
    ./app/layout.tsx [Server Component]

  #4 [Client Component SSR]:
    ./lib/apiClient.ts [Client Component SSR]
    ./components/header.tsx [Client Component SSR]
    ./components/header.tsx [Server Component]
    ./app/layout.tsx [Server Component]

https://nextjs.org/docs/messages/module-not-found



./app/admin/products/page.tsx:7:1
Error: Module not found: Can't resolve '@/lib/productCatalog'
  [90m 5 |[0m [36mimport[0m { [33mFaArrowLeft[0m, [33mFaPen[0m, [33mFaMagnifyingGlass[0m, [33mFaTrashCan[0m, [33mFaStar[0m, [33mFaPlus[0m, [33mFaXmark[0m, [33mFaFil...[0m
  [90m 6 |[0m [36mimport[0m { apiClient, formatINR } [36mfrom[0m [32m'@/lib/apiClient'[0m
[31m[1m>[0m [90m 7 |[0m [36mimport[0m { fetchCatalogClient, [36mtype[0m [33mCatalogProduct[0m } [36mfrom[0m [32m'@/lib/productCatalog'[0m
  [90m   |[0m [31m[1m^^^^^^^^^^^^^^^^^^^^^^^^^^^^^^^^^^^^^^^^^^^^^^^^^^^^^^^^^^^^^^^^^^^^^^^^^^^^^^[0m
  [90m 8 |[0m [36mimport[0m { [33mCompanyFilter[0m, [33mCompanyOption[0m } [36mfrom[0m [32m'@/components/admin/company-filter'[0m
  [90m 9 |[0m [36mimport[0m { getAllProductDrafts } [36mfrom[0m [32m'@/lib/draftService'[0m
  [90m10 |[0m

Import map: aliased to relative './lib/productCatalog' inside of [project]/


Import traces:
  Client Component Browser:
    ./app/admin/products/page.tsx [Client Component Browser]
    ./app/admin/products/page.tsx [Server Component]

  Client Component SSR:
    ./app/admin/products/page.tsx [Client Component SSR]
    ./app/admin/products/page.tsx [Server Component]

https://nextjs.org/docs/messages/module-not-found


 GET /admin/products 500 in 93ms (next.js: 54ms, application-code: 39ms)
⨯ ./lib/apiClient.ts:4:1
Error: Module not found: Can't resolve './productCatalogSync'
  [90m2 |[0m [36mimport[0m [33mCookies[0m [36mfrom[0m [32m'js-cookie'[0m
  [90m3 |[0m [36mimport[0m imageCompression [36mfrom[0m [32m'browser-image-compression'[0m
[31m[1m>[0m [90m4 |[0m [36mimport[0m { isProductMutation, notifyProductCatalogChanged } [36mfrom[0m [32m'./productCatalogSync'[0m
  [90m  |[0m [31m[1m^^^^^^^^^^^^^^^^^^^^^^^^^^^^^^^^^^^^^^^^^^^^^^^^^^^^^^^^^^^^^^^^^^^^^^^^^^^^^^^^^^^^^[0m
  [90m5 |[0m [36mimport[0m {
  [90m6 |[0m   [33mApiResponse[0m, [33mPageResponse[0m,
  [90m7 |[0m   [33mStaffLoginRequestDTO[0m, [33mAuthResponseDTO[0m, [33mRefreshTokenRequestDTO[0m,



Import traces:
  #1 [Client Component Browser]:
    ./lib/apiClient.ts [Client Component Browser]
    ./app/admin/products/page.tsx [Client Component Browser]
    ./app/admin/products/page.tsx [Server Component]

  #2 [Client Component SSR]:
    ./lib/apiClient.ts [Client Component SSR]
    ./app/admin/products/page.tsx [Client Component SSR]
    ./app/admin/products/page.tsx [Server Component]

  #3 [Client Component Browser]:
    ./lib/apiClient.ts [Client Component Browser]
    ./components/header.tsx [Client Component Browser]
    ./components/header.tsx [Server Component]
    ./app/layout.tsx [Server Component]

  #4 [Client Component SSR]:
    ./lib/apiClient.ts [Client Component SSR]
    ./components/header.tsx [Client Component SSR]
    ./components/header.tsx [Server Component]
    ./app/layout.tsx [Server Component]

https://nextjs.org/docs/messages/module-not-found



./app/admin/products/page.tsx:7:1
Error: Module not found: Can't resolve '@/lib/productCatalog'
  [90m 5 |[0m [36mimport[0m { [33mFaArrowLeft[0m, [33mFaPen[0m, [33mFaMagnifyingGlass[0m, [33mFaTrashCan[0m, [33mFaStar[0m, [33mFaPlus[0m, [33mFaXmark[0m, [33mFaFil...[0m
  [90m 6 |[0m [36mimport[0m { apiClient, formatINR } [36mfrom[0m [32m'@/lib/apiClient'[0m
[31m[1m>[0m [90m 7 |[0m [36mimport[0m { fetchCatalogClient, [36mtype[0m [33mCatalogProduct[0m } [36mfrom[0m [32m'@/lib/productCatalog'[0m
  [90m   |[0m [31m[1m^^^^^^^^^^^^^^^^^^^^^^^^^^^^^^^^^^^^^^^^^^^^^^^^^^^^^^^^^^^^^^^^^^^^^^^^^^^^^^[0m
  [90m 8 |[0m [36mimport[0m { [33mCompanyFilter[0m, [33mCompanyOption[0m } [36mfrom[0m [32m'@/components/admin/company-filter'[0m
  [90m 9 |[0m [36mimport[0m { getAllProductDrafts } [36mfrom[0m [32m'@/lib/draftService'[0m
  [90m10 |[0m

Import map: aliased to relative './lib/productCatalog' inside of [project]/


Import traces:
  Client Component Browser:
    ./app/admin/products/page.tsx [Client Component Browser]
    ./app/admin/products/page.tsx [Server Component]

  Client Component SSR:
    ./app/admin/products/page.tsx [Client Component SSR]
    ./app/admin/products/page.tsx [Server Component]

https://nextjs.org/docs/messages/module-not-found


 GET /admin/products 500 in 89ms (next.js: 42ms, application-code: 47ms)
⨯ ./lib/apiClient.ts:4:1
Error: Module not found: Can't resolve './productCatalogSync'
  [90m2 |[0m [36mimport[0m [33mCookies[0m [36mfrom[0m [32m'js-cookie'[0m
  [90m3 |[0m [36mimport[0m imageCompression [36mfrom[0m [32m'browser-image-compression'[0m
[31m[1m>[0m [90m4 |[0m [36mimport[0m { isProductMutation, notifyProductCatalogChanged } [36mfrom[0m [32m'./productCatalogSync'[0m
  [90m  |[0m [31m[1m^^^^^^^^^^^^^^^^^^^^^^^^^^^^^^^^^^^^^^^^^^^^^^^^^^^^^^^^^^^^^^^^^^^^^^^^^^^^^^^^^^^^^[0m
  [90m5 |[0m [36mimport[0m {
  [90m6 |[0m   [33mApiResponse[0m, [33mPageResponse[0m,
  [90m7 |[0m   [33mStaffLoginRequestDTO[0m, [33mAuthResponseDTO[0m, [33mRefreshTokenRequestDTO[0m,



Import traces:
  #1 [Client Component Browser]:
    ./lib/apiClient.ts [Client Component Browser]
    ./app/admin/products/page.tsx [Client Component Browser]
    ./app/admin/products/page.tsx [Server Component]

  #2 [Client Component SSR]:
    ./lib/apiClient.ts [Client Component SSR]
    ./app/admin/products/page.tsx [Client Component SSR]
    ./app/admin/products/page.tsx [Server Component]

  #3 [Client Component Browser]:
    ./lib/apiClient.ts [Client Component Browser]
    ./components/header.tsx [Client Component Browser]
    ./components/header.tsx [Server Component]
    ./app/layout.tsx [Server Component]

  #4 [Client Component SSR]:
    ./lib/apiClient.ts [Client Component SSR]
    ./components/header.tsx [Client Component SSR]
    ./components/header.tsx [Server Component]
    ./app/layout.tsx [Server Component]

https://nextjs.org/docs/messages/module-not-found



./app/admin/products/page.tsx:7:1
Error: Module not found: Can't resolve '@/lib/productCatalog'
  [90m 5 |[0m [36mimport[0m { [33mFaArrowLeft[0m, [33mFaPen[0m, [33mFaMagnifyingGlass[0m, [33mFaTrashCan[0m, [33mFaStar[0m, [33mFaPlus[0m, [33mFaXmark[0m, [33mFaFil...[0m
  [90m 6 |[0m [36mimport[0m { apiClient, formatINR } [36mfrom[0m [32m'@/lib/apiClient'[0m
[31m[1m>[0m [90m 7 |[0m [36mimport[0m { fetchCatalogClient, [36mtype[0m [33mCatalogProduct[0m } [36mfrom[0m [32m'@/lib/productCatalog'[0m
  [90m   |[0m [31m[1m^^^^^^^^^^^^^^^^^^^^^^^^^^^^^^^^^^^^^^^^^^^^^^^^^^^^^^^^^^^^^^^^^^^^^^^^^^^^^^[0m
  [90m 8 |[0m [36mimport[0m { [33mCompanyFilter[0m, [33mCompanyOption[0m } [36mfrom[0m [32m'@/components/admin/company-filter'[0m
  [90m 9 |[0m [36mimport[0m { getAllProductDrafts } [36mfrom[0m [32m'@/lib/draftService'[0m
  [90m10 |[0m

Import map: aliased to relative './lib/productCatalog' inside of [project]/


Import traces:
  Client Component Browser:
    ./app/admin/products/page.tsx [Client Component Browser]
    ./app/admin/products/page.tsx [Server Component]

  Client Component SSR:
    ./app/admin/products/page.tsx [Client Component SSR]
    ./app/admin/products/page.tsx [Server Component]

https://nextjs.org/docs/messages/module-not-found


 GET /admin/products 500 in 82ms (next.js: 44ms, application-code: 38ms)
⨯ ./lib/apiClient.ts:4:1
Error: Module not found: Can't resolve './productCatalogSync'
  [90m2 |[0m [36mimport[0m [33mCookies[0m [36mfrom[0m [32m'js-cookie'[0m
  [90m3 |[0m [36mimport[0m imageCompression [36mfrom[0m [32m'browser-image-compression'[0m
[31m[1m>[0m [90m4 |[0m [36mimport[0m { isProductMutation, notifyProductCatalogChanged } [36mfrom[0m [32m'./productCatalogSync'[0m
  [90m  |[0m [31m[1m^^^^^^^^^^^^^^^^^^^^^^^^^^^^^^^^^^^^^^^^^^^^^^^^^^^^^^^^^^^^^^^^^^^^^^^^^^^^^^^^^^^^^[0m
  [90m5 |[0m [36mimport[0m {
  [90m6 |[0m   [33mApiResponse[0m, [33mPageResponse[0m,
  [90m7 |[0m   [33mStaffLoginRequestDTO[0m, [33mAuthResponseDTO[0m, [33mRefreshTokenRequestDTO[0m,



Import traces:
  #1 [Client Component Browser]:
    ./lib/apiClient.ts [Client Component Browser]
    ./app/admin/products/page.tsx [Client Component Browser]
    ./app/admin/products/page.tsx [Server Component]

  #2 [Client Component SSR]:
    ./lib/apiClient.ts [Client Component SSR]
    ./app/admin/products/page.tsx [Client Component SSR]
    ./app/admin/products/page.tsx [Server Component]

  #3 [Client Component Browser]:
    ./lib/apiClient.ts [Client Component Browser]
    ./components/header.tsx [Client Component Browser]
    ./components/header.tsx [Server Component]
    ./app/layout.tsx [Server Component]

  #4 [Client Component SSR]:
    ./lib/apiClient.ts [Client Component SSR]
    ./components/header.tsx [Client Component SSR]
    ./components/header.tsx [Server Component]
    ./app/layout.tsx [Server Component]

https://nextjs.org/docs/messages/module-not-found



./app/admin/products/page.tsx:7:1
Error: Module not found: Can't resolve '@/lib/productCatalog'
  [90m 5 |[0m [36mimport[0m { [33mFaArrowLeft[0m, [33mFaPen[0m, [33mFaMagnifyingGlass[0m, [33mFaTrashCan[0m, [33mFaStar[0m, [33mFaPlus[0m, [33mFaXmark[0m, [33mFaFil...[0m
  [90m 6 |[0m [36mimport[0m { apiClient, formatINR } [36mfrom[0m [32m'@/lib/apiClient'[0m
[31m[1m>[0m [90m 7 |[0m [36mimport[0m { fetchCatalogClient, [36mtype[0m [33mCatalogProduct[0m } [36mfrom[0m [32m'@/lib/productCatalog'[0m
  [90m   |[0m [31m[1m^^^^^^^^^^^^^^^^^^^^^^^^^^^^^^^^^^^^^^^^^^^^^^^^^^^^^^^^^^^^^^^^^^^^^^^^^^^^^^[0m
  [90m 8 |[0m [36mimport[0m { [33mCompanyFilter[0m, [33mCompanyOption[0m } [36mfrom[0m [32m'@/components/admin/company-filter'[0m
  [90m 9 |[0m [36mimport[0m { getAllProductDrafts } [36mfrom[0m [32m'@/lib/draftService'[0m
  [90m10 |[0m

Import map: aliased to relative './lib/productCatalog' inside of [project]/


Import traces:
  Client Component Browser:
    ./app/admin/products/page.tsx [Client Component Browser]
    ./app/admin/products/page.tsx [Server Component]

  Client Component SSR:
    ./app/admin/products/page.tsx [Client Component SSR]
    ./app/admin/products/page.tsx [Server Component]

https://nextjs.org/docs/messages/module-not-found


 GET /admin/products 500 in 87ms (next.js: 46ms, application-code: 41ms)
⨯ ./lib/apiClient.ts:4:1
Error: Module not found: Can't resolve './productCatalogSync'
  [90m2 |[0m [36mimport[0m [33mCookies[0m [36mfrom[0m [32m'js-cookie'[0m
  [90m3 |[0m [36mimport[0m imageCompression [36mfrom[0m [32m'browser-image-compression'[0m
[31m[1m>[0m [90m4 |[0m [36mimport[0m { isProductMutation, notifyProductCatalogChanged } [36mfrom[0m [32m'./productCatalogSync'[0m
  [90m  |[0m [31m[1m^^^^^^^^^^^^^^^^^^^^^^^^^^^^^^^^^^^^^^^^^^^^^^^^^^^^^^^^^^^^^^^^^^^^^^^^^^^^^^^^^^^^^[0m
  [90m5 |[0m [36mimport[0m {
  [90m6 |[0m   [33mApiResponse[0m, [33mPageResponse[0m,
  [90m7 |[0m   [33mStaffLoginRequestDTO[0m, [33mAuthResponseDTO[0m, [33mRefreshTokenRequestDTO[0m,



Import traces:
  #1 [Client Component Browser]:
    ./lib/apiClient.ts [Client Component Browser]
    ./app/admin/products/page.tsx [Client Component Browser]
    ./app/admin/products/page.tsx [Server Component]

  #2 [Client Component SSR]:
    ./lib/apiClient.ts [Client Component SSR]
    ./app/admin/products/page.tsx [Client Component SSR]
    ./app/admin/products/page.tsx [Server Component]

  #3 [Client Component Browser]:
    ./lib/apiClient.ts [Client Component Browser]
    ./components/header.tsx [Client Component Browser]
    ./components/header.tsx [Server Component]
    ./app/layout.tsx [Server Component]

  #4 [Client Component SSR]:
    ./lib/apiClient.ts [Client Component SSR]
    ./components/header.tsx [Client Component SSR]
    ./components/header.tsx [Server Component]
    ./app/layout.tsx [Server Component]

https://nextjs.org/docs/messages/module-not-found



./app/admin/products/page.tsx:7:1
Error: Module not found: Can't resolve '@/lib/productCatalog'
  [90m 5 |[0m [36mimport[0m { [33mFaArrowLeft[0m, [33mFaPen[0m, [33mFaMagnifyingGlass[0m, [33mFaTrashCan[0m, [33mFaStar[0m, [33mFaPlus[0m, [33mFaXmark[0m, [33mFaFil...[0m
  [90m 6 |[0m [36mimport[0m { apiClient, formatINR } [36mfrom[0m [32m'@/lib/apiClient'[0m
[31m[1m>[0m [90m 7 |[0m [36mimport[0m { fetchCatalogClient, [36mtype[0m [33mCatalogProduct[0m } [36mfrom[0m [32m'@/lib/productCatalog'[0m
  [90m   |[0m [31m[1m^^^^^^^^^^^^^^^^^^^^^^^^^^^^^^^^^^^^^^^^^^^^^^^^^^^^^^^^^^^^^^^^^^^^^^^^^^^^^^[0m
  [90m 8 |[0m [36mimport[0m { [33mCompanyFilter[0m, [33mCompanyOption[0m } [36mfrom[0m [32m'@/components/admin/company-filter'[0m
  [90m 9 |[0m [36mimport[0m { getAllProductDrafts } [36mfrom[0m [32m'@/lib/draftService'[0m
  [90m10 |[0m

Import map: aliased to relative './lib/productCatalog' inside of [project]/


Import traces:
  Client Component Browser:
    ./app/admin/products/page.tsx [Client Component Browser]
    ./app/admin/products/page.tsx [Server Component]

  Client Component SSR:
    ./app/admin/products/page.tsx [Client Component SSR]
    ./app/admin/products/page.tsx [Server Component]

https://nextjs.org/docs/messages/module-not-found


 GET /admin/products 500 in 81ms (next.js: 41ms, application-code: 40ms)
⨯ ./lib/apiClient.ts:4:1
Error: Module not found: Can't resolve './productCatalogSync'
  [90m2 |[0m [36mimport[0m [33mCookies[0m [36mfrom[0m [32m'js-cookie'[0m
  [90m3 |[0m [36mimport[0m imageCompression [36mfrom[0m [32m'browser-image-compression'[0m
[31m[1m>[0m [90m4 |[0m [36mimport[0m { isProductMutation, notifyProductCatalogChanged } [36mfrom[0m [32m'./productCatalogSync'[0m
  [90m  |[0m [31m[1m^^^^^^^^^^^^^^^^^^^^^^^^^^^^^^^^^^^^^^^^^^^^^^^^^^^^^^^^^^^^^^^^^^^^^^^^^^^^^^^^^^^^^[0m
  [90m5 |[0m [36mimport[0m {
  [90m6 |[0m   [33mApiResponse[0m, [33mPageResponse[0m,
  [90m7 |[0m   [33mStaffLoginRequestDTO[0m, [33mAuthResponseDTO[0m, [33mRefreshTokenRequestDTO[0m,



Import traces:
  #1 [Client Component Browser]:
    ./lib/apiClient.ts [Client Component Browser]
    ./app/admin/products/page.tsx [Client Component Browser]
    ./app/admin/products/page.tsx [Server Component]

  #2 [Client Component SSR]:
    ./lib/apiClient.ts [Client Component SSR]
    ./app/admin/products/page.tsx [Client Component SSR]
    ./app/admin/products/page.tsx [Server Component]

  #3 [Client Component Browser]:
    ./lib/apiClient.ts [Client Component Browser]
    ./components/header.tsx [Client Component Browser]
    ./components/header.tsx [Server Component]
    ./app/layout.tsx [Server Component]

  #4 [Client Component SSR]:
    ./lib/apiClient.ts [Client Component SSR]
    ./components/header.tsx [Client Component SSR]
    ./components/header.tsx [Server Component]
    ./app/layout.tsx [Server Component]

https://nextjs.org/docs/messages/module-not-found



./app/admin/products/page.tsx:7:1
Error: Module not found: Can't resolve '@/lib/productCatalog'
  [90m 5 |[0m [36mimport[0m { [33mFaArrowLeft[0m, [33mFaPen[0m, [33mFaMagnifyingGlass[0m, [33mFaTrashCan[0m, [33mFaStar[0m, [33mFaPlus[0m, [33mFaXmark[0m, [33mFaFil...[0m
  [90m 6 |[0m [36mimport[0m { apiClient, formatINR } [36mfrom[0m [32m'@/lib/apiClient'[0m
[31m[1m>[0m [90m 7 |[0m [36mimport[0m { fetchCatalogClient, [36mtype[0m [33mCatalogProduct[0m } [36mfrom[0m [32m'@/lib/productCatalog'[0m
  [90m   |[0m [31m[1m^^^^^^^^^^^^^^^^^^^^^^^^^^^^^^^^^^^^^^^^^^^^^^^^^^^^^^^^^^^^^^^^^^^^^^^^^^^^^^[0m
  [90m 8 |[0m [36mimport[0m { [33mCompanyFilter[0m, [33mCompanyOption[0m } [36mfrom[0m [32m'@/components/admin/company-filter'[0m
  [90m 9 |[0m [36mimport[0m { getAllProductDrafts } [36mfrom[0m [32m'@/lib/draftService'[0m
  [90m10 |[0m

Import map: aliased to relative './lib/productCatalog' inside of [project]/


Import traces:
  Client Component Browser:
    ./app/admin/products/page.tsx [Client Component Browser]
    ./app/admin/products/page.tsx [Server Component]

  Client Component SSR:
    ./app/admin/products/page.tsx [Client Component SSR]
    ./app/admin/products/page.tsx [Server Component]

https://nextjs.org/docs/messages/module-not-found


 GET /admin/products 500 in 82ms (next.js: 44ms, application-code: 38ms)
⨯ ./lib/apiClient.ts:4:1
Error: Module not found: Can't resolve './productCatalogSync'
  [90m2 |[0m [36mimport[0m [33mCookies[0m [36mfrom[0m [32m'js-cookie'[0m
  [90m3 |[0m [36mimport[0m imageCompression [36mfrom[0m [32m'browser-image-compression'[0m
[31m[1m>[0m [90m4 |[0m [36mimport[0m { isProductMutation, notifyProductCatalogChanged } [36mfrom[0m [32m'./productCatalogSync'[0m
  [90m  |[0m [31m[1m^^^^^^^^^^^^^^^^^^^^^^^^^^^^^^^^^^^^^^^^^^^^^^^^^^^^^^^^^^^^^^^^^^^^^^^^^^^^^^^^^^^^^[0m
  [90m5 |[0m [36mimport[0m {
  [90m6 |[0m   [33mApiResponse[0m, [33mPageResponse[0m,
  [90m7 |[0m   [33mStaffLoginRequestDTO[0m, [33mAuthResponseDTO[0m, [33mRefreshTokenRequestDTO[0m,



Import traces:
  #1 [Client Component Browser]:
    ./lib/apiClient.ts [Client Component Browser]
    ./app/admin/products/page.tsx [Client Component Browser]
    ./app/admin/products/page.tsx [Server Component]

  #2 [Client Component SSR]:
    ./lib/apiClient.ts [Client Component SSR]
    ./app/admin/products/page.tsx [Client Component SSR]
    ./app/admin/products/page.tsx [Server Component]

  #3 [Client Component Browser]:
    ./lib/apiClient.ts [Client Component Browser]
    ./components/header.tsx [Client Component Browser]
    ./components/header.tsx [Server Component]
    ./app/layout.tsx [Server Component]

  #4 [Client Component SSR]:
    ./lib/apiClient.ts [Client Component SSR]
    ./components/header.tsx [Client Component SSR]
    ./components/header.tsx [Server Component]
    ./app/layout.tsx [Server Component]

https://nextjs.org/docs/messages/module-not-found



./app/admin/products/page.tsx:7:1
Error: Module not found: Can't resolve '@/lib/productCatalog'
  [90m 5 |[0m [36mimport[0m { [33mFaArrowLeft[0m, [33mFaPen[0m, [33mFaMagnifyingGlass[0m, [33mFaTrashCan[0m, [33mFaStar[0m, [33mFaPlus[0m, [33mFaXmark[0m, [33mFaFil...[0m
  [90m 6 |[0m [36mimport[0m { apiClient, formatINR } [36mfrom[0m [32m'@/lib/apiClient'[0m
[31m[1m>[0m [90m 7 |[0m [36mimport[0m { fetchCatalogClient, [36mtype[0m [33mCatalogProduct[0m } [36mfrom[0m [32m'@/lib/productCatalog'[0m
  [90m   |[0m [31m[1m^^^^^^^^^^^^^^^^^^^^^^^^^^^^^^^^^^^^^^^^^^^^^^^^^^^^^^^^^^^^^^^^^^^^^^^^^^^^^^[0m
  [90m 8 |[0m [36mimport[0m { [33mCompanyFilter[0m, [33mCompanyOption[0m } [36mfrom[0m [32m'@/components/admin/company-filter'[0m
  [90m 9 |[0m [36mimport[0m { getAllProductDrafts } [36mfrom[0m [32m'@/lib/draftService'[0m
  [90m10 |[0m

Import map: aliased to relative './lib/productCatalog' inside of [project]/


Import traces:
  Client Component Browser:
    ./app/admin/products/page.tsx [Client Component Browser]
    ./app/admin/products/page.tsx [Server Component]

  Client Component SSR:
    ./app/admin/products/page.tsx [Client Component SSR]
    ./app/admin/products/page.tsx [Server Component]

https://nextjs.org/docs/messages/module-not-found


 GET /admin/products 500 in 86ms (next.js: 46ms, application-code: 39ms)
⨯ ./lib/apiClient.ts:4:1
Error: Module not found: Can't resolve './productCatalogSync'
  [90m2 |[0m [36mimport[0m [33mCookies[0m [36mfrom[0m [32m'js-cookie'[0m
  [90m3 |[0m [36mimport[0m imageCompression [36mfrom[0m [32m'browser-image-compression'[0m
[31m[1m>[0m [90m4 |[0m [36mimport[0m { isProductMutation, notifyProductCatalogChanged } [36mfrom[0m [32m'./productCatalogSync'[0m
  [90m  |[0m [31m[1m^^^^^^^^^^^^^^^^^^^^^^^^^^^^^^^^^^^^^^^^^^^^^^^^^^^^^^^^^^^^^^^^^^^^^^^^^^^^^^^^^^^^^[0m
  [90m5 |[0m [36mimport[0m {
  [90m6 |[0m   [33mApiResponse[0m, [33mPageResponse[0m,
  [90m7 |[0m   [33mStaffLoginRequestDTO[0m, [33mAuthResponseDTO[0m, [33mRefreshTokenRequestDTO[0m,



Import traces:
  #1 [Client Component Browser]:
    ./lib/apiClient.ts [Client Component Browser]
    ./app/admin/products/page.tsx [Client Component Browser]
    ./app/admin/products/page.tsx [Server Component]

  #2 [Client Component SSR]:
    ./lib/apiClient.ts [Client Component SSR]
    ./app/admin/products/page.tsx [Client Component SSR]
    ./app/admin/products/page.tsx [Server Component]

  #3 [Client Component Browser]:
    ./lib/apiClient.ts [Client Component Browser]
    ./components/header.tsx [Client Component Browser]
    ./components/header.tsx [Server Component]
    ./app/layout.tsx [Server Component]

  #4 [Client Component SSR]:
    ./lib/apiClient.ts [Client Component SSR]
    ./components/header.tsx [Client Component SSR]
    ./components/header.tsx [Server Component]
    ./app/layout.tsx [Server Component]

https://nextjs.org/docs/messages/module-not-found



./app/admin/products/page.tsx:7:1
Error: Module not found: Can't resolve '@/lib/productCatalog'
  [90m 5 |[0m [36mimport[0m { [33mFaArrowLeft[0m, [33mFaPen[0m, [33mFaMagnifyingGlass[0m, [33mFaTrashCan[0m, [33mFaStar[0m, [33mFaPlus[0m, [33mFaXmark[0m, [33mFaFil...[0m
  [90m 6 |[0m [36mimport[0m { apiClient, formatINR } [36mfrom[0m [32m'@/lib/apiClient'[0m
[31m[1m>[0m [90m 7 |[0m [36mimport[0m { fetchCatalogClient, [36mtype[0m [33mCatalogProduct[0m } [36mfrom[0m [32m'@/lib/productCatalog'[0m
  [90m   |[0m [31m[1m^^^^^^^^^^^^^^^^^^^^^^^^^^^^^^^^^^^^^^^^^^^^^^^^^^^^^^^^^^^^^^^^^^^^^^^^^^^^^^[0m
  [90m 8 |[0m [36mimport[0m { [33mCompanyFilter[0m, [33mCompanyOption[0m } [36mfrom[0m [32m'@/components/admin/company-filter'[0m
  [90m 9 |[0m [36mimport[0m { getAllProductDrafts } [36mfrom[0m [32m'@/lib/draftService'[0m
  [90m10 |[0m

Import map: aliased to relative './lib/productCatalog' inside of [project]/


Import traces:
  Client Component Browser:
    ./app/admin/products/page.tsx [Client Component Browser]
    ./app/admin/products/page.tsx [Server Component]

  Client Component SSR:
    ./app/admin/products/page.tsx [Client Component SSR]
    ./app/admin/products/page.tsx [Server Component]

https://nextjs.org/docs/messages/module-not-found


 GET /admin/products 500 in 90ms (next.js: 46ms, application-code: 44ms)
⨯ ./lib/apiClient.ts:4:1
Error: Module not found: Can't resolve './productCatalogSync'
  [90m2 |[0m [36mimport[0m [33mCookies[0m [36mfrom[0m [32m'js-cookie'[0m
  [90m3 |[0m [36mimport[0m imageCompression [36mfrom[0m [32m'browser-image-compression'[0m
[31m[1m>[0m [90m4 |[0m [36mimport[0m { isProductMutation, notifyProductCatalogChanged } [36mfrom[0m [32m'./productCatalogSync'[0m
  [90m  |[0m [31m[1m^^^^^^^^^^^^^^^^^^^^^^^^^^^^^^^^^^^^^^^^^^^^^^^^^^^^^^^^^^^^^^^^^^^^^^^^^^^^^^^^^^^^^[0m
  [90m5 |[0m [36mimport[0m {
  [90m6 |[0m   [33mApiResponse[0m, [33mPageResponse[0m,
  [90m7 |[0m   [33mStaffLoginRequestDTO[0m, [33mAuthResponseDTO[0m, [33mRefreshTokenRequestDTO[0m,



Import traces:
  #1 [Client Component Browser]:
    ./lib/apiClient.ts [Client Component Browser]
    ./app/admin/products/page.tsx [Client Component Browser]
    ./app/admin/products/page.tsx [Server Component]

  #2 [Client Component SSR]:
    ./lib/apiClient.ts [Client Component SSR]
    ./app/admin/products/page.tsx [Client Component SSR]
    ./app/admin/products/page.tsx [Server Component]

  #3 [Client Component Browser]:
    ./lib/apiClient.ts [Client Component Browser]
    ./components/header.tsx [Client Component Browser]
    ./components/header.tsx [Server Component]
    ./app/layout.tsx [Server Component]

  #4 [Client Component SSR]:
    ./lib/apiClient.ts [Client Component SSR]
    ./components/header.tsx [Client Component SSR]
    ./components/header.tsx [Server Component]
    ./app/layout.tsx [Server Component]

https://nextjs.org/docs/messages/module-not-found



./app/admin/products/page.tsx:7:1
Error: Module not found: Can't resolve '@/lib/productCatalog'
  [90m 5 |[0m [36mimport[0m { [33mFaArrowLeft[0m, [33mFaPen[0m, [33mFaMagnifyingGlass[0m, [33mFaTrashCan[0m, [33mFaStar[0m, [33mFaPlus[0m, [33mFaXmark[0m, [33mFaFil...[0m
  [90m 6 |[0m [36mimport[0m { apiClient, formatINR } [36mfrom[0m [32m'@/lib/apiClient'[0m
[31m[1m>[0m [90m 7 |[0m [36mimport[0m { fetchCatalogClient, [36mtype[0m [33mCatalogProduct[0m } [36mfrom[0m [32m'@/lib/productCatalog'[0m
  [90m   |[0m [31m[1m^^^^^^^^^^^^^^^^^^^^^^^^^^^^^^^^^^^^^^^^^^^^^^^^^^^^^^^^^^^^^^^^^^^^^^^^^^^^^^[0m
  [90m 8 |[0m [36mimport[0m { [33mCompanyFilter[0m, [33mCompanyOption[0m } [36mfrom[0m [32m'@/components/admin/company-filter'[0m
  [90m 9 |[0m [36mimport[0m { getAllProductDrafts } [36mfrom[0m [32m'@/lib/draftService'[0m
  [90m10 |[0m

Import map: aliased to relative './lib/productCatalog' inside of [project]/


Import traces:
  Client Component Browser:
    ./app/admin/products/page.tsx [Client Component Browser]
    ./app/admin/products/page.tsx [Server Component]

  Client Component SSR:
    ./app/admin/products/page.tsx [Client Component SSR]
    ./app/admin/products/page.tsx [Server Component]

https://nextjs.org/docs/messages/module-not-found


 GET /admin/products 500 in 93ms (next.js: 45ms, application-code: 49ms)
⨯ ./lib/apiClient.ts:4:1
Error: Module not found: Can't resolve './productCatalogSync'
  [90m2 |[0m [36mimport[0m [33mCookies[0m [36mfrom[0m [32m'js-cookie'[0m
  [90m3 |[0m [36mimport[0m imageCompression [36mfrom[0m [32m'browser-image-compression'[0m
[31m[1m>[0m [90m4 |[0m [36mimport[0m { isProductMutation, notifyProductCatalogChanged } [36mfrom[0m [32m'./productCatalogSync'[0m
  [90m  |[0m [31m[1m^^^^^^^^^^^^^^^^^^^^^^^^^^^^^^^^^^^^^^^^^^^^^^^^^^^^^^^^^^^^^^^^^^^^^^^^^^^^^^^^^^^^^[0m
  [90m5 |[0m [36mimport[0m {
  [90m6 |[0m   [33mApiResponse[0m, [33mPageResponse[0m,
  [90m7 |[0m   [33mStaffLoginRequestDTO[0m, [33mAuthResponseDTO[0m, [33mRefreshTokenRequestDTO[0m,



Import traces:
  #1 [Client Component Browser]:
    ./lib/apiClient.ts [Client Component Browser]
    ./app/admin/products/page.tsx [Client Component Browser]
    ./app/admin/products/page.tsx [Server Component]

  #2 [Client Component SSR]:
    ./lib/apiClient.ts [Client Component SSR]
    ./app/admin/products/page.tsx [Client Component SSR]
    ./app/admin/products/page.tsx [Server Component]

  #3 [Client Component Browser]:
    ./lib/apiClient.ts [Client Component Browser]
    ./components/header.tsx [Client Component Browser]
    ./components/header.tsx [Server Component]
    ./app/layout.tsx [Server Component]

  #4 [Client Component SSR]:
    ./lib/apiClient.ts [Client Component SSR]
    ./components/header.tsx [Client Component SSR]
    ./components/header.tsx [Server Component]
    ./app/layout.tsx [Server Component]

https://nextjs.org/docs/messages/module-not-found



./app/admin/products/page.tsx:7:1
Error: Module not found: Can't resolve '@/lib/productCatalog'
  [90m 5 |[0m [36mimport[0m { [33mFaArrowLeft[0m, [33mFaPen[0m, [33mFaMagnifyingGlass[0m, [33mFaTrashCan[0m, [33mFaStar[0m, [33mFaPlus[0m, [33mFaXmark[0m, [33mFaFil...[0m
  [90m 6 |[0m [36mimport[0m { apiClient, formatINR } [36mfrom[0m [32m'@/lib/apiClient'[0m
[31m[1m>[0m [90m 7 |[0m [36mimport[0m { fetchCatalogClient, [36mtype[0m [33mCatalogProduct[0m } [36mfrom[0m [32m'@/lib/productCatalog'[0m
  [90m   |[0m [31m[1m^^^^^^^^^^^^^^^^^^^^^^^^^^^^^^^^^^^^^^^^^^^^^^^^^^^^^^^^^^^^^^^^^^^^^^^^^^^^^^[0m
  [90m 8 |[0m [36mimport[0m { [33mCompanyFilter[0m, [33mCompanyOption[0m } [36mfrom[0m [32m'@/components/admin/company-filter'[0m
  [90m 9 |[0m [36mimport[0m { getAllProductDrafts } [36mfrom[0m [32m'@/lib/draftService'[0m
  [90m10 |[0m

Import map: aliased to relative './lib/productCatalog' inside of [project]/


Import traces:
  Client Component Browser:
    ./app/admin/products/page.tsx [Client Component Browser]
    ./app/admin/products/page.tsx [Server Component]

  Client Component SSR:
    ./app/admin/products/page.tsx [Client Component SSR]
    ./app/admin/products/page.tsx [Server Component]

https://nextjs.org/docs/messages/module-not-found


 GET /admin/products 500 in 104ms (next.js: 44ms, application-code: 59ms)
⨯ ./lib/apiClient.ts:4:1
Error: Module not found: Can't resolve './productCatalogSync'
  [90m2 |[0m [36mimport[0m [33mCookies[0m [36mfrom[0m [32m'js-cookie'[0m
  [90m3 |[0m [36mimport[0m imageCompression [36mfrom[0m [32m'browser-image-compression'[0m
[31m[1m>[0m [90m4 |[0m [36mimport[0m { isProductMutation, notifyProductCatalogChanged } [36mfrom[0m [32m'./productCatalogSync'[0m
  [90m  |[0m [31m[1m^^^^^^^^^^^^^^^^^^^^^^^^^^^^^^^^^^^^^^^^^^^^^^^^^^^^^^^^^^^^^^^^^^^^^^^^^^^^^^^^^^^^^[0m
  [90m5 |[0m [36mimport[0m {
  [90m6 |[0m   [33mApiResponse[0m, [33mPageResponse[0m,
  [90m7 |[0m   [33mStaffLoginRequestDTO[0m, [33mAuthResponseDTO[0m, [33mRefreshTokenRequestDTO[0m,



Import traces:
  #1 [Client Component Browser]:
    ./lib/apiClient.ts [Client Component Browser]
    ./app/admin/products/page.tsx [Client Component Browser]
    ./app/admin/products/page.tsx [Server Component]

  #2 [Client Component SSR]:
    ./lib/apiClient.ts [Client Component SSR]
    ./app/admin/products/page.tsx [Client Component SSR]
    ./app/admin/products/page.tsx [Server Component]

  #3 [Client Component Browser]:
    ./lib/apiClient.ts [Client Component Browser]
    ./components/header.tsx [Client Component Browser]
    ./components/header.tsx [Server Component]
    ./app/layout.tsx [Server Component]

  #4 [Client Component SSR]:
    ./lib/apiClient.ts [Client Component SSR]
    ./components/header.tsx [Client Component SSR]
    ./components/header.tsx [Server Component]
    ./app/layout.tsx [Server Component]

https://nextjs.org/docs/messages/module-not-found



./app/admin/products/page.tsx:7:1
Error: Module not found: Can't resolve '@/lib/productCatalog'
  [90m 5 |[0m [36mimport[0m { [33mFaArrowLeft[0m, [33mFaPen[0m, [33mFaMagnifyingGlass[0m, [33mFaTrashCan[0m, [33mFaStar[0m, [33mFaPlus[0m, [33mFaXmark[0m, [33mFaFil...[0m
  [90m 6 |[0m [36mimport[0m { apiClient, formatINR } [36mfrom[0m [32m'@/lib/apiClient'[0m
[31m[1m>[0m [90m 7 |[0m [36mimport[0m { fetchCatalogClient, [36mtype[0m [33mCatalogProduct[0m } [36mfrom[0m [32m'@/lib/productCatalog'[0m
  [90m   |[0m [31m[1m^^^^^^^^^^^^^^^^^^^^^^^^^^^^^^^^^^^^^^^^^^^^^^^^^^^^^^^^^^^^^^^^^^^^^^^^^^^^^^[0m
  [90m 8 |[0m [36mimport[0m { [33mCompanyFilter[0m, [33mCompanyOption[0m } [36mfrom[0m [32m'@/components/admin/company-filter'[0m
  [90m 9 |[0m [36mimport[0m { getAllProductDrafts } [36mfrom[0m [32m'@/lib/draftService'[0m
  [90m10 |[0m

Import map: aliased to relative './lib/productCatalog' inside of [project]/


Import traces:
  Client Component Browser:
    ./app/admin/products/page.tsx [Client Component Browser]
    ./app/admin/products/page.tsx [Server Component]

  Client Component SSR:
    ./app/admin/products/page.tsx [Client Component SSR]
    ./app/admin/products/page.tsx [Server Component]

https://nextjs.org/docs/messages/module-not-found


 GET /admin/products 500 in 145ms (next.js: 77ms, application-code: 68ms)
⨯ ./lib/apiClient.ts:4:1
Error: Module not found: Can't resolve './productCatalogSync'
  [90m2 |[0m [36mimport[0m [33mCookies[0m [36mfrom[0m [32m'js-cookie'[0m
  [90m3 |[0m [36mimport[0m imageCompression [36mfrom[0m [32m'browser-image-compression'[0m
[31m[1m>[0m [90m4 |[0m [36mimport[0m { isProductMutation, notifyProductCatalogChanged } [36mfrom[0m [32m'./productCatalogSync'[0m
  [90m  |[0m [31m[1m^^^^^^^^^^^^^^^^^^^^^^^^^^^^^^^^^^^^^^^^^^^^^^^^^^^^^^^^^^^^^^^^^^^^^^^^^^^^^^^^^^^^^[0m
  [90m5 |[0m [36mimport[0m {
  [90m6 |[0m   [33mApiResponse[0m, [33mPageResponse[0m,
  [90m7 |[0m   [33mStaffLoginRequestDTO[0m, [33mAuthResponseDTO[0m, [33mRefreshTokenRequestDTO[0m,



Import traces:
  #1 [Client Component Browser]:
    ./lib/apiClient.ts [Client Component Browser]
    ./app/admin/products/page.tsx [Client Component Browser]
    ./app/admin/products/page.tsx [Server Component]

  #2 [Client Component SSR]:
    ./lib/apiClient.ts [Client Component SSR]
    ./app/admin/products/page.tsx [Client Component SSR]
    ./app/admin/products/page.tsx [Server Component]

  #3 [Client Component Browser]:
    ./lib/apiClient.ts [Client Component Browser]
    ./components/header.tsx [Client Component Browser]
    ./components/header.tsx [Server Component]
    ./app/layout.tsx [Server Component]

  #4 [Client Component SSR]:
    ./lib/apiClient.ts [Client Component SSR]
    ./components/header.tsx [Client Component SSR]
    ./components/header.tsx [Server Component]
    ./app/layout.tsx [Server Component]

https://nextjs.org/docs/messages/module-not-found



./app/admin/products/page.tsx:7:1
Error: Module not found: Can't resolve '@/lib/productCatalog'
  [90m 5 |[0m [36mimport[0m { [33mFaArrowLeft[0m, [33mFaPen[0m, [33mFaMagnifyingGlass[0m, [33mFaTrashCan[0m, [33mFaStar[0m, [33mFaPlus[0m, [33mFaXmark[0m, [33mFaFil...[0m
  [90m 6 |[0m [36mimport[0m { apiClient, formatINR } [36mfrom[0m [32m'@/lib/apiClient'[0m
[31m[1m>[0m [90m 7 |[0m [36mimport[0m { fetchCatalogClient, [36mtype[0m [33mCatalogProduct[0m } [36mfrom[0m [32m'@/lib/productCatalog'[0m
  [90m   |[0m [31m[1m^^^^^^^^^^^^^^^^^^^^^^^^^^^^^^^^^^^^^^^^^^^^^^^^^^^^^^^^^^^^^^^^^^^^^^^^^^^^^^[0m
  [90m 8 |[0m [36mimport[0m { [33mCompanyFilter[0m, [33mCompanyOption[0m } [36mfrom[0m [32m'@/components/admin/company-filter'[0m
  [90m 9 |[0m [36mimport[0m { getAllProductDrafts } [36mfrom[0m [32m'@/lib/draftService'[0m
  [90m10 |[0m

Import map: aliased to relative './lib/productCatalog' inside of [project]/


Import traces:
  Client Component Browser:
    ./app/admin/products/page.tsx [Client Component Browser]
    ./app/admin/products/page.tsx [Server Component]

  Client Component SSR:
    ./app/admin/products/page.tsx [Client Component SSR]
    ./app/admin/products/page.tsx [Server Component]

https://nextjs.org/docs/messages/module-not-found


 GET /admin/products 500 in 126ms (next.js: 67ms, application-code: 60ms)
⨯ ./lib/apiClient.ts:4:1
Error: Module not found: Can't resolve './productCatalogSync'
  [90m2 |[0m [36mimport[0m [33mCookies[0m [36mfrom[0m [32m'js-cookie'[0m
  [90m3 |[0m [36mimport[0m imageCompression [36mfrom[0m [32m'browser-image-compression'[0m
[31m[1m>[0m [90m4 |[0m [36mimport[0m { isProductMutation, notifyProductCatalogChanged } [36mfrom[0m [32m'./productCatalogSync'[0m
  [90m  |[0m [31m[1m^^^^^^^^^^^^^^^^^^^^^^^^^^^^^^^^^^^^^^^^^^^^^^^^^^^^^^^^^^^^^^^^^^^^^^^^^^^^^^^^^^^^^[0m
  [90m5 |[0m [36mimport[0m {
  [90m6 |[0m   [33mApiResponse[0m, [33mPageResponse[0m,
  [90m7 |[0m   [33mStaffLoginRequestDTO[0m, [33mAuthResponseDTO[0m, [33mRefreshTokenRequestDTO[0m,



Import traces:
  #1 [Client Component Browser]:
    ./lib/apiClient.ts [Client Component Browser]
    ./app/admin/products/page.tsx [Client Component Browser]
    ./app/admin/products/page.tsx [Server Component]

  #2 [Client Component SSR]:
    ./lib/apiClient.ts [Client Component SSR]
    ./app/admin/products/page.tsx [Client Component SSR]
    ./app/admin/products/page.tsx [Server Component]

  #3 [Client Component Browser]:
    ./lib/apiClient.ts [Client Component Browser]
    ./components/header.tsx [Client Component Browser]
    ./components/header.tsx [Server Component]
    ./app/layout.tsx [Server Component]

  #4 [Client Component SSR]:
    ./lib/apiClient.ts [Client Component SSR]
    ./components/header.tsx [Client Component SSR]
    ./components/header.tsx [Server Component]
    ./app/layout.tsx [Server Component]

https://nextjs.org/docs/messages/module-not-found



./app/admin/products/page.tsx:7:1
Error: Module not found: Can't resolve '@/lib/productCatalog'
  [90m 5 |[0m [36mimport[0m { [33mFaArrowLeft[0m, [33mFaPen[0m, [33mFaMagnifyingGlass[0m, [33mFaTrashCan[0m, [33mFaStar[0m, [33mFaPlus[0m, [33mFaXmark[0m, [33mFaFil...[0m
  [90m 6 |[0m [36mimport[0m { apiClient, formatINR } [36mfrom[0m [32m'@/lib/apiClient'[0m
[31m[1m>[0m [90m 7 |[0m [36mimport[0m { fetchCatalogClient, [36mtype[0m [33mCatalogProduct[0m } [36mfrom[0m [32m'@/lib/productCatalog'[0m
  [90m   |[0m [31m[1m^^^^^^^^^^^^^^^^^^^^^^^^^^^^^^^^^^^^^^^^^^^^^^^^^^^^^^^^^^^^^^^^^^^^^^^^^^^^^^[0m
  [90m 8 |[0m [36mimport[0m { [33mCompanyFilter[0m, [33mCompanyOption[0m } [36mfrom[0m [32m'@/components/admin/company-filter'[0m
  [90m 9 |[0m [36mimport[0m { getAllProductDrafts } [36mfrom[0m [32m'@/lib/draftService'[0m
  [90m10 |[0m

Import map: aliased to relative './lib/productCatalog' inside of [project]/


Import traces:
  Client Component Browser:
    ./app/admin/products/page.tsx [Client Component Browser]
    ./app/admin/products/page.tsx [Server Component]

  Client Component SSR:
    ./app/admin/products/page.tsx [Client Component SSR]
    ./app/admin/products/page.tsx [Server Component]

https://nextjs.org/docs/messages/module-not-found


 GET /admin/products 500 in 98ms (next.js: 48ms, application-code: 50ms)
⨯ ./lib/apiClient.ts:4:1
Error: Module not found: Can't resolve './productCatalogSync'
  [90m2 |[0m [36mimport[0m [33mCookies[0m [36mfrom[0m [32m'js-cookie'[0m
  [90m3 |[0m [36mimport[0m imageCompression [36mfrom[0m [32m'browser-image-compression'[0m
[31m[1m>[0m [90m4 |[0m [36mimport[0m { isProductMutation, notifyProductCatalogChanged } [36mfrom[0m [32m'./productCatalogSync'[0m
  [90m  |[0m [31m[1m^^^^^^^^^^^^^^^^^^^^^^^^^^^^^^^^^^^^^^^^^^^^^^^^^^^^^^^^^^^^^^^^^^^^^^^^^^^^^^^^^^^^^[0m
  [90m5 |[0m [36mimport[0m {
  [90m6 |[0m   [33mApiResponse[0m, [33mPageResponse[0m,
  [90m7 |[0m   [33mStaffLoginRequestDTO[0m, [33mAuthResponseDTO[0m, [33mRefreshTokenRequestDTO[0m,



Import traces:
  #1 [Client Component Browser]:
    ./lib/apiClient.ts [Client Component Browser]
    ./app/admin/products/page.tsx [Client Component Browser]
    ./app/admin/products/page.tsx [Server Component]

  #2 [Client Component SSR]:
    ./lib/apiClient.ts [Client Component SSR]
    ./app/admin/products/page.tsx [Client Component SSR]
    ./app/admin/products/page.tsx [Server Component]

  #3 [Client Component Browser]:
    ./lib/apiClient.ts [Client Component Browser]
    ./components/header.tsx [Client Component Browser]
    ./components/header.tsx [Server Component]
    ./app/layout.tsx [Server Component]

  #4 [Client Component SSR]:
    ./lib/apiClient.ts [Client Component SSR]
    ./components/header.tsx [Client Component SSR]
    ./components/header.tsx [Server Component]
    ./app/layout.tsx [Server Component]

https://nextjs.org/docs/messages/module-not-found



./app/admin/products/page.tsx:7:1
Error: Module not found: Can't resolve '@/lib/productCatalog'
  [90m 5 |[0m [36mimport[0m { [33mFaArrowLeft[0m, [33mFaPen[0m, [33mFaMagnifyingGlass[0m, [33mFaTrashCan[0m, [33mFaStar[0m, [33mFaPlus[0m, [33mFaXmark[0m, [33mFaFil...[0m
  [90m 6 |[0m [36mimport[0m { apiClient, formatINR } [36mfrom[0m [32m'@/lib/apiClient'[0m
[31m[1m>[0m [90m 7 |[0m [36mimport[0m { fetchCatalogClient, [36mtype[0m [33mCatalogProduct[0m } [36mfrom[0m [32m'@/lib/productCatalog'[0m
  [90m   |[0m [31m[1m^^^^^^^^^^^^^^^^^^^^^^^^^^^^^^^^^^^^^^^^^^^^^^^^^^^^^^^^^^^^^^^^^^^^^^^^^^^^^^[0m
  [90m 8 |[0m [36mimport[0m { [33mCompanyFilter[0m, [33mCompanyOption[0m } [36mfrom[0m [32m'@/components/admin/company-filter'[0m
  [90m 9 |[0m [36mimport[0m { getAllProductDrafts } [36mfrom[0m [32m'@/lib/draftService'[0m
  [90m10 |[0m

Import map: aliased to relative './lib/productCatalog' inside of [project]/


Import traces:
  Client Component Browser:
    ./app/admin/products/page.tsx [Client Component Browser]
    ./app/admin/products/page.tsx [Server Component]

  Client Component SSR:
    ./app/admin/products/page.tsx [Client Component SSR]
    ./app/admin/products/page.tsx [Server Component]

https://nextjs.org/docs/messages/module-not-found


 GET /admin/products 500 in 142ms (next.js: 59ms, application-code: 83ms)
⨯ ./lib/apiClient.ts:4:1
Error: Module not found: Can't resolve './productCatalogSync'
  [90m2 |[0m [36mimport[0m [33mCookies[0m [36mfrom[0m [32m'js-cookie'[0m
  [90m3 |[0m [36mimport[0m imageCompression [36mfrom[0m [32m'browser-image-compression'[0m
[31m[1m>[0m [90m4 |[0m [36mimport[0m { isProductMutation, notifyProductCatalogChanged } [36mfrom[0m [32m'./productCatalogSync'[0m
  [90m  |[0m [31m[1m^^^^^^^^^^^^^^^^^^^^^^^^^^^^^^^^^^^^^^^^^^^^^^^^^^^^^^^^^^^^^^^^^^^^^^^^^^^^^^^^^^^^^[0m
  [90m5 |[0m [36mimport[0m {
  [90m6 |[0m   [33mApiResponse[0m, [33mPageResponse[0m,
  [90m7 |[0m   [33mStaffLoginRequestDTO[0m, [33mAuthResponseDTO[0m, [33mRefreshTokenRequestDTO[0m,



Import traces:
  #1 [Client Component Browser]:
    ./lib/apiClient.ts [Client Component Browser]
    ./app/admin/products/page.tsx [Client Component Browser]
    ./app/admin/products/page.tsx [Server Component]

  #2 [Client Component SSR]:
    ./lib/apiClient.ts [Client Component SSR]
    ./app/admin/products/page.tsx [Client Component SSR]
    ./app/admin/products/page.tsx [Server Component]

  #3 [Client Component Browser]:
    ./lib/apiClient.ts [Client Component Browser]
    ./components/header.tsx [Client Component Browser]
    ./components/header.tsx [Server Component]
    ./app/layout.tsx [Server Component]

  #4 [Client Component SSR]:
    ./lib/apiClient.ts [Client Component SSR]
    ./components/header.tsx [Client Component SSR]
    ./components/header.tsx [Server Component]
    ./app/layout.tsx [Server Component]

https://nextjs.org/docs/messages/module-not-found



./app/admin/products/page.tsx:7:1
Error: Module not found: Can't resolve '@/lib/productCatalog'
  [90m 5 |[0m [36mimport[0m { [33mFaArrowLeft[0m, [33mFaPen[0m, [33mFaMagnifyingGlass[0m, [33mFaTrashCan[0m, [33mFaStar[0m, [33mFaPlus[0m, [33mFaXmark[0m, [33mFaFil...[0m
  [90m 6 |[0m [36mimport[0m { apiClient, formatINR } [36mfrom[0m [32m'@/lib/apiClient'[0m
[31m[1m>[0m [90m 7 |[0m [36mimport[0m { fetchCatalogClient, [36mtype[0m [33mCatalogProduct[0m } [36mfrom[0m [32m'@/lib/productCatalog'[0m
  [90m   |[0m [31m[1m^^^^^^^^^^^^^^^^^^^^^^^^^^^^^^^^^^^^^^^^^^^^^^^^^^^^^^^^^^^^^^^^^^^^^^^^^^^^^^[0m
  [90m 8 |[0m [36mimport[0m { [33mCompanyFilter[0m, [33mCompanyOption[0m } [36mfrom[0m [32m'@/components/admin/company-filter'[0m
  [90m 9 |[0m [36mimport[0m { getAllProductDrafts } [36mfrom[0m [32m'@/lib/draftService'[0m
  [90m10 |[0m

Import map: aliased to relative './lib/productCatalog' inside of [project]/


Import traces:
  Client Component Browser:
    ./app/admin/products/page.tsx [Client Component Browser]
    ./app/admin/products/page.tsx [Server Component]

  Client Component SSR:
    ./app/admin/products/page.tsx [Client Component SSR]
    ./app/admin/products/page.tsx [Server Component]

https://nextjs.org/docs/messages/module-not-found


 GET /admin/products 500 in 92ms (next.js: 47ms, application-code: 46ms)
⨯ ./lib/apiClient.ts:4:1
Error: Module not found: Can't resolve './productCatalogSync'
  [90m2 |[0m [36mimport[0m [33mCookies[0m [36mfrom[0m [32m'js-cookie'[0m
  [90m3 |[0m [36mimport[0m imageCompression [36mfrom[0m [32m'browser-image-compression'[0m
[31m[1m>[0m [90m4 |[0m [36mimport[0m { isProductMutation, notifyProductCatalogChanged } [36mfrom[0m [32m'./productCatalogSync'[0m
  [90m  |[0m [31m[1m^^^^^^^^^^^^^^^^^^^^^^^^^^^^^^^^^^^^^^^^^^^^^^^^^^^^^^^^^^^^^^^^^^^^^^^^^^^^^^^^^^^^^[0m
  [90m5 |[0m [36mimport[0m {
  [90m6 |[0m   [33mApiResponse[0m, [33mPageResponse[0m,
  [90m7 |[0m   [33mStaffLoginRequestDTO[0m, [33mAuthResponseDTO[0m, [33mRefreshTokenRequestDTO[0m,



Import traces:
  #1 [Client Component Browser]:
    ./lib/apiClient.ts [Client Component Browser]
    ./app/admin/products/page.tsx [Client Component Browser]
    ./app/admin/products/page.tsx [Server Component]

  #2 [Client Component SSR]:
    ./lib/apiClient.ts [Client Component SSR]
    ./app/admin/products/page.tsx [Client Component SSR]
    ./app/admin/products/page.tsx [Server Component]

  #3 [Client Component Browser]:
    ./lib/apiClient.ts [Client Component Browser]
    ./components/header.tsx [Client Component Browser]
    ./components/header.tsx [Server Component]
    ./app/layout.tsx [Server Component]

  #4 [Client Component SSR]:
    ./lib/apiClient.ts [Client Component SSR]
    ./components/header.tsx [Client Component SSR]
    ./components/header.tsx [Server Component]
    ./app/layout.tsx [Server Component]

https://nextjs.org/docs/messages/module-not-found



./app/admin/products/page.tsx:7:1
Error: Module not found: Can't resolve '@/lib/productCatalog'
  [90m 5 |[0m [36mimport[0m { [33mFaArrowLeft[0m, [33mFaPen[0m, [33mFaMagnifyingGlass[0m, [33mFaTrashCan[0m, [33mFaStar[0m, [33mFaPlus[0m, [33mFaXmark[0m, [33mFaFil...[0m
  [90m 6 |[0m [36mimport[0m { apiClient, formatINR } [36mfrom[0m [32m'@/lib/apiClient'[0m
[31m[1m>[0m [90m 7 |[0m [36mimport[0m { fetchCatalogClient, [36mtype[0m [33mCatalogProduct[0m } [36mfrom[0m [32m'@/lib/productCatalog'[0m
  [90m   |[0m [31m[1m^^^^^^^^^^^^^^^^^^^^^^^^^^^^^^^^^^^^^^^^^^^^^^^^^^^^^^^^^^^^^^^^^^^^^^^^^^^^^^[0m
  [90m 8 |[0m [36mimport[0m { [33mCompanyFilter[0m, [33mCompanyOption[0m } [36mfrom[0m [32m'@/components/admin/company-filter'[0m
  [90m 9 |[0m [36mimport[0m { getAllProductDrafts } [36mfrom[0m [32m'@/lib/draftService'[0m
  [90m10 |[0m

Import map: aliased to relative './lib/productCatalog' inside of [project]/


Import traces:
  Client Component Browser:
    ./app/admin/products/page.tsx [Client Component Browser]
    ./app/admin/products/page.tsx [Server Component]

  Client Component SSR:
    ./app/admin/products/page.tsx [Client Component SSR]
    ./app/admin/products/page.tsx [Server Component]

https://nextjs.org/docs/messages/module-not-found


 GET /admin/products 500 in 94ms (next.js: 53ms, application-code: 41ms)
⨯ ./lib/apiClient.ts:4:1
Error: Module not found: Can't resolve './productCatalogSync'
  [90m2 |[0m [36mimport[0m [33mCookies[0m [36mfrom[0m [32m'js-cookie'[0m
  [90m3 |[0m [36mimport[0m imageCompression [36mfrom[0m [32m'browser-image-compression'[0m
[31m[1m>[0m [90m4 |[0m [36mimport[0m { isProductMutation, notifyProductCatalogChanged } [36mfrom[0m [32m'./productCatalogSync'[0m
  [90m  |[0m [31m[1m^^^^^^^^^^^^^^^^^^^^^^^^^^^^^^^^^^^^^^^^^^^^^^^^^^^^^^^^^^^^^^^^^^^^^^^^^^^^^^^^^^^^^[0m
  [90m5 |[0m [36mimport[0m {
  [90m6 |[0m   [33mApiResponse[0m, [33mPageResponse[0m,
  [90m7 |[0m   [33mStaffLoginRequestDTO[0m, [33mAuthResponseDTO[0m, [33mRefreshTokenRequestDTO[0m,



Import traces:
  #1 [Client Component Browser]:
    ./lib/apiClient.ts [Client Component Browser]
    ./app/admin/products/page.tsx [Client Component Browser]
    ./app/admin/products/page.tsx [Server Component]

  #2 [Client Component SSR]:
    ./lib/apiClient.ts [Client Component SSR]
    ./app/admin/products/page.tsx [Client Component SSR]
    ./app/admin/products/page.tsx [Server Component]

  #3 [Client Component Browser]:
    ./lib/apiClient.ts [Client Component Browser]
    ./components/header.tsx [Client Component Browser]
    ./components/header.tsx [Server Component]
    ./app/layout.tsx [Server Component]

  #4 [Client Component SSR]:
    ./lib/apiClient.ts [Client Component SSR]
    ./components/header.tsx [Client Component SSR]
    ./components/header.tsx [Server Component]
    ./app/layout.tsx [Server Component]

https://nextjs.org/docs/messages/module-not-found



./app/admin/products/page.tsx:7:1
Error: Module not found: Can't resolve '@/lib/productCatalog'
  [90m 5 |[0m [36mimport[0m { [33mFaArrowLeft[0m, [33mFaPen[0m, [33mFaMagnifyingGlass[0m, [33mFaTrashCan[0m, [33mFaStar[0m, [33mFaPlus[0m, [33mFaXmark[0m, [33mFaFil...[0m
  [90m 6 |[0m [36mimport[0m { apiClient, formatINR } [36mfrom[0m [32m'@/lib/apiClient'[0m
[31m[1m>[0m [90m 7 |[0m [36mimport[0m { fetchCatalogClient, [36mtype[0m [33mCatalogProduct[0m } [36mfrom[0m [32m'@/lib/productCatalog'[0m
  [90m   |[0m [31m[1m^^^^^^^^^^^^^^^^^^^^^^^^^^^^^^^^^^^^^^^^^^^^^^^^^^^^^^^^^^^^^^^^^^^^^^^^^^^^^^[0m
  [90m 8 |[0m [36mimport[0m { [33mCompanyFilter[0m, [33mCompanyOption[0m } [36mfrom[0m [32m'@/components/admin/company-filter'[0m
  [90m 9 |[0m [36mimport[0m { getAllProductDrafts } [36mfrom[0m [32m'@/lib/draftService'[0m
  [90m10 |[0m

Import map: aliased to relative './lib/productCatalog' inside of [project]/


Import traces:
  Client Component Browser:
    ./app/admin/products/page.tsx [Client Component Browser]
    ./app/admin/products/page.tsx [Server Component]

  Client Component SSR:
    ./app/admin/products/page.tsx [Client Component SSR]
    ./app/admin/products/page.tsx [Server Component]

https://nextjs.org/docs/messages/module-not-found


 GET /admin/products 500 in 82ms (next.js: 41ms, application-code: 41ms)
⨯ ./lib/apiClient.ts:4:1
Error: Module not found: Can't resolve './productCatalogSync'
  [90m2 |[0m [36mimport[0m [33mCookies[0m [36mfrom[0m [32m'js-cookie'[0m
  [90m3 |[0m [36mimport[0m imageCompression [36mfrom[0m [32m'browser-image-compression'[0m
[31m[1m>[0m [90m4 |[0m [36mimport[0m { isProductMutation, notifyProductCatalogChanged } [36mfrom[0m [32m'./productCatalogSync'[0m
  [90m  |[0m [31m[1m^^^^^^^^^^^^^^^^^^^^^^^^^^^^^^^^^^^^^^^^^^^^^^^^^^^^^^^^^^^^^^^^^^^^^^^^^^^^^^^^^^^^^[0m
  [90m5 |[0m [36mimport[0m {
  [90m6 |[0m   [33mApiResponse[0m, [33mPageResponse[0m,
  [90m7 |[0m   [33mStaffLoginRequestDTO[0m, [33mAuthResponseDTO[0m, [33mRefreshTokenRequestDTO[0m,



Import traces:
  #1 [Client Component Browser]:
    ./lib/apiClient.ts [Client Component Browser]
    ./app/admin/products/page.tsx [Client Component Browser]
    ./app/admin/products/page.tsx [Server Component]

  #2 [Client Component SSR]:
    ./lib/apiClient.ts [Client Component SSR]
    ./app/admin/products/page.tsx [Client Component SSR]
    ./app/admin/products/page.tsx [Server Component]

  #3 [Client Component Browser]:
    ./lib/apiClient.ts [Client Component Browser]
    ./components/header.tsx [Client Component Browser]
    ./components/header.tsx [Server Component]
    ./app/layout.tsx [Server Component]

  #4 [Client Component SSR]:
    ./lib/apiClient.ts [Client Component SSR]
    ./components/header.tsx [Client Component SSR]
    ./components/header.tsx [Server Component]
    ./app/layout.tsx [Server Component]

https://nextjs.org/docs/messages/module-not-found



./app/admin/products/page.tsx:7:1
Error: Module not found: Can't resolve '@/lib/productCatalog'
  [90m 5 |[0m [36mimport[0m { [33mFaArrowLeft[0m, [33mFaPen[0m, [33mFaMagnifyingGlass[0m, [33mFaTrashCan[0m, [33mFaStar[0m, [33mFaPlus[0m, [33mFaXmark[0m, [33mFaFil...[0m
  [90m 6 |[0m [36mimport[0m { apiClient, formatINR } [36mfrom[0m [32m'@/lib/apiClient'[0m
[31m[1m>[0m [90m 7 |[0m [36mimport[0m { fetchCatalogClient, [36mtype[0m [33mCatalogProduct[0m } [36mfrom[0m [32m'@/lib/productCatalog'[0m
  [90m   |[0m [31m[1m^^^^^^^^^^^^^^^^^^^^^^^^^^^^^^^^^^^^^^^^^^^^^^^^^^^^^^^^^^^^^^^^^^^^^^^^^^^^^^[0m
  [90m 8 |[0m [36mimport[0m { [33mCompanyFilter[0m, [33mCompanyOption[0m } [36mfrom[0m [32m'@/components/admin/company-filter'[0m
  [90m 9 |[0m [36mimport[0m { getAllProductDrafts } [36mfrom[0m [32m'@/lib/draftService'[0m
  [90m10 |[0m

Import map: aliased to relative './lib/productCatalog' inside of [project]/


Import traces:
  Client Component Browser:
    ./app/admin/products/page.tsx [Client Component Browser]
    ./app/admin/products/page.tsx [Server Component]

  Client Component SSR:
    ./app/admin/products/page.tsx [Client Component SSR]
    ./app/admin/products/page.tsx [Server Component]

https://nextjs.org/docs/messages/module-not-found


 GET /admin/products 500 in 84ms (next.js: 42ms, application-code: 42ms)
⨯ ./lib/apiClient.ts:4:1
Error: Module not found: Can't resolve './productCatalogSync'
  [90m2 |[0m [36mimport[0m [33mCookies[0m [36mfrom[0m [32m'js-cookie'[0m
  [90m3 |[0m [36mimport[0m imageCompression [36mfrom[0m [32m'browser-image-compression'[0m
[31m[1m>[0m [90m4 |[0m [36mimport[0m { isProductMutation, notifyProductCatalogChanged } [36mfrom[0m [32m'./productCatalogSync'[0m
  [90m  |[0m [31m[1m^^^^^^^^^^^^^^^^^^^^^^^^^^^^^^^^^^^^^^^^^^^^^^^^^^^^^^^^^^^^^^^^^^^^^^^^^^^^^^^^^^^^^[0m
  [90m5 |[0m [36mimport[0m {
  [90m6 |[0m   [33mApiResponse[0m, [33mPageResponse[0m,
  [90m7 |[0m   [33mStaffLoginRequestDTO[0m, [33mAuthResponseDTO[0m, [33mRefreshTokenRequestDTO[0m,



Import traces:
  #1 [Client Component Browser]:
    ./lib/apiClient.ts [Client Component Browser]
    ./app/admin/products/page.tsx [Client Component Browser]
    ./app/admin/products/page.tsx [Server Component]

  #2 [Client Component SSR]:
    ./lib/apiClient.ts [Client Component SSR]
    ./app/admin/products/page.tsx [Client Component SSR]
    ./app/admin/products/page.tsx [Server Component]

  #3 [Client Component Browser]:
    ./lib/apiClient.ts [Client Component Browser]
    ./components/header.tsx [Client Component Browser]
    ./components/header.tsx [Server Component]
    ./app/layout.tsx [Server Component]

  #4 [Client Component SSR]:
    ./lib/apiClient.ts [Client Component SSR]
    ./components/header.tsx [Client Component SSR]
    ./components/header.tsx [Server Component]
    ./app/layout.tsx [Server Component]

https://nextjs.org/docs/messages/module-not-found



./app/admin/products/page.tsx:7:1
Error: Module not found: Can't resolve '@/lib/productCatalog'
  [90m 5 |[0m [36mimport[0m { [33mFaArrowLeft[0m, [33mFaPen[0m, [33mFaMagnifyingGlass[0m, [33mFaTrashCan[0m, [33mFaStar[0m, [33mFaPlus[0m, [33mFaXmark[0m, [33mFaFil...[0m
  [90m 6 |[0m [36mimport[0m { apiClient, formatINR } [36mfrom[0m [32m'@/lib/apiClient'[0m
[31m[1m>[0m [90m 7 |[0m [36mimport[0m { fetchCatalogClient, [36mtype[0m [33mCatalogProduct[0m } [36mfrom[0m [32m'@/lib/productCatalog'[0m
  [90m   |[0m [31m[1m^^^^^^^^^^^^^^^^^^^^^^^^^^^^^^^^^^^^^^^^^^^^^^^^^^^^^^^^^^^^^^^^^^^^^^^^^^^^^^[0m
  [90m 8 |[0m [36mimport[0m { [33mCompanyFilter[0m, [33mCompanyOption[0m } [36mfrom[0m [32m'@/components/admin/company-filter'[0m
  [90m 9 |[0m [36mimport[0m { getAllProductDrafts } [36mfrom[0m [32m'@/lib/draftService'[0m
  [90m10 |[0m

Import map: aliased to relative './lib/productCatalog' inside of [project]/


Import traces:
  Client Component Browser:
    ./app/admin/products/page.tsx [Client Component Browser]
    ./app/admin/products/page.tsx [Server Component]

  Client Component SSR:
    ./app/admin/products/page.tsx [Client Component SSR]
    ./app/admin/products/page.tsx [Server Component]

https://nextjs.org/docs/messages/module-not-found


 GET /admin/products 500 in 110ms (next.js: 45ms, application-code: 64ms)
⨯ ./lib/apiClient.ts:4:1
Error: Module not found: Can't resolve './productCatalogSync'
  [90m2 |[0m [36mimport[0m [33mCookies[0m [36mfrom[0m [32m'js-cookie'[0m
  [90m3 |[0m [36mimport[0m imageCompression [36mfrom[0m [32m'browser-image-compression'[0m
[31m[1m>[0m [90m4 |[0m [36mimport[0m { isProductMutation, notifyProductCatalogChanged } [36mfrom[0m [32m'./productCatalogSync'[0m
  [90m  |[0m [31m[1m^^^^^^^^^^^^^^^^^^^^^^^^^^^^^^^^^^^^^^^^^^^^^^^^^^^^^^^^^^^^^^^^^^^^^^^^^^^^^^^^^^^^^[0m
  [90m5 |[0m [36mimport[0m {
  [90m6 |[0m   [33mApiResponse[0m, [33mPageResponse[0m,
  [90m7 |[0m   [33mStaffLoginRequestDTO[0m, [33mAuthResponseDTO[0m, [33mRefreshTokenRequestDTO[0m,



Import traces:
  #1 [Client Component Browser]:
    ./lib/apiClient.ts [Client Component Browser]
    ./app/admin/products/page.tsx [Client Component Browser]
    ./app/admin/products/page.tsx [Server Component]

  #2 [Client Component SSR]:
    ./lib/apiClient.ts [Client Component SSR]
    ./app/admin/products/page.tsx [Client Component SSR]
    ./app/admin/products/page.tsx [Server Component]

  #3 [Client Component Browser]:
    ./lib/apiClient.ts [Client Component Browser]
    ./components/header.tsx [Client Component Browser]
    ./components/header.tsx [Server Component]
    ./app/layout.tsx [Server Component]

  #4 [Client Component SSR]:
    ./lib/apiClient.ts [Client Component SSR]
    ./components/header.tsx [Client Component SSR]
    ./components/header.tsx [Server Component]
    ./app/layout.tsx [Server Component]

https://nextjs.org/docs/messages/module-not-found



./app/admin/products/page.tsx:7:1
Error: Module not found: Can't resolve '@/lib/productCatalog'
  [90m 5 |[0m [36mimport[0m { [33mFaArrowLeft[0m, [33mFaPen[0m, [33mFaMagnifyingGlass[0m, [33mFaTrashCan[0m, [33mFaStar[0m, [33mFaPlus[0m, [33mFaXmark[0m, [33mFaFil...[0m
  [90m 6 |[0m [36mimport[0m { apiClient, formatINR } [36mfrom[0m [32m'@/lib/apiClient'[0m
[31m[1m>[0m [90m 7 |[0m [36mimport[0m { fetchCatalogClient, [36mtype[0m [33mCatalogProduct[0m } [36mfrom[0m [32m'@/lib/productCatalog'[0m
  [90m   |[0m [31m[1m^^^^^^^^^^^^^^^^^^^^^^^^^^^^^^^^^^^^^^^^^^^^^^^^^^^^^^^^^^^^^^^^^^^^^^^^^^^^^^[0m
  [90m 8 |[0m [36mimport[0m { [33mCompanyFilter[0m, [33mCompanyOption[0m } [36mfrom[0m [32m'@/components/admin/company-filter'[0m
  [90m 9 |[0m [36mimport[0m { getAllProductDrafts } [36mfrom[0m [32m'@/lib/draftService'[0m
  [90m10 |[0m

Import map: aliased to relative './lib/productCatalog' inside of [project]/


Import traces:
  Client Component Browser:
    ./app/admin/products/page.tsx [Client Component Browser]
    ./app/admin/products/page.tsx [Server Component]

  Client Component SSR:
    ./app/admin/products/page.tsx [Client Component SSR]
    ./app/admin/products/page.tsx [Server Component]

https://nextjs.org/docs/messages/module-not-found


 GET /admin/products 500 in 167ms (next.js: 108ms, application-code: 58ms)
⨯ ./lib/apiClient.ts:4:1
Error: Module not found: Can't resolve './productCatalogSync'
  [90m2 |[0m [36mimport[0m [33mCookies[0m [36mfrom[0m [32m'js-cookie'[0m
  [90m3 |[0m [36mimport[0m imageCompression [36mfrom[0m [32m'browser-image-compression'[0m
[31m[1m>[0m [90m4 |[0m [36mimport[0m { isProductMutation, notifyProductCatalogChanged } [36mfrom[0m [32m'./productCatalogSync'[0m
  [90m  |[0m [31m[1m^^^^^^^^^^^^^^^^^^^^^^^^^^^^^^^^^^^^^^^^^^^^^^^^^^^^^^^^^^^^^^^^^^^^^^^^^^^^^^^^^^^^^[0m
  [90m5 |[0m [36mimport[0m {
  [90m6 |[0m   [33mApiResponse[0m, [33mPageResponse[0m,
  [90m7 |[0m   [33mStaffLoginRequestDTO[0m, [33mAuthResponseDTO[0m, [33mRefreshTokenRequestDTO[0m,



Import traces:
  #1 [Client Component Browser]:
    ./lib/apiClient.ts [Client Component Browser]
    ./app/admin/products/page.tsx [Client Component Browser]
    ./app/admin/products/page.tsx [Server Component]

  #2 [Client Component SSR]:
    ./lib/apiClient.ts [Client Component SSR]
    ./app/admin/products/page.tsx [Client Component SSR]
    ./app/admin/products/page.tsx [Server Component]

  #3 [Client Component Browser]:
    ./lib/apiClient.ts [Client Component Browser]
    ./components/header.tsx [Client Component Browser]
    ./components/header.tsx [Server Component]
    ./app/layout.tsx [Server Component]

  #4 [Client Component SSR]:
    ./lib/apiClient.ts [Client Component SSR]
    ./components/header.tsx [Client Component SSR]
    ./components/header.tsx [Server Component]
    ./app/layout.tsx [Server Component]

https://nextjs.org/docs/messages/module-not-found



./app/admin/products/page.tsx:7:1
Error: Module not found: Can't resolve '@/lib/productCatalog'
  [90m 5 |[0m [36mimport[0m { [33mFaArrowLeft[0m, [33mFaPen[0m, [33mFaMagnifyingGlass[0m, [33mFaTrashCan[0m, [33mFaStar[0m, [33mFaPlus[0m, [33mFaXmark[0m, [33mFaFil...[0m
  [90m 6 |[0m [36mimport[0m { apiClient, formatINR } [36mfrom[0m [32m'@/lib/apiClient'[0m
[31m[1m>[0m [90m 7 |[0m [36mimport[0m { fetchCatalogClient, [36mtype[0m [33mCatalogProduct[0m } [36mfrom[0m [32m'@/lib/productCatalog'[0m
  [90m   |[0m [31m[1m^^^^^^^^^^^^^^^^^^^^^^^^^^^^^^^^^^^^^^^^^^^^^^^^^^^^^^^^^^^^^^^^^^^^^^^^^^^^^^[0m
  [90m 8 |[0m [36mimport[0m { [33mCompanyFilter[0m, [33mCompanyOption[0m } [36mfrom[0m [32m'@/components/admin/company-filter'[0m
  [90m 9 |[0m [36mimport[0m { getAllProductDrafts } [36mfrom[0m [32m'@/lib/draftService'[0m
  [90m10 |[0m

Import map: aliased to relative './lib/productCatalog' inside of [project]/


Import traces:
  Client Component Browser:
    ./app/admin/products/page.tsx [Client Component Browser]
    ./app/admin/products/page.tsx [Server Component]

  Client Component SSR:
    ./app/admin/products/page.tsx [Client Component SSR]
    ./app/admin/products/page.tsx [Server Component]

https://nextjs.org/docs/messages/module-not-found


⨯ ./lib/apiClient.ts:4:1
Error: Module not found: Can't resolve './productCatalogSync'
  [90m2 |[0m [36mimport[0m [33mCookies[0m [36mfrom[0m [32m'js-cookie'[0m
  [90m3 |[0m [36mimport[0m imageCompression [36mfrom[0m [32m'browser-image-compression'[0m
[31m[1m>[0m [90m4 |[0m [36mimport[0m { isProductMutation, notifyProductCatalogChanged } [36mfrom[0m [32m'./productCatalogSync'[0m
  [90m  |[0m [31m[1m^^^^^^^^^^^^^^^^^^^^^^^^^^^^^^^^^^^^^^^^^^^^^^^^^^^^^^^^^^^^^^^^^^^^^^^^^^^^^^^^^^^^^[0m
  [90m5 |[0m [36mimport[0m {
  [90m6 |[0m   [33mApiResponse[0m, [33mPageResponse[0m,
  [90m7 |[0m   [33mStaffLoginRequestDTO[0m, [33mAuthResponseDTO[0m, [33mRefreshTokenRequestDTO[0m,



Import traces:
  #1 [Client Component Browser]:
    ./lib/apiClient.ts [Client Component Browser]
    ./app/admin/products/page.tsx [Client Component Browser]
    ./app/admin/products/page.tsx [Server Component]

  #2 [Client Component SSR]:
    ./lib/apiClient.ts [Client Component SSR]
    ./app/admin/products/page.tsx [Client Component SSR]
    ./app/admin/products/page.tsx [Server Component]

  #3 [Client Component Browser]:
    ./lib/apiClient.ts [Client Component Browser]
    ./components/header.tsx [Client Component Browser]
    ./components/header.tsx [Server Component]
    ./app/layout.tsx [Server Component]

  #4 [Client Component SSR]:
    ./lib/apiClient.ts [Client Component SSR]
    ./components/header.tsx [Client Component SSR]
    ./components/header.tsx [Server Component]
    ./app/layout.tsx [Server Component]

https://nextjs.org/docs/messages/module-not-found



./app/admin/products/page.tsx:7:1
Error: Module not found: Can't resolve '@/lib/productCatalog'
  [90m 5 |[0m [36mimport[0m { [33mFaArrowLeft[0m, [33mFaPen[0m, [33mFaMagnifyingGlass[0m, [33mFaTrashCan[0m, [33mFaStar[0m, [33mFaPlus[0m, [33mFaXmark[0m, [33mFaFil...[0m
  [90m 6 |[0m [36mimport[0m { apiClient, formatINR } [36mfrom[0m [32m'@/lib/apiClient'[0m
[31m[1m>[0m [90m 7 |[0m [36mimport[0m { fetchCatalogClient, [36mtype[0m [33mCatalogProduct[0m } [36mfrom[0m [32m'@/lib/productCatalog'[0m
  [90m   |[0m [31m[1m^^^^^^^^^^^^^^^^^^^^^^^^^^^^^^^^^^^^^^^^^^^^^^^^^^^^^^^^^^^^^^^^^^^^^^^^^^^^^^[0m
  [90m 8 |[0m [36mimport[0m { [33mCompanyFilter[0m, [33mCompanyOption[0m } [36mfrom[0m [32m'@/components/admin/company-filter'[0m
  [90m 9 |[0m [36mimport[0m { getAllProductDrafts } [36mfrom[0m [32m'@/lib/draftService'[0m
  [90m10 |[0m

Import map: aliased to relative './lib/productCatalog' inside of [project]/


Import traces:
  Client Component Browser:
    ./app/admin/products/page.tsx [Client Component Browser]
    ./app/admin/products/page.tsx [Server Component]

  Client Component SSR:
    ./app/admin/products/page.tsx [Client Component SSR]
    ./app/admin/products/page.tsx [Server Component]

https://nextjs.org/docs/messages/module-not-found


⨯ ./lib/apiClient.ts:4:1
Error: Module not found: Can't resolve './productCatalogSync'
  [90m2 |[0m [36mimport[0m [33mCookies[0m [36mfrom[0m [32m'js-cookie'[0m
  [90m3 |[0m [36mimport[0m imageCompression [36mfrom[0m [32m'browser-image-compression'[0m
[31m[1m>[0m [90m4 |[0m [36mimport[0m { isProductMutation, notifyProductCatalogChanged } [36mfrom[0m [32m'./productCatalogSync'[0m
  [90m  |[0m [31m[1m^^^^^^^^^^^^^^^^^^^^^^^^^^^^^^^^^^^^^^^^^^^^^^^^^^^^^^^^^^^^^^^^^^^^^^^^^^^^^^^^^^^^^[0m
  [90m5 |[0m [36mimport[0m {
  [90m6 |[0m   [33mApiResponse[0m, [33mPageResponse[0m,
  [90m7 |[0m   [33mStaffLoginRequestDTO[0m, [33mAuthResponseDTO[0m, [33mRefreshTokenRequestDTO[0m,



Import traces:
  #1 [Client Component Browser]:
    ./lib/apiClient.ts [Client Component Browser]
    ./app/admin/products/page.tsx [Client Component Browser]
    ./app/admin/products/page.tsx [Server Component]

  #2 [Client Component SSR]:
    ./lib/apiClient.ts [Client Component SSR]
    ./app/admin/products/page.tsx [Client Component SSR]
    ./app/admin/products/page.tsx [Server Component]

  #3 [Client Component Browser]:
    ./lib/apiClient.ts [Client Component Browser]
    ./components/header.tsx [Client Component Browser]
    ./components/header.tsx [Server Component]
    ./app/layout.tsx [Server Component]

  #4 [Client Component SSR]:
    ./lib/apiClient.ts [Client Component SSR]
    ./components/header.tsx [Client Component SSR]
    ./components/header.tsx [Server Component]
    ./app/layout.tsx [Server Component]

https://nextjs.org/docs/messages/module-not-found



./app/admin/products/page.tsx:7:1
Error: Module not found: Can't resolve '@/lib/productCatalog'
  [90m 5 |[0m [36mimport[0m { [33mFaArrowLeft[0m, [33mFaPen[0m, [33mFaMagnifyingGlass[0m, [33mFaTrashCan[0m, [33mFaStar[0m, [33mFaPlus[0m, [33mFaXmark[0m, [33mFaFil...[0m
  [90m 6 |[0m [36mimport[0m { apiClient, formatINR } [36mfrom[0m [32m'@/lib/apiClient'[0m
[31m[1m>[0m [90m 7 |[0m [36mimport[0m { fetchCatalogClient, [36mtype[0m [33mCatalogProduct[0m } [36mfrom[0m [32m'@/lib/productCatalog'[0m
  [90m   |[0m [31m[1m^^^^^^^^^^^^^^^^^^^^^^^^^^^^^^^^^^^^^^^^^^^^^^^^^^^^^^^^^^^^^^^^^^^^^^^^^^^^^^[0m
  [90m 8 |[0m [36mimport[0m { [33mCompanyFilter[0m, [33mCompanyOption[0m } [36mfrom[0m [32m'@/components/admin/company-filter'[0m
  [90m 9 |[0m [36mimport[0m { getAllProductDrafts } [36mfrom[0m [32m'@/lib/draftService'[0m
  [90m10 |[0m

Import map: aliased to relative './lib/productCatalog' inside of [project]/


Import traces:
  Client Component Browser:
    ./app/admin/products/page.tsx [Client Component Browser]
    ./app/admin/products/page.tsx [Server Component]

  Client Component SSR:
    ./app/admin/products/page.tsx [Client Component SSR]
    ./app/admin/products/page.tsx [Server Component]

https://nextjs.org/docs/messages/module-not-found


⨯ ./lib/apiClient.ts:4:1
Error: Module not found: Can't resolve './productCatalogSync'
  [90m2 |[0m [36mimport[0m [33mCookies[0m [36mfrom[0m [32m'js-cookie'[0m
  [90m3 |[0m [36mimport[0m imageCompression [36mfrom[0m [32m'browser-image-compression'[0m
[31m[1m>[0m [90m4 |[0m [36mimport[0m { isProductMutation, notifyProductCatalogChanged } [36mfrom[0m [32m'./productCatalogSync'[0m
  [90m  |[0m [31m[1m^^^^^^^^^^^^^^^^^^^^^^^^^^^^^^^^^^^^^^^^^^^^^^^^^^^^^^^^^^^^^^^^^^^^^^^^^^^^^^^^^^^^^[0m
  [90m5 |[0m [36mimport[0m {
  [90m6 |[0m   [33mApiResponse[0m, [33mPageResponse[0m,
  [90m7 |[0m   [33mStaffLoginRequestDTO[0m, [33mAuthResponseDTO[0m, [33mRefreshTokenRequestDTO[0m,



Import traces:
  #1 [Client Component Browser]:
    ./lib/apiClient.ts [Client Component Browser]
    ./app/admin/products/page.tsx [Client Component Browser]
    ./app/admin/products/page.tsx [Server Component]

  #2 [Client Component SSR]:
    ./lib/apiClient.ts [Client Component SSR]
    ./app/admin/products/page.tsx [Client Component SSR]
    ./app/admin/products/page.tsx [Server Component]

  #3 [Client Component Browser]:
    ./lib/apiClient.ts [Client Component Browser]
    ./components/header.tsx [Client Component Browser]
    ./components/header.tsx [Server Component]
    ./app/layout.tsx [Server Component]

  #4 [Client Component SSR]:
    ./lib/apiClient.ts [Client Component SSR]
    ./components/header.tsx [Client Component SSR]
    ./components/header.tsx [Server Component]
    ./app/layout.tsx [Server Component]

https://nextjs.org/docs/messages/module-not-found



./app/admin/products/page.tsx:7:1
Error: Module not found: Can't resolve '@/lib/productCatalog'
  [90m 5 |[0m [36mimport[0m { [33mFaArrowLeft[0m, [33mFaPen[0m, [33mFaMagnifyingGlass[0m, [33mFaTrashCan[0m, [33mFaStar[0m, [33mFaPlus[0m, [33mFaXmark[0m, [33mFaFil...[0m
  [90m 6 |[0m [36mimport[0m { apiClient, formatINR } [36mfrom[0m [32m'@/lib/apiClient'[0m
[31m[1m>[0m [90m 7 |[0m [36mimport[0m { fetchCatalogClient, [36mtype[0m [33mCatalogProduct[0m } [36mfrom[0m [32m'@/lib/productCatalog'[0m
  [90m   |[0m [31m[1m^^^^^^^^^^^^^^^^^^^^^^^^^^^^^^^^^^^^^^^^^^^^^^^^^^^^^^^^^^^^^^^^^^^^^^^^^^^^^^[0m
  [90m 8 |[0m [36mimport[0m { [33mCompanyFilter[0m, [33mCompanyOption[0m } [36mfrom[0m [32m'@/components/admin/company-filter'[0m
  [90m 9 |[0m [36mimport[0m { getAllProductDrafts } [36mfrom[0m [32m'@/lib/draftService'[0m
  [90m10 |[0m

Import map: aliased to relative './lib/productCatalog' inside of [project]/


Import traces:
  Client Component Browser:
    ./app/admin/products/page.tsx [Client Component Browser]
    ./app/admin/products/page.tsx [Server Component]

  Client Component SSR:
    ./app/admin/products/page.tsx [Client Component SSR]
    ./app/admin/products/page.tsx [Server Component]

https://nextjs.org/docs/messages/module-not-found


⨯ ./lib/apiClient.ts:4:1
Error: Module not found: Can't resolve './productCatalogSync'
  [90m2 |[0m [36mimport[0m [33mCookies[0m [36mfrom[0m [32m'js-cookie'[0m
  [90m3 |[0m [36mimport[0m imageCompression [36mfrom[0m [32m'browser-image-compression'[0m
[31m[1m>[0m [90m4 |[0m [36mimport[0m { isProductMutation, notifyProductCatalogChanged } [36mfrom[0m [32m'./productCatalogSync'[0m
  [90m  |[0m [31m[1m^^^^^^^^^^^^^^^^^^^^^^^^^^^^^^^^^^^^^^^^^^^^^^^^^^^^^^^^^^^^^^^^^^^^^^^^^^^^^^^^^^^^^[0m
  [90m5 |[0m [36mimport[0m {
  [90m6 |[0m   [33mApiResponse[0m, [33mPageResponse[0m,
  [90m7 |[0m   [33mStaffLoginRequestDTO[0m, [33mAuthResponseDTO[0m, [33mRefreshTokenRequestDTO[0m,



Import traces:
  #1 [Client Component Browser]:
    ./lib/apiClient.ts [Client Component Browser]
    ./app/admin/products/page.tsx [Client Component Browser]
    ./app/admin/products/page.tsx [Server Component]

  #2 [Client Component SSR]:
    ./lib/apiClient.ts [Client Component SSR]
    ./app/admin/products/page.tsx [Client Component SSR]
    ./app/admin/products/page.tsx [Server Component]

  #3 [Client Component Browser]:
    ./lib/apiClient.ts [Client Component Browser]
    ./components/header.tsx [Client Component Browser]
    ./components/header.tsx [Server Component]
    ./app/layout.tsx [Server Component]

  #4 [Client Component SSR]:
    ./lib/apiClient.ts [Client Component SSR]
    ./components/header.tsx [Client Component SSR]
    ./components/header.tsx [Server Component]
    ./app/layout.tsx [Server Component]

https://nextjs.org/docs/messages/module-not-found



./app/admin/products/page.tsx:7:1
Error: Module not found: Can't resolve '@/lib/productCatalog'
  [90m 5 |[0m [36mimport[0m { [33mFaArrowLeft[0m, [33mFaPen[0m, [33mFaMagnifyingGlass[0m, [33mFaTrashCan[0m, [33mFaStar[0m, [33mFaPlus[0m, [33mFaXmark[0m, [33mFaFil...[0m
  [90m 6 |[0m [36mimport[0m { apiClient, formatINR } [36mfrom[0m [32m'@/lib/apiClient'[0m
[31m[1m>[0m [90m 7 |[0m [36mimport[0m { fetchCatalogClient, [36mtype[0m [33mCatalogProduct[0m } [36mfrom[0m [32m'@/lib/productCatalog'[0m
  [90m   |[0m [31m[1m^^^^^^^^^^^^^^^^^^^^^^^^^^^^^^^^^^^^^^^^^^^^^^^^^^^^^^^^^^^^^^^^^^^^^^^^^^^^^^[0m
  [90m 8 |[0m [36mimport[0m { [33mCompanyFilter[0m, [33mCompanyOption[0m } [36mfrom[0m [32m'@/components/admin/company-filter'[0m
  [90m 9 |[0m [36mimport[0m { getAllProductDrafts } [36mfrom[0m [32m'@/lib/draftService'[0m
  [90m10 |[0m

Import map: aliased to relative './lib/productCatalog' inside of [project]/


Import traces:
  Client Component Browser:
    ./app/admin/products/page.tsx [Client Component Browser]
    ./app/admin/products/page.tsx [Server Component]

  Client Component SSR:
    ./app/admin/products/page.tsx [Client Component SSR]
    ./app/admin/products/page.tsx [Server Component]

https://nextjs.org/docs/messages/module-not-found


⨯ ./lib/apiClient.ts:4:1
Error: Module not found: Can't resolve './productCatalogSync'
  [90m2 |[0m [36mimport[0m [33mCookies[0m [36mfrom[0m [32m'js-cookie'[0m
  [90m3 |[0m [36mimport[0m imageCompression [36mfrom[0m [32m'browser-image-compression'[0m
[31m[1m>[0m [90m4 |[0m [36mimport[0m { isProductMutation, notifyProductCatalogChanged } [36mfrom[0m [32m'./productCatalogSync'[0m
  [90m  |[0m [31m[1m^^^^^^^^^^^^^^^^^^^^^^^^^^^^^^^^^^^^^^^^^^^^^^^^^^^^^^^^^^^^^^^^^^^^^^^^^^^^^^^^^^^^^[0m
  [90m5 |[0m [36mimport[0m {
  [90m6 |[0m   [33mApiResponse[0m, [33mPageResponse[0m,
  [90m7 |[0m   [33mStaffLoginRequestDTO[0m, [33mAuthResponseDTO[0m, [33mRefreshTokenRequestDTO[0m,



Import traces:
  #1 [Client Component Browser]:
    ./lib/apiClient.ts [Client Component Browser]
    ./app/admin/products/page.tsx [Client Component Browser]
    ./app/admin/products/page.tsx [Server Component]

  #2 [Client Component SSR]:
    ./lib/apiClient.ts [Client Component SSR]
    ./app/admin/products/page.tsx [Client Component SSR]
    ./app/admin/products/page.tsx [Server Component]

  #3 [Client Component Browser]:
    ./lib/apiClient.ts [Client Component Browser]
    ./components/header.tsx [Client Component Browser]
    ./components/header.tsx [Server Component]
    ./app/layout.tsx [Server Component]

  #4 [Client Component SSR]:
    ./lib/apiClient.ts [Client Component SSR]
    ./components/header.tsx [Client Component SSR]
    ./components/header.tsx [Server Component]
    ./app/layout.tsx [Server Component]

https://nextjs.org/docs/messages/module-not-found



./app/admin/products/page.tsx:7:1
Error: Module not found: Can't resolve '@/lib/productCatalog'
  [90m 5 |[0m [36mimport[0m { [33mFaArrowLeft[0m, [33mFaPen[0m, [33mFaMagnifyingGlass[0m, [33mFaTrashCan[0m, [33mFaStar[0m, [33mFaPlus[0m, [33mFaXmark[0m, [33mFaFil...[0m
  [90m 6 |[0m [36mimport[0m { apiClient, formatINR } [36mfrom[0m [32m'@/lib/apiClient'[0m
[31m[1m>[0m [90m 7 |[0m [36mimport[0m { fetchCatalogClient, [36mtype[0m [33mCatalogProduct[0m } [36mfrom[0m [32m'@/lib/productCatalog'[0m
  [90m   |[0m [31m[1m^^^^^^^^^^^^^^^^^^^^^^^^^^^^^^^^^^^^^^^^^^^^^^^^^^^^^^^^^^^^^^^^^^^^^^^^^^^^^^[0m
  [90m 8 |[0m [36mimport[0m { [33mCompanyFilter[0m, [33mCompanyOption[0m } [36mfrom[0m [32m'@/components/admin/company-filter'[0m
  [90m 9 |[0m [36mimport[0m { getAllProductDrafts } [36mfrom[0m [32m'@/lib/draftService'[0m
  [90m10 |[0m

Import map: aliased to relative './lib/productCatalog' inside of [project]/


Import traces:
  Client Component Browser:
    ./app/admin/products/page.tsx [Client Component Browser]
    ./app/admin/products/page.tsx [Server Component]

  Client Component SSR:
    ./app/admin/products/page.tsx [Client Component SSR]
    ./app/admin/products/page.tsx [Server Component]

https://nextjs.org/docs/messages/module-not-found


 GET /admin/products 500 in 434ms (next.js: 200ms, application-code: 235ms)
 GET /admin/products 500 in 523ms (next.js: 296ms, application-code: 226ms)
 GET /admin/products 500 in 517ms (next.js: 325ms, application-code: 192ms)
 GET /admin/products 500 in 498ms (next.js: 394ms, application-code: 105ms)
 GET /admin/products 500 in 498ms (next.js: 433ms, application-code: 64ms)
 GET /admin/products 500 in 409ms (next.js: 349ms, application-code: 60ms)
⨯ ./lib/apiClient.ts:4:1
Error: Module not found: Can't resolve './productCatalogSync'
  [90m2 |[0m [36mimport[0m [33mCookies[0m [36mfrom[0m [32m'js-cookie'[0m
  [90m3 |[0m [36mimport[0m imageCompression [36mfrom[0m [32m'browser-image-compression'[0m
[31m[1m>[0m [90m4 |[0m [36mimport[0m { isProductMutation, notifyProductCatalogChanged } [36mfrom[0m [32m'./productCatalogSync'[0m
  [90m  |[0m [31m[1m^^^^^^^^^^^^^^^^^^^^^^^^^^^^^^^^^^^^^^^^^^^^^^^^^^^^^^^^^^^^^^^^^^^^^^^^^^^^^^^^^^^^^[0m
  [90m5 |[0m [36mimport[0m {
  [90m6 |[0m   [33mApiResponse[0m, [33mPageResponse[0m,
  [90m7 |[0m   [33mStaffLoginRequestDTO[0m, [33mAuthResponseDTO[0m, [33mRefreshTokenRequestDTO[0m,



Import traces:
  #1 [Client Component Browser]:
    ./lib/apiClient.ts [Client Component Browser]
    ./app/admin/products/page.tsx [Client Component Browser]
    ./app/admin/products/page.tsx [Server Component]

  #2 [Client Component SSR]:
    ./lib/apiClient.ts [Client Component SSR]
    ./app/admin/products/page.tsx [Client Component SSR]
    ./app/admin/products/page.tsx [Server Component]

  #3 [Client Component Browser]:
    ./lib/apiClient.ts [Client Component Browser]
    ./components/header.tsx [Client Component Browser]
    ./components/header.tsx [Server Component]
    ./app/layout.tsx [Server Component]

  #4 [Client Component SSR]:
    ./lib/apiClient.ts [Client Component SSR]
    ./components/header.tsx [Client Component SSR]
    ./components/header.tsx [Server Component]
    ./app/layout.tsx [Server Component]

https://nextjs.org/docs/messages/module-not-found



./app/admin/products/page.tsx:7:1
Error: Module not found: Can't resolve '@/lib/productCatalog'
  [90m 5 |[0m [36mimport[0m { [33mFaArrowLeft[0m, [33mFaPen[0m, [33mFaMagnifyingGlass[0m, [33mFaTrashCan[0m, [33mFaStar[0m, [33mFaPlus[0m, [33mFaXmark[0m, [33mFaFil...[0m
  [90m 6 |[0m [36mimport[0m { apiClient, formatINR } [36mfrom[0m [32m'@/lib/apiClient'[0m
[31m[1m>[0m [90m 7 |[0m [36mimport[0m { fetchCatalogClient, [36mtype[0m [33mCatalogProduct[0m } [36mfrom[0m [32m'@/lib/productCatalog'[0m
  [90m   |[0m [31m[1m^^^^^^^^^^^^^^^^^^^^^^^^^^^^^^^^^^^^^^^^^^^^^^^^^^^^^^^^^^^^^^^^^^^^^^^^^^^^^^[0m
  [90m 8 |[0m [36mimport[0m { [33mCompanyFilter[0m, [33mCompanyOption[0m } [36mfrom[0m [32m'@/components/admin/company-filter'[0m
  [90m 9 |[0m [36mimport[0m { getAllProductDrafts } [36mfrom[0m [32m'@/lib/draftService'[0m
  [90m10 |[0m

Import map: aliased to relative './lib/productCatalog' inside of [project]/


Import traces:
  Client Component Browser:
    ./app/admin/products/page.tsx [Client Component Browser]
    ./app/admin/products/page.tsx [Server Component]

  Client Component SSR:
    ./app/admin/products/page.tsx [Client Component SSR]
    ./app/admin/products/page.tsx [Server Component]

https://nextjs.org/docs/messages/module-not-found


⨯ ./lib/apiClient.ts:4:1
Error: Module not found: Can't resolve './productCatalogSync'
  [90m2 |[0m [36mimport[0m [33mCookies[0m [36mfrom[0m [32m'js-cookie'[0m
  [90m3 |[0m [36mimport[0m imageCompression [36mfrom[0m [32m'browser-image-compression'[0m
[31m[1m>[0m [90m4 |[0m [36mimport[0m { isProductMutation, notifyProductCatalogChanged } [36mfrom[0m [32m'./productCatalogSync'[0m
  [90m  |[0m [31m[1m^^^^^^^^^^^^^^^^^^^^^^^^^^^^^^^^^^^^^^^^^^^^^^^^^^^^^^^^^^^^^^^^^^^^^^^^^^^^^^^^^^^^^[0m
  [90m5 |[0m [36mimport[0m {
  [90m6 |[0m   [33mApiResponse[0m, [33mPageResponse[0m,
  [90m7 |[0m   [33mStaffLoginRequestDTO[0m, [33mAuthResponseDTO[0m, [33mRefreshTokenRequestDTO[0m,



Import traces:
  #1 [Client Component Browser]:
    ./lib/apiClient.ts [Client Component Browser]
    ./app/admin/products/page.tsx [Client Component Browser]
    ./app/admin/products/page.tsx [Server Component]

  #2 [Client Component SSR]:
    ./lib/apiClient.ts [Client Component SSR]
    ./app/admin/products/page.tsx [Client Component SSR]
    ./app/admin/products/page.tsx [Server Component]

  #3 [Client Component Browser]:
    ./lib/apiClient.ts [Client Component Browser]
    ./components/header.tsx [Client Component Browser]
    ./components/header.tsx [Server Component]
    ./app/layout.tsx [Server Component]

  #4 [Client Component SSR]:
    ./lib/apiClient.ts [Client Component SSR]
    ./components/header.tsx [Client Component SSR]
    ./components/header.tsx [Server Component]
    ./app/layout.tsx [Server Component]

https://nextjs.org/docs/messages/module-not-found



./app/admin/products/page.tsx:7:1
Error: Module not found: Can't resolve '@/lib/productCatalog'
  [90m 5 |[0m [36mimport[0m { [33mFaArrowLeft[0m, [33mFaPen[0m, [33mFaMagnifyingGlass[0m, [33mFaTrashCan[0m, [33mFaStar[0m, [33mFaPlus[0m, [33mFaXmark[0m, [33mFaFil...[0m
  [90m 6 |[0m [36mimport[0m { apiClient, formatINR } [36mfrom[0m [32m'@/lib/apiClient'[0m
[31m[1m>[0m [90m 7 |[0m [36mimport[0m { fetchCatalogClient, [36mtype[0m [33mCatalogProduct[0m } [36mfrom[0m [32m'@/lib/productCatalog'[0m
  [90m   |[0m [31m[1m^^^^^^^^^^^^^^^^^^^^^^^^^^^^^^^^^^^^^^^^^^^^^^^^^^^^^^^^^^^^^^^^^^^^^^^^^^^^^^[0m
  [90m 8 |[0m [36mimport[0m { [33mCompanyFilter[0m, [33mCompanyOption[0m } [36mfrom[0m [32m'@/components/admin/company-filter'[0m
  [90m 9 |[0m [36mimport[0m { getAllProductDrafts } [36mfrom[0m [32m'@/lib/draftService'[0m
  [90m10 |[0m

Import map: aliased to relative './lib/productCatalog' inside of [project]/


Import traces:
  Client Component Browser:
    ./app/admin/products/page.tsx [Client Component Browser]
    ./app/admin/products/page.tsx [Server Component]

  Client Component SSR:
    ./app/admin/products/page.tsx [Client Component SSR]
    ./app/admin/products/page.tsx [Server Component]

https://nextjs.org/docs/messages/module-not-found


⨯ ./lib/apiClient.ts:4:1
Error: Module not found: Can't resolve './productCatalogSync'
  [90m2 |[0m [36mimport[0m [33mCookies[0m [36mfrom[0m [32m'js-cookie'[0m
  [90m3 |[0m [36mimport[0m imageCompression [36mfrom[0m [32m'browser-image-compression'[0m
[31m[1m>[0m [90m4 |[0m [36mimport[0m { isProductMutation, notifyProductCatalogChanged } [36mfrom[0m [32m'./productCatalogSync'[0m
  [90m  |[0m [31m[1m^^^^^^^^^^^^^^^^^^^^^^^^^^^^^^^^^^^^^^^^^^^^^^^^^^^^^^^^^^^^^^^^^^^^^^^^^^^^^^^^^^^^^[0m
  [90m5 |[0m [36mimport[0m {
  [90m6 |[0m   [33mApiResponse[0m, [33mPageResponse[0m,
  [90m7 |[0m   [33mStaffLoginRequestDTO[0m, [33mAuthResponseDTO[0m, [33mRefreshTokenRequestDTO[0m,



Import traces:
  #1 [Client Component Browser]:
    ./lib/apiClient.ts [Client Component Browser]
    ./app/admin/products/page.tsx [Client Component Browser]
    ./app/admin/products/page.tsx [Server Component]

  #2 [Client Component SSR]:
    ./lib/apiClient.ts [Client Component SSR]
    ./app/admin/products/page.tsx [Client Component SSR]
    ./app/admin/products/page.tsx [Server Component]

  #3 [Client Component Browser]:
    ./lib/apiClient.ts [Client Component Browser]
    ./components/header.tsx [Client Component Browser]
    ./components/header.tsx [Server Component]
    ./app/layout.tsx [Server Component]

  #4 [Client Component SSR]:
    ./lib/apiClient.ts [Client Component SSR]
    ./components/header.tsx [Client Component SSR]
    ./components/header.tsx [Server Component]
    ./app/layout.tsx [Server Component]

https://nextjs.org/docs/messages/module-not-found



./app/admin/products/page.tsx:7:1
Error: Module not found: Can't resolve '@/lib/productCatalog'
  [90m 5 |[0m [36mimport[0m { [33mFaArrowLeft[0m, [33mFaPen[0m, [33mFaMagnifyingGlass[0m, [33mFaTrashCan[0m, [33mFaStar[0m, [33mFaPlus[0m, [33mFaXmark[0m, [33mFaFil...[0m
  [90m 6 |[0m [36mimport[0m { apiClient, formatINR } [36mfrom[0m [32m'@/lib/apiClient'[0m
[31m[1m>[0m [90m 7 |[0m [36mimport[0m { fetchCatalogClient, [36mtype[0m [33mCatalogProduct[0m } [36mfrom[0m [32m'@/lib/productCatalog'[0m
  [90m   |[0m [31m[1m^^^^^^^^^^^^^^^^^^^^^^^^^^^^^^^^^^^^^^^^^^^^^^^^^^^^^^^^^^^^^^^^^^^^^^^^^^^^^^[0m
  [90m 8 |[0m [36mimport[0m { [33mCompanyFilter[0m, [33mCompanyOption[0m } [36mfrom[0m [32m'@/components/admin/company-filter'[0m
  [90m 9 |[0m [36mimport[0m { getAllProductDrafts } [36mfrom[0m [32m'@/lib/draftService'[0m
  [90m10 |[0m

Import map: aliased to relative './lib/productCatalog' inside of [project]/


Import traces:
  Client Component Browser:
    ./app/admin/products/page.tsx [Client Component Browser]
    ./app/admin/products/page.tsx [Server Component]

  Client Component SSR:
    ./app/admin/products/page.tsx [Client Component SSR]
    ./app/admin/products/page.tsx [Server Component]

https://nextjs.org/docs/messages/module-not-found


⨯ ./lib/apiClient.ts:4:1
Error: Module not found: Can't resolve './productCatalogSync'
  [90m2 |[0m [36mimport[0m [33mCookies[0m [36mfrom[0m [32m'js-cookie'[0m
  [90m3 |[0m [36mimport[0m imageCompression [36mfrom[0m [32m'browser-image-compression'[0m
[31m[1m>[0m [90m4 |[0m [36mimport[0m { isProductMutation, notifyProductCatalogChanged } [36mfrom[0m [32m'./productCatalogSync'[0m
  [90m  |[0m [31m[1m^^^^^^^^^^^^^^^^^^^^^^^^^^^^^^^^^^^^^^^^^^^^^^^^^^^^^^^^^^^^^^^^^^^^^^^^^^^^^^^^^^^^^[0m
  [90m5 |[0m [36mimport[0m {
  [90m6 |[0m   [33mApiResponse[0m, [33mPageResponse[0m,
  [90m7 |[0m   [33mStaffLoginRequestDTO[0m, [33mAuthResponseDTO[0m, [33mRefreshTokenRequestDTO[0m,



Import traces:
  #1 [Client Component Browser]:
    ./lib/apiClient.ts [Client Component Browser]
    ./app/admin/products/page.tsx [Client Component Browser]
    ./app/admin/products/page.tsx [Server Component]

  #2 [Client Component SSR]:
    ./lib/apiClient.ts [Client Component SSR]
    ./app/admin/products/page.tsx [Client Component SSR]
    ./app/admin/products/page.tsx [Server Component]

  #3 [Client Component Browser]:
    ./lib/apiClient.ts [Client Component Browser]
    ./components/header.tsx [Client Component Browser]
    ./components/header.tsx [Server Component]
    ./app/layout.tsx [Server Component]

  #4 [Client Component SSR]:
    ./lib/apiClient.ts [Client Component SSR]
    ./components/header.tsx [Client Component SSR]
    ./components/header.tsx [Server Component]
    ./app/layout.tsx [Server Component]

https://nextjs.org/docs/messages/module-not-found



./app/admin/products/page.tsx:7:1
Error: Module not found: Can't resolve '@/lib/productCatalog'
  [90m 5 |[0m [36mimport[0m { [33mFaArrowLeft[0m, [33mFaPen[0m, [33mFaMagnifyingGlass[0m, [33mFaTrashCan[0m, [33mFaStar[0m, [33mFaPlus[0m, [33mFaXmark[0m, [33mFaFil...[0m
  [90m 6 |[0m [36mimport[0m { apiClient, formatINR } [36mfrom[0m [32m'@/lib/apiClient'[0m
[31m[1m>[0m [90m 7 |[0m [36mimport[0m { fetchCatalogClient, [36mtype[0m [33mCatalogProduct[0m } [36mfrom[0m [32m'@/lib/productCatalog'[0m
  [90m   |[0m [31m[1m^^^^^^^^^^^^^^^^^^^^^^^^^^^^^^^^^^^^^^^^^^^^^^^^^^^^^^^^^^^^^^^^^^^^^^^^^^^^^^[0m
  [90m 8 |[0m [36mimport[0m { [33mCompanyFilter[0m, [33mCompanyOption[0m } [36mfrom[0m [32m'@/components/admin/company-filter'[0m
  [90m 9 |[0m [36mimport[0m { getAllProductDrafts } [36mfrom[0m [32m'@/lib/draftService'[0m
  [90m10 |[0m

Import map: aliased to relative './lib/productCatalog' inside of [project]/


Import traces:
  Client Component Browser:
    ./app/admin/products/page.tsx [Client Component Browser]
    ./app/admin/products/page.tsx [Server Component]

  Client Component SSR:
    ./app/admin/products/page.tsx [Client Component SSR]
    ./app/admin/products/page.tsx [Server Component]

https://nextjs.org/docs/messages/module-not-found


⨯ ./lib/apiClient.ts:4:1
Error: Module not found: Can't resolve './productCatalogSync'
  [90m2 |[0m [36mimport[0m [33mCookies[0m [36mfrom[0m [32m'js-cookie'[0m
  [90m3 |[0m [36mimport[0m imageCompression [36mfrom[0m [32m'browser-image-compression'[0m
[31m[1m>[0m [90m4 |[0m [36mimport[0m { isProductMutation, notifyProductCatalogChanged } [36mfrom[0m [32m'./productCatalogSync'[0m
  [90m  |[0m [31m[1m^^^^^^^^^^^^^^^^^^^^^^^^^^^^^^^^^^^^^^^^^^^^^^^^^^^^^^^^^^^^^^^^^^^^^^^^^^^^^^^^^^^^^[0m
  [90m5 |[0m [36mimport[0m {
  [90m6 |[0m   [33mApiResponse[0m, [33mPageResponse[0m,
  [90m7 |[0m   [33mStaffLoginRequestDTO[0m, [33mAuthResponseDTO[0m, [33mRefreshTokenRequestDTO[0m,



Import traces:
  #1 [Client Component Browser]:
    ./lib/apiClient.ts [Client Component Browser]
    ./app/admin/products/page.tsx [Client Component Browser]
    ./app/admin/products/page.tsx [Server Component]

  #2 [Client Component SSR]:
    ./lib/apiClient.ts [Client Component SSR]
    ./app/admin/products/page.tsx [Client Component SSR]
    ./app/admin/products/page.tsx [Server Component]

  #3 [Client Component Browser]:
    ./lib/apiClient.ts [Client Component Browser]
    ./components/header.tsx [Client Component Browser]
    ./components/header.tsx [Server Component]
    ./app/layout.tsx [Server Component]

  #4 [Client Component SSR]:
    ./lib/apiClient.ts [Client Component SSR]
    ./components/header.tsx [Client Component SSR]
    ./components/header.tsx [Server Component]
    ./app/layout.tsx [Server Component]

https://nextjs.org/docs/messages/module-not-found



./app/admin/products/page.tsx:7:1
Error: Module not found: Can't resolve '@/lib/productCatalog'
  [90m 5 |[0m [36mimport[0m { [33mFaArrowLeft[0m, [33mFaPen[0m, [33mFaMagnifyingGlass[0m, [33mFaTrashCan[0m, [33mFaStar[0m, [33mFaPlus[0m, [33mFaXmark[0m, [33mFaFil...[0m
  [90m 6 |[0m [36mimport[0m { apiClient, formatINR } [36mfrom[0m [32m'@/lib/apiClient'[0m
[31m[1m>[0m [90m 7 |[0m [36mimport[0m { fetchCatalogClient, [36mtype[0m [33mCatalogProduct[0m } [36mfrom[0m [32m'@/lib/productCatalog'[0m
  [90m   |[0m [31m[1m^^^^^^^^^^^^^^^^^^^^^^^^^^^^^^^^^^^^^^^^^^^^^^^^^^^^^^^^^^^^^^^^^^^^^^^^^^^^^^[0m
  [90m 8 |[0m [36mimport[0m { [33mCompanyFilter[0m, [33mCompanyOption[0m } [36mfrom[0m [32m'@/components/admin/company-filter'[0m
  [90m 9 |[0m [36mimport[0m { getAllProductDrafts } [36mfrom[0m [32m'@/lib/draftService'[0m
  [90m10 |[0m

Import map: aliased to relative './lib/productCatalog' inside of [project]/


Import traces:
  Client Component Browser:
    ./app/admin/products/page.tsx [Client Component Browser]
    ./app/admin/products/page.tsx [Server Component]

  Client Component SSR:
    ./app/admin/products/page.tsx [Client Component SSR]
    ./app/admin/products/page.tsx [Server Component]

https://nextjs.org/docs/messages/module-not-found


 GET /admin/products 500 in 267ms (next.js: 135ms, application-code: 132ms)
⨯ ./lib/apiClient.ts:4:1
Error: Module not found: Can't resolve './productCatalogSync'
  [90m2 |[0m [36mimport[0m [33mCookies[0m [36mfrom[0m [32m'js-cookie'[0m
  [90m3 |[0m [36mimport[0m imageCompression [36mfrom[0m [32m'browser-image-compression'[0m
[31m[1m>[0m [90m4 |[0m [36mimport[0m { isProductMutation, notifyProductCatalogChanged } [36mfrom[0m [32m'./productCatalogSync'[0m
  [90m  |[0m [31m[1m^^^^^^^^^^^^^^^^^^^^^^^^^^^^^^^^^^^^^^^^^^^^^^^^^^^^^^^^^^^^^^^^^^^^^^^^^^^^^^^^^^^^^[0m
  [90m5 |[0m [36mimport[0m {
  [90m6 |[0m   [33mApiResponse[0m, [33mPageResponse[0m,
  [90m7 |[0m   [33mStaffLoginRequestDTO[0m, [33mAuthResponseDTO[0m, [33mRefreshTokenRequestDTO[0m,



Import traces:
  #1 [Client Component Browser]:
    ./lib/apiClient.ts [Client Component Browser]
    ./app/admin/products/page.tsx [Client Component Browser]
    ./app/admin/products/page.tsx [Server Component]

  #2 [Client Component SSR]:
    ./lib/apiClient.ts [Client Component SSR]
    ./app/admin/products/page.tsx [Client Component SSR]
    ./app/admin/products/page.tsx [Server Component]

  #3 [Client Component Browser]:
    ./lib/apiClient.ts [Client Component Browser]
    ./components/header.tsx [Client Component Browser]
    ./components/header.tsx [Server Component]
    ./app/layout.tsx [Server Component]

  #4 [Client Component SSR]:
    ./lib/apiClient.ts [Client Component SSR]
    ./components/header.tsx [Client Component SSR]
    ./components/header.tsx [Server Component]
    ./app/layout.tsx [Server Component]

https://nextjs.org/docs/messages/module-not-found



./app/admin/products/page.tsx:7:1
Error: Module not found: Can't resolve '@/lib/productCatalog'
  [90m 5 |[0m [36mimport[0m { [33mFaArrowLeft[0m, [33mFaPen[0m, [33mFaMagnifyingGlass[0m, [33mFaTrashCan[0m, [33mFaStar[0m, [33mFaPlus[0m, [33mFaXmark[0m, [33mFaFil...[0m
  [90m 6 |[0m [36mimport[0m { apiClient, formatINR } [36mfrom[0m [32m'@/lib/apiClient'[0m
[31m[1m>[0m [90m 7 |[0m [36mimport[0m { fetchCatalogClient, [36mtype[0m [33mCatalogProduct[0m } [36mfrom[0m [32m'@/lib/productCatalog'[0m
  [90m   |[0m [31m[1m^^^^^^^^^^^^^^^^^^^^^^^^^^^^^^^^^^^^^^^^^^^^^^^^^^^^^^^^^^^^^^^^^^^^^^^^^^^^^^[0m
  [90m 8 |[0m [36mimport[0m { [33mCompanyFilter[0m, [33mCompanyOption[0m } [36mfrom[0m [32m'@/components/admin/company-filter'[0m
  [90m 9 |[0m [36mimport[0m { getAllProductDrafts } [36mfrom[0m [32m'@/lib/draftService'[0m
  [90m10 |[0m

Import map: aliased to relative './lib/productCatalog' inside of [project]/


Import traces:
  Client Component Browser:
    ./app/admin/products/page.tsx [Client Component Browser]
    ./app/admin/products/page.tsx [Server Component]

  Client Component SSR:
    ./app/admin/products/page.tsx [Client Component SSR]
    ./app/admin/products/page.tsx [Server Component]

https://nextjs.org/docs/messages/module-not-found


 GET /admin/products 500 in 412ms (next.js: 302ms, application-code: 110ms)
 GET /admin/products 500 in 417ms (next.js: 260ms, application-code: 157ms)
[browser] Uncaught Error: ./lib/apiClient.ts:4:1
Error: Module not found: Can't resolve './productCatalogSync'
  2 | import Cookies from 'js-cookie'
  3 | import imageCompression from 'browser-image-compression'
> 4 | import { isProductMutation, notifyProductCatalogChanged } from './productCatalogSync'
    | ^^^^^^^^^^^^^^^^^^^^^^^^^^^^^^^^^^^^^^^^^^^^^^^^^^^^^^^^^^^^^^^^^^^^^^^^^^^^^^^^^^^^^
  5 | import {
  6 |   ApiResponse, PageResponse,
  7 |   StaffLoginRequestDTO, AuthResponseDTO, RefreshTokenRequestDTO,



Import traces:
  #1 [Server Component]:
    ./lib/apiClient.ts
    ./app/shop/page.tsx

  #2 [Client Component Browser]:
    ./lib/apiClient.ts [Client Component Browser]
    ./components/header.tsx [Client Component Browser]
    ./components/header.tsx [Server Component]
    ./app/layout.tsx [Server Component]

  #3 [Client Component Browser]:
    ./lib/apiClient.ts [Client Component Browser]
    ./components/shop/filter-sidebar.tsx [Client Component Browser]
    ./components/shop/filter-sidebar.tsx [Server Component]
    ./app/shop/page.tsx [Server Component]

  #4 [Client Component SSR]:
    ./lib/apiClient.ts [Client Component SSR]
    ./components/header.tsx [Client Component SSR]
    ./components/header.tsx [Server Component]
    ./app/layout.tsx [Server Component]

  #5 [Client Component SSR]:
    ./lib/apiClient.ts [Client Component SSR]
    ./components/shop/filter-sidebar.tsx [Client Component SSR]
    ./components/shop/filter-sidebar.tsx [Server Component]
    ./app/shop/page.tsx [Server Component]

https://nextjs.org/docs/messages/module-not-found


    at <unknown> (Error: ./lib/apiClient.ts:4:1)
    at <unknown> (https://nextjs.org/docs/messages/module-not-found)
    at <unknown> (Error: (./lib/apiClient.ts:4:1)
    at <unknown> (https://nextjs.org/docs/messages/module-not-found)
[browser] ./lib/apiClient.ts:4:1
Error: Module not found: Can't resolve './productCatalogSync'
  2 | import Cookies from 'js-cookie'
  3 | import imageCompression from 'browser-image-compression'
> 4 | import { isProductMutation, notifyProductCatalogChanged } from './productCatalogSync'
    | ^^^^^^^^^^^^^^^^^^^^^^^^^^^^^^^^^^^^^^^^^^^^^^^^^^^^^^^^^^^^^^^^^^^^^^^^^^^^^^^^^^^^^
  5 | import {
  6 |   ApiResponse, PageResponse,
  7 |   StaffLoginRequestDTO, AuthResponseDTO, RefreshTokenRequestDTO,

Import traces:
  #1 [Server Component]:
    ./lib/apiClient.ts
    ./app/shop/page.tsx

  #2 [Client Component Browser]:
    ./lib/apiClient.ts [Client Component Browser]
    ./components/header.tsx [Client Component Browser]
    ./components/header.tsx [Server Component]
    ./app/layout.tsx [Server Component]

  #3 [Client Component Browser]:
    ./lib/apiClient.ts [Client Component Browser]
    ./components/shop/filter-sidebar.tsx [Client Component Browser]
    ./components/shop/filter-sidebar.tsx [Server Component]
    ./app/shop/page.tsx [Server Component]

  #4 [Client Component SSR]:
    ./lib/apiClient.ts [Client Component SSR]
    ./components/header.tsx [Client Component SSR]
    ./components/header.tsx [Server Component]
    ./app/layout.tsx [Server Component]

  #5 [Client Component SSR]:
    ./lib/apiClient.ts [Client Component SSR]
    ./components/shop/filter-sidebar.tsx [Client Component SSR]
    ./components/shop/filter-sidebar.tsx [Server Component]
    ./app/shop/page.tsx [Server Component]

https://nextjs.org/docs/messages/module-not-found 
[browser] ./app/shop/page.tsx:9:1
Error: Module not found: Can't resolve '@/lib/productCatalog'
   7 | import { ProductGridSkeleton } from '@/components/shop/product-grid-skeleton'
   8 | import { serverFetch } from '@/lib/apiClient'
>  9 | import {
     | ^^^^^^^
> 10 |   fetchCatalogServer,
     | ^^^^^^^^^^^^^^^^^^^^^
> 11 |   fetchProductDetailsServer,
     | ^^^^^^^^^^^^^^^^^^^^^^^^^^^^
> 12 |   fetchSearchServer,
     | ^^^^^^^^^^^^^^^^^^^^
> 13 |   filterCatalog,
     | ^^^^^^^^^^^^^^^^
> 14 |   findBrand,
     | ^^^^^^^^^^^^
> 15 |   findCategory,
     | ^^^^^^^^^^^^^^^
> 16 |   type CatalogProduct,
     | ^^^^^^^^^^^^^^^^^^^^^^
> 17 | } from '@/lib/productCatalog'
     | ^^^^^^^^^^^^^^^^^^^^^^^^^^^^^
  18 | import type { PageResponse, BrandResponseDTO, CategoryResponseDTO } from '@/lib/types'
  19 |
  20 | export const metadata: Metadata = {

Import map: aliased to relative './lib/productCatalog' inside of [project]/

https://nextjs.org/docs/messages/module-not-found 
[browser] ./lib/apiClient.ts:4:1
Error: Module not found: Can't resolve './productCatalogSync'
  2 | import Cookies from 'js-cookie'
  3 | import imageCompression from 'browser-image-compression'
> 4 | import { isProductMutation, notifyProductCatalogChanged } from './productCatalogSync'
    | ^^^^^^^^^^^^^^^^^^^^^^^^^^^^^^^^^^^^^^^^^^^^^^^^^^^^^^^^^^^^^^^^^^^^^^^^^^^^^^^^^^^^^
  5 | import {
  6 |   ApiResponse, PageResponse,
  7 |   StaffLoginRequestDTO, AuthResponseDTO, RefreshTokenRequestDTO,

Import traces:
  #1 [Client Component Browser]:
    ./lib/apiClient.ts [Client Component Browser]
    ./app/admin/products/page.tsx [Client Component Browser]
    ./app/admin/products/page.tsx [Server Component]

  #2 [Client Component SSR]:
    ./lib/apiClient.ts [Client Component SSR]
    ./app/admin/products/page.tsx [Client Component SSR]
    ./app/admin/products/page.tsx [Server Component]

  #3 [Client Component Browser]:
    ./lib/apiClient.ts [Client Component Browser]
    ./components/header.tsx [Client Component Browser]
    ./components/header.tsx [Server Component]
    ./app/layout.tsx [Server Component]

  #4 [Client Component SSR]:
    ./lib/apiClient.ts [Client Component SSR]
    ./components/header.tsx [Client Component SSR]
    ./components/header.tsx [Server Component]
    ./app/layout.tsx [Server Component]

https://nextjs.org/docs/messages/module-not-found 
[browser] ./app/admin/products/page.tsx:7:1
Error: Module not found: Can't resolve '@/lib/productCatalog'
   5 | import { FaArrowLeft, FaPen, FaMagnifyingGlass, FaTrashCan, FaStar, FaPlus, FaXmark, FaFil...
   6 | import { apiClient, formatINR } from '@/lib/apiClient'
>  7 | import { fetchCatalogClient, type CatalogProduct } from '@/lib/productCatalog'
     | ^^^^^^^^^^^^^^^^^^^^^^^^^^^^^^^^^^^^^^^^^^^^^^^^^^^^^^^^^^^^^^^^^^^^^^^^^^^^^^
   8 | import { CompanyFilter, CompanyOption } from '@/components/admin/company-filter'
   9 | import { getAllProductDrafts } from '@/lib/draftService'
  10 |

Import map: aliased to relative './lib/productCatalog' inside of [project]/

Import traces:
  Client Component Browser:
    ./app/admin/products/page.tsx [Client Component Browser]
    ./app/admin/products/page.tsx [Server Component]

  Client Component SSR:
    ./app/admin/products/page.tsx [Client Component SSR]
    ./app/admin/products/page.tsx [Server Component]

https://nextjs.org/docs/messages/module-not-found 
[browser] ./lib/apiClient.ts:4:1
Error: Module not found: Can't resolve './productCatalogSync'
  2 | import Cookies from 'js-cookie'
  3 | import imageCompression from 'browser-image-compression'
> 4 | import { isProductMutation, notifyProductCatalogChanged } from './productCatalogSync'
    | ^^^^^^^^^^^^^^^^^^^^^^^^^^^^^^^^^^^^^^^^^^^^^^^^^^^^^^^^^^^^^^^^^^^^^^^^^^^^^^^^^^^^^
  5 | import {
  6 |   ApiResponse, PageResponse,
  7 |   StaffLoginRequestDTO, AuthResponseDTO, RefreshTokenRequestDTO,

Import traces:
  Client Component Browser:
    ./lib/apiClient.ts [Client Component Browser]
    ./components/header.tsx [Client Component Browser]
    ./components/header.tsx [Server Component]
    ./app/layout.tsx [Server Component]

  Client Component SSR:
    ./lib/apiClient.ts [Client Component SSR]
    ./components/header.tsx [Client Component SSR]
    ./components/header.tsx [Server Component]
    ./app/layout.tsx [Server Component]

https://nextjs.org/docs/messages/module-not-found 
[browser] ./lib/apiClient.ts:4:1
Error: Module not found: Can't resolve './productCatalogSync'
  2 | import Cookies from 'js-cookie'
  3 | import imageCompression from 'browser-image-compression'
> 4 | import { isProductMutation, notifyProductCatalogChanged } from './productCatalogSync'
    | ^^^^^^^^^^^^^^^^^^^^^^^^^^^^^^^^^^^^^^^^^^^^^^^^^^^^^^^^^^^^^^^^^^^^^^^^^^^^^^^^^^^^^
  5 | import {
  6 |   ApiResponse, PageResponse,
  7 |   StaffLoginRequestDTO, AuthResponseDTO, RefreshTokenRequestDTO,

Import traces:
  #1 [Client Component Browser]:
    ./lib/apiClient.ts [Client Component Browser]
    ./app/admin/page.tsx [Client Component Browser]
    ./app/admin/page.tsx [Server Component]

  #2 [Client Component SSR]:
    ./lib/apiClient.ts [Client Component SSR]
    ./app/admin/page.tsx [Client Component SSR]
    ./app/admin/page.tsx [Server Component]

  #3 [Client Component Browser]:
    ./lib/apiClient.ts [Client Component Browser]
    ./components/header.tsx [Client Component Browser]
    ./components/header.tsx [Server Component]
    ./app/layout.tsx [Server Component]

  #4 [Client Component SSR]:
    ./lib/apiClient.ts [Client Component SSR]
    ./components/header.tsx [Client Component SSR]
    ./components/header.tsx [Server Component]
    ./app/layout.tsx [Server Component]

https://nextjs.org/docs/messages/module-not-found 
[browser] ./lib/apiClient.ts:4:1
Error: Module not found: Can't resolve './productCatalogSync'
  2 | import Cookies from 'js-cookie'
  3 | import imageCompression from 'browser-image-compression'
> 4 | import { isProductMutation, notifyProductCatalogChanged } from './productCatalogSync'
    | ^^^^^^^^^^^^^^^^^^^^^^^^^^^^^^^^^^^^^^^^^^^^^^^^^^^^^^^^^^^^^^^^^^^^^^^^^^^^^^^^^^^^^
  5 | import {
  6 |   ApiResponse, PageResponse,
  7 |   StaffLoginRequestDTO, AuthResponseDTO, RefreshTokenRequestDTO,

Import traces:
  #1 [Server Component]:
    ./lib/apiClient.ts
    ./app/shop/page.tsx

  #2 [Client Component Browser]:
    ./lib/apiClient.ts [Client Component Browser]
    ./components/header.tsx [Client Component Browser]
    ./components/header.tsx [Server Component]
    ./app/layout.tsx [Server Component]

  #3 [Client Component Browser]:
    ./lib/apiClient.ts [Client Component Browser]
    ./components/shop/filter-sidebar.tsx [Client Component Browser]
    ./components/shop/filter-sidebar.tsx [Server Component]
    ./app/shop/page.tsx [Server Component]

  #4 [Client Component SSR]:
    ./lib/apiClient.ts [Client Component SSR]
    ./components/header.tsx [Client Component SSR]
    ./components/header.tsx [Server Component]
    ./app/layout.tsx [Server Component]

  #5 [Client Component SSR]:
    ./lib/apiClient.ts [Client Component SSR]
    ./components/shop/filter-sidebar.tsx [Client Component SSR]
    ./components/shop/filter-sidebar.tsx [Server Component]
    ./app/shop/page.tsx [Server Component]

https://nextjs.org/docs/messages/module-not-found 
[browser] ./app/shop/page.tsx:9:1
Error: Module not found: Can't resolve '@/lib/productCatalog'
   7 | import { ProductGridSkeleton } from '@/components/shop/product-grid-skeleton'
   8 | import { serverFetch } from '@/lib/apiClient'
>  9 | import {
     | ^^^^^^^
> 10 |   fetchCatalogServer,
     | ^^^^^^^^^^^^^^^^^^^^^
> 11 |   fetchProductDetailsServer,
     | ^^^^^^^^^^^^^^^^^^^^^^^^^^^^
> 12 |   fetchSearchServer,
     | ^^^^^^^^^^^^^^^^^^^^
> 13 |   filterCatalog,
     | ^^^^^^^^^^^^^^^^
> 14 |   findBrand,
     | ^^^^^^^^^^^^
> 15 |   findCategory,
     | ^^^^^^^^^^^^^^^
> 16 |   type CatalogProduct,
     | ^^^^^^^^^^^^^^^^^^^^^^
> 17 | } from '@/lib/productCatalog'
     | ^^^^^^^^^^^^^^^^^^^^^^^^^^^^^
  18 | import type { PageResponse, BrandResponseDTO, CategoryResponseDTO } from '@/lib/types'
  19 |
  20 | export const metadata: Metadata = {

Import map: aliased to relative './lib/productCatalog' inside of [project]/

https://nextjs.org/docs/messages/module-not-found 
[browser] ./app/admin/products/page.tsx:7:1
Error: Module not found: Can't resolve '@/lib/productCatalog'
   5 | import { FaArrowLeft, FaPen, FaMagnifyingGlass, FaTrashCan, FaStar, FaPlus, FaXmark, FaFil...
   6 | import { apiClient, formatINR } from '@/lib/apiClient'
>  7 | import { fetchCatalogClient, type CatalogProduct } from '@/lib/productCatalog'
     | ^^^^^^^^^^^^^^^^^^^^^^^^^^^^^^^^^^^^^^^^^^^^^^^^^^^^^^^^^^^^^^^^^^^^^^^^^^^^^^
   8 | import { CompanyFilter, CompanyOption } from '@/components/admin/company-filter'
   9 | import { getAllProductDrafts } from '@/lib/draftService'
  10 |

Import map: aliased to relative './lib/productCatalog' inside of [project]/

Import traces:
  Client Component Browser:
    ./app/admin/products/page.tsx [Client Component Browser]
    ./app/admin/products/page.tsx [Server Component]

  Client Component SSR:
    ./app/admin/products/page.tsx [Client Component SSR]
    ./app/admin/products/page.tsx [Server Component]

https://nextjs.org/docs/messages/module-not-found 
[browser] ./lib/apiClient.ts:4:1
Error: Module not found: Can't resolve './productCatalogSync'
  2 | import Cookies from 'js-cookie'
  3 | import imageCompression from 'browser-image-compression'
> 4 | import { isProductMutation, notifyProductCatalogChanged } from './productCatalogSync'
    | ^^^^^^^^^^^^^^^^^^^^^^^^^^^^^^^^^^^^^^^^^^^^^^^^^^^^^^^^^^^^^^^^^^^^^^^^^^^^^^^^^^^^^
  5 | import {
  6 |   ApiResponse, PageResponse,
  7 |   StaffLoginRequestDTO, AuthResponseDTO, RefreshTokenRequestDTO,

Import traces:
  #1 [Server Component]:
    ./lib/apiClient.ts
    ./app/shop/page.tsx

  #2 [Client Component Browser]:
    ./lib/apiClient.ts [Client Component Browser]
    ./components/header.tsx [Client Component Browser]
    ./components/header.tsx [Server Component]
    ./app/layout.tsx [Server Component]

  #3 [Client Component Browser]:
    ./lib/apiClient.ts [Client Component Browser]
    ./components/shop/filter-sidebar.tsx [Client Component Browser]
    ./components/shop/filter-sidebar.tsx [Server Component]
    ./app/shop/page.tsx [Server Component]

  #4 [Client Component SSR]:
    ./lib/apiClient.ts [Client Component SSR]
    ./components/header.tsx [Client Component SSR]
    ./components/header.tsx [Server Component]
    ./app/layout.tsx [Server Component]

  #5 [Client Component SSR]:
    ./lib/apiClient.ts [Client Component SSR]
    ./components/shop/filter-sidebar.tsx [Client Component SSR]
    ./components/shop/filter-sidebar.tsx [Server Component]
    ./app/shop/page.tsx [Server Component]

https://nextjs.org/docs/messages/module-not-found 
[browser] ./app/shop/page.tsx:9:1
Error: Module not found: Can't resolve '@/lib/productCatalog'
   7 | import { ProductGridSkeleton } from '@/components/shop/product-grid-skeleton'
   8 | import { serverFetch } from '@/lib/apiClient'
>  9 | import {
     | ^^^^^^^
> 10 |   fetchCatalogServer,
     | ^^^^^^^^^^^^^^^^^^^^^
> 11 |   fetchProductDetailsServer,
     | ^^^^^^^^^^^^^^^^^^^^^^^^^^^^
> 12 |   fetchSearchServer,
     | ^^^^^^^^^^^^^^^^^^^^
> 13 |   filterCatalog,
     | ^^^^^^^^^^^^^^^^
> 14 |   findBrand,
     | ^^^^^^^^^^^^
> 15 |   findCategory,
     | ^^^^^^^^^^^^^^^
> 16 |   type CatalogProduct,
     | ^^^^^^^^^^^^^^^^^^^^^^
> 17 | } from '@/lib/productCatalog'
     | ^^^^^^^^^^^^^^^^^^^^^^^^^^^^^
  18 | import type { PageResponse, BrandResponseDTO, CategoryResponseDTO } from '@/lib/types'
  19 |
  20 | export const metadata: Metadata = {

Import map: aliased to relative './lib/productCatalog' inside of [project]/

https://nextjs.org/docs/messages/module-not-found 
[browser] ./app/admin/products/page.tsx:7:1
Error: Module not found: Can't resolve '@/lib/productCatalog'
   5 | import { FaArrowLeft, FaPen, FaMagnifyingGlass, FaTrashCan, FaStar, FaPlus, FaXmark, FaFil...
   6 | import { apiClient, formatINR } from '@/lib/apiClient'
>  7 | import { fetchCatalogClient, type CatalogProduct } from '@/lib/productCatalog'
     | ^^^^^^^^^^^^^^^^^^^^^^^^^^^^^^^^^^^^^^^^^^^^^^^^^^^^^^^^^^^^^^^^^^^^^^^^^^^^^^
   8 | import { CompanyFilter, CompanyOption } from '@/components/admin/company-filter'
   9 | import { getAllProductDrafts } from '@/lib/draftService'
  10 |

Import map: aliased to relative './lib/productCatalog' inside of [project]/

Import traces:
  Client Component Browser:
    ./app/admin/products/page.tsx [Client Component Browser]
    ./app/admin/products/page.tsx [Server Component]

  Client Component SSR:
    ./app/admin/products/page.tsx [Client Component SSR]
    ./app/admin/products/page.tsx [Server Component]

https://nextjs.org/docs/messages/module-not-found 
[browser] Uncaught Error: ./lib/apiClient.ts:4:1
Error: Module not found: Can't resolve './productCatalogSync'
  2 | import Cookies from 'js-cookie'
  3 | import imageCompression from 'browser-image-compression'
> 4 | import { isProductMutation, notifyProductCatalogChanged } from './productCatalogSync'
    | ^^^^^^^^^^^^^^^^^^^^^^^^^^^^^^^^^^^^^^^^^^^^^^^^^^^^^^^^^^^^^^^^^^^^^^^^^^^^^^^^^^^^^
  5 | import {
  6 |   ApiResponse, PageResponse,
  7 |   StaffLoginRequestDTO, AuthResponseDTO, RefreshTokenRequestDTO,



Import traces:
  #1 [Server Component]:
    ./lib/apiClient.ts
    ./app/shop/page.tsx

  #2 [Client Component Browser]:
    ./lib/apiClient.ts [Client Component Browser]
    ./components/header.tsx [Client Component Browser]
    ./components/header.tsx [Server Component]
    ./app/layout.tsx [Server Component]

  #3 [Client Component Browser]:
    ./lib/apiClient.ts [Client Component Browser]
    ./components/shop/filter-sidebar.tsx [Client Component Browser]
    ./components/shop/filter-sidebar.tsx [Server Component]
    ./app/shop/page.tsx [Server Component]

  #4 [Client Component SSR]:
    ./lib/apiClient.ts [Client Component SSR]
    ./components/header.tsx [Client Component SSR]
    ./components/header.tsx [Server Component]
    ./app/layout.tsx [Server Component]

  #5 [Client Component SSR]:
    ./lib/apiClient.ts [Client Component SSR]
    ./components/shop/filter-sidebar.tsx [Client Component SSR]
    ./components/shop/filter-sidebar.tsx [Server Component]
    ./app/shop/page.tsx [Server Component]

https://nextjs.org/docs/messages/module-not-found


    at <unknown> (Error: ./lib/apiClient.ts:4:1)
    at <unknown> (https://nextjs.org/docs/messages/module-not-found)
    at <unknown> (Error: (./lib/apiClient.ts:4:1)
    at <unknown> (https://nextjs.org/docs/messages/module-not-found)
 GET /admin/products 200 in 2.4s (next.js: 1008ms, application-code: 1407ms)
